{"type":"FeatureCollection","name":"lgm-lowstand-v1","features":[{"type":"Feature","properties":{"footprintId":"north-sea","title":"Southern and central North Sea (Doggerland)","bounds":[-6.0,49.0,12.0,62.0],"crossesAntimeridian":false,"crops":["north-sea"],"exposedShelfSquareKilometres":695746.7,"lgmLandSquareKilometres":1397480.1},"geometry":{"type":"MultiPolygon","coordinates":[[[[-6.0,51.7],[-6.0,54.0776],[-5.8424,54.2481],[-5.6267,54.2822],[-5.5889,54.3582],[-5.6805,54.3748],[-5.67,54.477],[-5.7031,54.5719],[-5.549,54.5208],[-5.5021,54.4668],[-5.4945,54.4997],[-5.5958,54.6507],[-5.7367,54.6594],[-5.9022,54.6193],[-5.903,54.6918],[-5.7351,54.7621],[-5.7402,54.8121],[-6.0,55.0167],[-6.0,55.2],[-5.9333,55.1],[-5.8833,55.1],[-5.8667,55.05],[-5.7167,54.9667],[-5.6833,54.9],[-5.4833,54.8167],[-5.4167,54.7167],[-5.3667,54.7],[-5.3667,54.6667],[-5.3167,54.65],[-5.3333,54.6],[-5.2833,54.5667],[-5.3333,54.55],[-5.3333,54.5],[-5.3,54.4667],[-5.25,54.5],[-5.25,54.4167],[-5.1833,54.3833],[-5.1833,54.2833],[-5.1167,54.25],[-5.1333,54.1833],[-5.25,54.0833],[-5.1333,54.1167],[-5.05,54.2],[-4.9833,54.3],[-4.9833,54.35],[-4.95,54.3667],[-4.9833,54.4333],[-4.9667,54.5],[-5.0,54.5333],[-4.9,54.5667],[-5.0667,54.6333],[-5.1167,54.7333],[-5.2667,54.8833],[-5.3,54.8833],[-5.3,54.9167],[-5.3333,54.9167],[-5.35,55.0167],[-5.4,54.9833],[-5.4667,55.0],[-5.4833,55.05],[-5.55,55.0333],[-5.5667,55.1],[-5.6833,55.1],[-5.7167,55.1333],[-5.7167,55.1833],[-5.6833,55.1667],[-5.6833,55.2],[-5.75,55.2667],[-5.8,55.2667],[-5.85,55.3167],[-5.8833,55.3],[-5.9,55.3333],[-5.9333,55.3333],[-5.9167,55.3],[-6.0,55.3167],[-6.0,55.8179],[-5.8191,56.011],[-5.7584,56.1061],[-5.9198,56.0367],[-5.948,56.0008],[-5.8653,55.9762],[-6.0,55.9251],[-6.0,56.3272],[-5.8005,56.3551],[-5.7855,56.4843],[-5.9614,56.5224],[-6.0,56.5575],[-6.0,56.7042],[-5.9495,56.7029],[-5.9149,56.6122],[-5.851,56.5733],[-5.6583,56.546],[-5.143,56.7837],[-5.2898,56.6142],[-5.3069,56.5501],[-5.3702,56.5084],[-5.5115,56.2484],[-5.5319,56.1318],[-5.5859,56.0526],[-5.5988,55.8173],[-5.4908,55.8262],[-5.4787,55.7998],[-5.6584,55.6203],[-5.7441,55.3937],[-5.7174,55.3466],[-5.632,55.3433],[-5.5789,55.3942],[-5.4093,55.7726],[-5.4327,56.0007],[-5.0996,56.2078],[-4.902,56.2744],[-5.1566,56.1094],[-5.2235,55.9991],[-5.2207,55.9282],[-5.1361,55.9517],[-5.112,55.9982],[-4.9464,56.0365],[-4.8372,56.1597],[-4.7572,56.1931],[-4.8196,56.0571],[-4.4942,55.9246],[-4.7973,55.9266],[-4.8484,55.8703],[-4.8679,55.7044],[-4.7045,55.6061],[-4.6526,55.4998],[-4.943,55.1444],[-5.043,54.9666],[-5.1486,54.9797],[-5.1137,54.8632],[-5.0133,54.7696],[-4.9276,54.7187],[-4.8722,54.8326],[-4.8226,54.8633],[-4.5181,54.7731],[-4.2536,54.8612],[-4.1261,54.7941],[-3.9646,54.7949],[-3.5619,54.9597],[-3.0769,54.9754],[-2.9645,54.9532],[-3.2538,54.8951],[-3.4435,54.7664],[-3.5677,54.563],[-3.5464,54.4719],[-3.3025,54.2373],[-3.1547,54.1411],[-2.8501,54.1917],[-2.8223,54.1365],[-2.8788,53.9528],[-3.0048,53.8984],[-3.009,53.7798],[-2.8911,53.7394],[-3.0359,53.5829],[-3.0406,53.5154],[-2.8981,53.3611],[-2.6986,53.304],[-2.9342,53.2945],[-3.0721,53.409],[-3.1375,53.3882],[-3.0567,53.2285],[-3.3322,53.3332],[-3.4206,53.3276],[-3.6453,53.2842],[-3.8016,53.2898],[-4.2518,53.1349],[-4.3866,53.0049],[-4.6188,52.8832],[-4.6586,52.822],[-4.3647,52.9102],[-4.0736,52.9296],[-4.0935,52.8229],[-4.0142,52.7033],[-4.0547,52.6095],[-4.0294,52.5678],[-3.9457,52.5483],[-4.2005,52.268],[-4.3702,52.1858],[-5.1652,51.9407],[-5.2283,51.8851],[-5.1812,51.8708],[-5.1434,51.8103],[-5.1445,51.745],[-4.9014,51.6419],[-4.6118,51.7499],[-4.3742,51.754],[-4.2672,51.6952],[-4.0324,51.6666],[-4.1937,51.5817],[-3.8811,51.6043],[-3.5503,51.4264],[-3.2961,51.4043],[-2.9895,51.551],[-2.7548,51.593],[-2.3481,51.788],[-2.8613,51.3982],[-3.0236,51.2397],[-3.1259,51.1923],[-3.8406,51.2174],[-4.1683,51.1801],[-4.278,51.0167],[-4.5019,50.9676],[-4.5614,50.77],[-4.8755,50.5227],[-4.9848,50.4873],[-5.3284,50.2347],[-5.5557,50.1858],[-5.6323,50.1275],[-5.6174,50.0703],[-5.4337,50.1186],[-5.3093,50.0946],[-5.2174,50.0366],[-5.1361,50.0495],[-5.0266,50.1702],[-4.7393,50.3024],[-4.2037,50.4081],[-3.7857,50.2436],[-3.6939,50.2523],[-3.6061,50.3277],[-3.5081,50.5525],[-3.4212,50.6433],[-2.8993,50.7361],[-2.4435,50.6147],[-2.3509,50.6512],[-2.0097,50.6203],[-1.9917,50.6303],[-2.0631,50.7409],[-1.6039,50.7464],[-1.3664,50.8245],[-1.4821,50.9319],[-0.8633,50.7858],[-0.2017,50.8279],[0.2048,50.7769],[0.6714,50.8972],[0.7635,50.9479],[0.9415,50.9402],[1.0262,51.0568],[1.3743,51.1867],[1.3912,51.3548],[0.8866,51.346],[0.676,51.3741],[0.5274,51.4701],[0.317,51.4365],[0.4956,51.513],[0.8704,51.58],[0.9024,51.6459],[0.8792,51.6796],[0.7049,51.7276],[0.9507,51.8225],[1.1001,51.7996],[1.2505,51.8515],[1.211,51.9837],[1.3171,51.9734],[1.5395,52.0947],[1.7227,52.4706],[1.6931,52.6734],[1.637,52.7456],[1.2627,52.9119],[1.0534,52.9453],[0.5709,52.9542],[0.3967,52.8142],[0.2731,52.7947],[0.0133,52.9024],[0.2779,53.0887],[0.3306,53.1609],[0.2489,53.3301],[0.1097,53.4597],[-0.3033,53.6789],[-0.7786,53.7301],[-0.2625,53.7513],[-0.0638,53.6563],[0.0576,53.6496],[-0.1913,53.9372],[-0.2308,54.0231],[-0.1202,54.1177],[-0.389,54.2708],[-0.6881,54.4942],[-1.1691,54.6436],[-1.2524,54.6961],[-1.4457,55.0229],[-1.6763,55.5635],[-2.1625,55.8922],[-2.6047,56.0138],[-2.8295,56.0128],[-3.0471,55.938],[-3.6156,56.0031],[-3.8859,56.1347],[-3.6859,56.0759],[-3.3651,56.0413],[-3.1936,56.0905],[-2.9904,56.2072],[-2.7779,56.2153],[-2.6963,56.2601],[-2.6792,56.3115],[-2.891,56.3837],[-3.4276,56.3527],[-3.0559,56.4621],[-2.784,56.4957],[-2.6108,56.5704],[-2.2813,56.8699],[-2.112,57.107],[-2.0426,57.2639],[-1.804,57.4781],[-1.8879,57.6053],[-2.0761,57.6883],[-3.0327,57.6587],[-3.3983,57.6948],[-3.86,57.5876],[-4.1676,57.5634],[-4.0994,57.6842],[-3.888,57.8148],[-4.0625,57.8409],[-4.0099,57.9674],[-3.2292,58.331],[-3.1354,58.4134],[-3.1338,58.5177],[-3.073,58.6227],[-3.2572,58.6363],[-4.444,58.4967],[-4.503,58.5527],[-4.7269,58.4952],[-4.82,58.5604],[-4.9995,58.5567],[-5.0438,58.5154],[-5.066,58.3842],[-4.978,58.2553],[-5.32,58.2279],[-5.328,58.1402],[-5.3871,58.0694],[-5.1141,57.8597],[-5.3059,57.8905],[-5.3364,57.8644],[-5.5946,57.8677],[-5.6438,57.8179],[-5.7188,57.6464],[-5.663,57.5824],[-5.5201,57.5457],[-5.7408,57.489],[-5.7935,57.4357],[-5.774,57.3876],[-5.6369,57.3433],[-5.5372,57.2359],[-5.5683,57.0979],[-5.7185,56.9511],[-5.8322,56.9078],[-5.6917,56.8545],[-5.8669,56.767],[-6.0,56.7537],[-6.0,57.1214],[-5.992,57.0607],[-5.9584,57.0585],[-5.693,57.2298],[-5.7142,57.2552],[-6.0,57.2625],[-6.0,57.4],[-5.95,57.4167],[-5.95,57.3667],[-5.9167,57.35],[-5.85,57.4],[-5.85,57.4333],[-5.9167,57.45],[-5.8833,57.6],[-5.85,57.6167],[-5.8833,57.6333],[-5.85,57.7167],[-5.9,57.7167],[-5.8833,57.9333],[-5.95,57.9167],[-6.0,57.8333],[-6.0,58.2],[-5.9667,58.2167],[-5.9667,58.25],[-6.0,58.25],[-6.0,59.3333],[-5.8,59.35],[-5.7667,59.4167],[-5.8167,59.45],[-5.6667,59.45],[-5.6667,59.4833],[-5.7833,59.4833],[-5.7833,59.5667],[-5.75,59.5833],[-5.7833,59.6167],[-5.5333,59.6667],[-5.4,59.65],[-5.3333,59.6167],[-5.35,59.5833],[-5.25,59.5333],[-5.1667,59.4333],[-5.1167,59.3167],[-5.2,59.2833],[-5.2,59.25],[-5.0333,59.25],[-4.95,59.3167],[-4.9667,59.35],[-4.9167,59.4],[-4.6667,59.5333],[-4.6833,59.5833],[-4.7833,59.6],[-4.7833,59.65],[-4.9667,59.65],[-4.9833,59.7333],[-4.7333,59.7333],[-4.7333,59.8833],[-4.5667,59.85],[-4.6,59.8],[-4.45,59.8],[-4.3,59.9167],[-4.15,59.9667],[-4.1,60.0167],[-4.0,60.0333],[-4.1167,59.9333],[-4.2,59.9167],[-4.1833,59.8833],[-4.2333,59.85],[-4.0667,59.8833],[-4.1,59.8],[-4.0333,59.8167],[-4.0333,59.7833],[-4.1,59.7833],[-4.1,59.7333],[-3.9833,59.7333],[-3.9833,59.7833],[-4.0167,59.8],[-3.9833,59.8333],[-3.8667,59.8333],[-3.9167,59.7667],[-3.8,59.7333],[-3.7833,59.7],[-3.8667,59.7167],[-3.9,59.6333],[-3.9833,59.5833],[-4.0,59.5167],[-4.0333,59.5167],[-4.05,59.45],[-4.1167,59.4167],[-4.0,59.4167],[-4.0,59.35],[-3.9333,59.3],[-3.9833,59.2833],[-3.9833,59.2167],[-3.8333,59.2],[-3.8167,59.1333],[-3.7333,59.05],[-3.7,59.15],[-3.7167,59.2333],[-3.6667,59.2833],[-3.5667,59.3333],[-3.35,59.3333],[-3.35,59.3667],[-3.4,59.3667],[-3.35,59.4167],[-3.4667,59.4],[-3.5333,59.45],[-3.5,59.5],[-3.4167,59.5333],[-3.5,59.5667],[-3.45,59.5667],[-3.3667,59.65],[-3.35,59.7333],[-3.5333,59.6333],[-3.6667,59.6167],[-3.7,59.5667],[-3.7167,59.6],[-3.6833,59.6833],[-3.7333,59.7167],[-3.6333,59.7],[-3.6167,59.75],[-3.7167,59.7833],[-3.5667,59.7833],[-3.5667,59.8167],[-3.65,59.8667],[-3.7667,59.8667],[-3.8167,59.8333],[-3.8333,59.8833],[-3.65,59.9],[-3.5333,59.8333],[-3.55,59.7833],[-3.5167,59.7667],[-3.4833,59.7833],[-3.5,59.8333],[-3.4333,59.8333],[-3.3,59.9333],[-3.25,59.9333],[-3.2667,59.9667],[-3.0333,60.0167],[-3.0333,60.0667],[-2.9333,60.0833],[-2.95,60.1167],[-2.85,60.1333],[-2.6333,60.2667],[-2.5333,60.2667],[-2.5667,60.3167],[-2.3833,60.3333],[-2.4,60.3667],[-2.35,60.3833],[-2.35,60.35],[-2.3167,60.3667],[-2.25,60.3333],[-2.2667,60.3],[-2.1833,60.2833],[-2.15,60.35],[-2.2333,60.35],[-2.2333,60.3833],[-2.1167,60.3833],[-2.1333,60.5167],[-1.9833,60.55],[-2.05,60.5167],[-2.0333,60.4667],[-1.8833,60.4667],[-1.9667,60.5167],[-1.9,60.5667],[-1.9,60.6],[-2.0167,60.65],[-1.95,60.6667],[-1.8833,60.65],[-1.8667,60.6167],[-1.8,60.6167],[-1.8,60.65],[-1.7167,60.7],[-1.7667,60.7667],[-2.1167,60.7333],[-2.0667,60.7667],[-2.1167,60.8],[-2.1167,60.8333],[-2.0333,60.85],[-2.0333,60.8833],[-1.9167,60.8833],[-1.9,60.8333],[-1.85,60.8167],[-1.7833,60.8167],[-1.7667,60.8667],[-1.7167,60.8167],[-1.5833,60.8],[-1.55,60.8667],[-1.5833,60.9167],[-1.55,60.9333],[-1.3833,60.9667],[-1.3667,60.9167],[-1.3,60.9167],[-1.1333,61.0],[-0.9167,60.9833],[-0.8333,61.0167],[-0.6667,61.0167],[-0.65,60.9833],[-0.6833,60.9667],[-0.5,60.9167],[-0.4167,60.8333],[-0.4167,60.8],[-0.4833,60.7667],[-0.5167,60.7],[-0.5833,60.7],[-0.5667,60.75],[-0.6,60.7667],[-0.6167,60.6833],[-0.5667,60.65],[-0.6167,60.65],[-0.6833,60.55],[-0.6833,60.4667],[-0.6,60.3833],[-0.65,60.2833],[-0.5833,60.3],[-0.5167,60.3667],[-0.5167,60.5],[-0.3667,60.6667],[-0.3,60.7],[-0.35,60.7333],[-0.2,60.7833],[-0.2,60.8167],[-0.35,60.8667],[-0.25,60.8667],[-0.15,60.8],[0.0667,60.75],[0.0333,60.7],[0.1167,60.6333],[0.0833,60.6167],[0.1,60.4667],[-0.1167,60.4667],[-0.1167,60.4167],[-0.1833,60.3833],[-0.1833,60.3167],[-0.2333,60.3333],[-0.4,60.2167],[-0.4333,60.2167],[-0.4167,60.25],[-0.4667,60.25],[-0.45,60.1833],[-0.4833,60.1167],[-0.45,60.0833],[-0.5333,60.0833],[-0.6,60.2],[-0.65,60.2],[-0.65,60.15],[-0.6833,60.15],[-0.6667,60.1167],[-0.7,60.1167],[-0.7167,60.0667],[-0.6333,60.0667],[-0.6333,60.0333],[-0.75,59.9833],[-0.8,60.0167],[-0.8667,59.9833],[-0.8667,59.95],[-0.8333,59.95],[-0.8333,59.85],[-0.9,59.85],[-0.9667,59.7833],[-1.0667,59.75],[-1.0833,59.7167],[-1.0,59.75],[-0.9833,59.7167],[-1.0333,59.7167],[-1.0333,59.6667],[-1.1333,59.6],[-1.1,59.55],[-1.1333,59.5167],[-1.1167,59.45],[-1.1833,59.4333],[-1.1833,59.3667],[-1.15,59.3667],[-1.1333,59.3],[-1.1167,59.35],[-1.0833,59.3333],[-1.05,59.3667],[-0.9667,59.35],[-1.0,59.2833],[-1.0167,59.3333],[-1.0833,59.3],[-1.0333,59.2833],[-1.0333,59.2],[-1.0667,59.15],[-1.1167,59.1667],[-1.1167,59.0667],[-1.1833,59.0667],[-1.2,59.0167],[-1.1667,58.95],[-1.1333,58.9833],[-1.0333,58.9667],[-1.0,58.85],[-0.9833,58.8833],[-0.95,58.8667],[-0.9833,58.8333],[-0.9667,58.75],[-0.95,58.8333],[-0.9,58.8167],[-0.8667,58.7667],[-0.8667,58.7167],[-0.9,58.7167],[-0.9,58.6333],[-0.85,58.6333],[-0.8333,58.6],[-0.8333,58.55],[-0.8667,58.55],[-0.8333,58.4833],[-0.8,58.5],[-0.75,58.4333],[-0.6333,58.4],[-0.6333,58.3667],[-0.5667,58.3833],[-0.5667,58.35],[-0.4833,58.3167],[-0.3833,58.1833],[-0.3333,58.1833],[-0.3333,58.2833],[-0.2667,58.3833],[-0.2333,58.3],[-0.2833,58.2667],[-0.3,58.1667],[-0.35,58.15],[-0.35,58.1],[-0.2833,58.0333],[-0.15,58.0333],[-0.15,57.9833],[-0.0833,57.9833],[-0.05,58.0333],[-0.0167,58.0],[-0.05,57.9833],[-0.0333,57.95],[0.0833,57.9667],[0.1,57.8833],[0.1833,57.9167],[0.1833,57.7833],[0.1333,57.75],[0.2667,57.8],[0.35,57.7833],[0.3833,57.8833],[0.4833,57.9],[0.5167,57.8833],[0.5,57.85],[0.6833,57.8],[0.75,57.7167],[0.8833,57.6833],[0.9333,57.8],[1.0333,57.8833],[1.35,58.0167],[1.35,58.2333],[1.3167,58.2833],[1.3833,58.3],[1.4,58.35],[1.4667,58.3667],[1.5167,58.4333],[1.6167,58.4833],[1.6167,58.6167],[1.3667,58.6167],[1.35,58.65],[0.9,58.6333],[0.8833,58.7167],[0.9333,58.7167],[0.9833,58.8],[0.9333,58.7833],[0.9333,58.8167],[0.8667,58.85],[0.9333,58.8667],[1.0167,58.8333],[0.95,58.8833],[0.95,58.9333],[1.0833,58.9333],[1.1333,58.9667],[1.2333,58.9667],[1.3,58.9167],[1.45,58.9333],[1.3667,58.9],[1.3667,58.8667],[1.4167,58.8667],[1.4667,58.9],[1.5833,58.9],[1.6,58.9833],[1.4,59.05],[1.3167,59.0333],[1.2667,59.05],[1.2667,59.0833],[1.1333,59.0833],[1.1,59.05],[1.0167,59.0833],[1.0333,59.05],[0.9667,59.0],[0.95,59.05],[0.8833,59.05],[0.8333,59.1],[0.8833,59.1333],[0.85,59.1667],[0.85,59.2833],[0.9,59.3333],[0.8667,59.35],[0.9,59.4],[0.8667,59.3833],[0.85,59.4167],[0.7833,59.4333],[0.7333,59.3667],[0.65,59.45],[0.6,59.4167],[0.55,59.4333],[0.5333,59.4833],[0.65,59.5],[0.6833,59.4667],[0.7,59.5],[0.8333,59.5167],[0.8,59.55],[0.8,59.6333],[0.85,59.65],[0.85,59.6833],[0.7833,59.6667],[0.75,59.7167],[0.8167,59.85],[0.8667,59.8667],[0.9,59.9333],[0.95,59.9333],[0.95,60.0],[1.05,60.0],[1.0667,59.9333],[1.1,59.9667],[1.0667,60.0333],[1.1,60.0333],[1.15,59.9833],[1.15,59.8833],[1.1167,59.9],[1.05,59.8667],[1.0167,59.8],[0.8833,59.7167],[0.9,59.6833],[0.95,59.7],[1.0333,59.8],[1.0833,59.8],[1.0833,59.75],[1.1667,59.75],[1.2167,59.7833],[1.2167,59.8833],[1.2667,59.9667],[1.25,60.0333],[1.2833,60.05],[1.3,60.1167],[1.3667,60.15],[1.3833,60.2333],[1.4167,60.2333],[1.4167,60.2667],[1.55,60.4],[1.6,60.5167],[1.7167,60.5167],[1.7,60.4833],[1.7667,60.4667],[1.7833,60.5833],[1.95,60.5667],[2.05,60.5],[2.2667,60.5333],[2.3,60.5833],[2.3667,60.5833],[2.4,60.6667],[2.65,60.7667],[2.6667,60.7167],[2.6833,60.75],[2.7333,60.75],[2.8667,60.65],[3.0,60.5167],[3.05,60.4167],[3.05,60.3333],[3.0167,60.3],[3.0333,60.15],[2.9833,60.0167],[3.05,59.7833],[3.05,59.65],[2.9833,59.5667],[2.8333,59.5333],[2.85,59.4833],[2.9667,59.4333],[3.0167,59.35],[2.9833,59.1833],[2.8667,59.0833],[2.8167,59.0833],[2.8,59.1333],[2.75,59.15],[2.7333,59.25],[2.6833,59.2667],[2.7333,59.3667],[2.6667,59.4],[2.6333,59.4833],[2.65,59.5667],[2.5833,59.5667],[2.6,59.6],[2.55,59.6333],[2.55,59.6],[2.4,59.6167],[2.4,59.5667],[2.35,59.55],[2.2667,59.6667],[2.2833,59.7],[2.25,59.7],[2.25,59.6167],[2.3,59.5833],[2.3,59.55],[2.15,59.55],[2.0833,59.5833],[2.1,59.6167],[2.05,59.6],[2.0,59.6333],[2.0333,59.55],[2.1667,59.5167],[2.1333,59.4833],[2.0833,59.4833],[2.0833,59.5167],[1.9667,59.5167],[2.0167,59.55],[2.0167,59.5833],[1.9667,59.6],[1.9667,59.65],[1.9,59.6333],[1.8833,59.6833],[1.7167,59.75],[1.55,59.7],[1.5333,59.6667],[1.6333,59.6333],[1.6333,59.6],[1.7167,59.6333],[1.75,59.55],[1.8167,59.55],[1.7667,59.5333],[1.8,59.5167],[1.8,59.4667],[1.7667,59.45],[1.7833,59.3833],[1.8167,59.4333],[1.8333,59.4],[1.9,59.3833],[1.95,59.2833],[2.0,59.3167],[1.9833,59.3667],[2.0167,59.3333],[2.05,59.35],[2.0833,59.25],[2.2,59.2167],[2.2833,59.15],[2.3667,59.15],[2.4167,59.05],[2.4667,59.0167],[2.5333,59.0333],[2.5333,58.9833],[2.6667,58.9833],[2.7333,59.0167],[2.7167,59.0667],[2.8,59.0667],[2.75,59.0333],[2.7667,58.9833],[2.65,58.95],[2.65,58.9167],[2.7833,58.9],[2.8333,58.85],[2.9,58.8333],[3.0333,58.9],[3.1833,58.9167],[3.3,58.8833],[3.35,58.8333],[3.5,58.8],[3.4833,58.7333],[3.5167,58.6333],[3.5667,58.6167],[3.5667,58.55],[3.6333,58.55],[3.5833,58.5],[3.6167,58.4667],[3.5833,58.4],[3.65,58.4],[3.6167,58.2667],[3.6667,58.2667],[3.8,58.35],[3.8833,58.35],[3.85,58.2667],[3.9167,58.25],[3.9167,58.2167],[3.9667,58.2667],[3.9833,58.2],[4.0333,58.2],[4.0167,58.15],[4.5333,58.1],[4.95,58.0167],[5.1333,57.9167],[5.5167,57.8],[5.5333,57.75],[5.4333,57.7667],[5.3667,57.75],[5.4667,57.7],[5.7333,57.65],[5.7667,57.6333],[5.75,57.6],[5.8,57.5833],[6.65,57.5],[6.75,57.4833],[6.75,57.4333],[6.8333,57.4167],[6.8833,57.4167],[6.9,57.45],[7.2,57.45],[7.25,57.4],[7.2833,57.4],[7.2833,57.4333],[7.4,57.4167],[7.3833,57.45],[7.65,57.4167],[8.05,57.45],[8.2667,57.5333],[8.3833,57.5333],[8.7833,57.65],[8.95,57.7667],[9.1833,57.7667],[9.2667,57.8333],[9.65,57.9167],[9.75,57.9833],[9.95,58.0],[9.9833,58.0333],[10.0833,58.0167],[10.4833,58.0667],[10.5333,58.0333],[10.6,57.8667],[10.9667,57.9],[10.9667,57.9333],[11.0667,58.0333],[11.1167,58.0167],[11.15,58.0333],[11.0167,58.1667],[10.9667,58.2833],[10.9167,58.3],[10.9333,58.35],[10.8667,58.3833],[10.7,58.6167],[10.5833,58.65],[10.5833,58.7],[10.5167,58.75],[10.5167,58.7833],[10.6667,58.8667],[10.6667,58.9167],[10.7,58.9167],[10.7333,59.0167],[10.8333,59.0333],[10.8167,59.0833],[10.6667,59.0167],[10.55,59.0333],[10.5,58.9833],[10.4167,58.9833],[10.4333,58.95],[10.1,58.9333],[10.0,58.8667],[9.7667,58.9833],[9.75,58.95],[9.7833,58.8833],[9.75,58.85],[9.65,58.85],[9.65,58.8167],[9.55,58.8],[9.5,58.75],[9.2,58.6167],[9.05,58.4833],[8.9667,58.4667],[8.9333,58.4167],[8.8667,58.4],[8.7667,58.3167],[8.6833,58.3],[8.6333,58.2333],[8.6,58.25],[8.5833,58.2],[8.5333,58.2],[8.4,58.1167],[8.3167,58.1167],[8.2667,58.0667],[8.0833,58.0667],[8.0833,58.0167],[7.8667,58.0333],[7.85,58.0],[7.5833,57.95],[7.4833,57.95],[7.4833,57.9833],[7.4333,57.95],[7.3333,57.95],[7.25,58.0],[7.25,57.9333],[7.1333,57.9333],[7.1167,57.9667],[6.9333,57.95],[6.95,58.0167],[6.8167,57.9833],[6.65,58.0333],[6.5,58.1333],[6.6076,58.15],[6.5834,58.1247],[6.6052,58.1087],[6.7283,58.0833],[6.7923,58.1686],[6.8826,58.164],[6.944,58.1503],[6.9247,58.0781],[7.0109,58.0388],[7.1936,58.0614],[7.465,58.0347],[7.8652,58.0924],[8.0299,58.1609],[8.1568,58.1589],[8.5056,58.3109],[8.9121,58.5799],[9.365,58.8044],[9.2716,58.8601],[9.6047,58.9576],[9.6681,59.0092],[9.5091,59.1231],[9.6436,59.1319],[9.8208,59.0345],[9.8586,58.9735],[9.9492,58.981],[10.078,59.0442],[10.1675,59.026],[10.4083,59.2836],[10.4235,59.4353],[10.3844,59.4473],[10.373,59.5281],[10.5439,59.5914],[10.509,59.6978],[10.6137,59.815],[10.6675,59.3941],[10.851,59.1958],[11.385,59.1154],[11.4101,59.0679],[11.4142,59.0038],[11.2873,59.0725],[11.2116,59.066],[11.1714,58.9886],[11.2315,58.8693],[11.2957,58.4751],[11.2733,58.3864],[11.3348,58.3949],[11.4548,58.3472],[11.4729,58.1217],[11.566,58.0123],[11.7259,57.9832],[11.7577,57.7265],[11.9017,57.6882],[11.9402,57.525],[11.9777,57.4443],[12.0,57.4494],[12.0,56.0152],[11.8999,55.9667],[11.9588,55.8972],[11.9449,55.8218],[11.8364,55.6821],[11.6678,55.7206],[11.6713,55.9038],[11.6176,55.9423],[11.4942,55.9315],[11.4881,55.8759],[11.3394,55.7426],[11.0063,55.7139],[11.0294,55.6541],[11.1451,55.6062],[11.151,55.5389],[11.214,55.4683],[11.195,55.3315],[11.3038,55.2146],[11.6732,55.1981],[11.7647,54.9185],[11.8741,54.7898],[12.0,54.8184],[12.0,54.1466],[11.7158,54.1029],[11.4017,53.9297],[11.1014,53.9954],[10.836,53.9995],[10.7828,54.0788],[10.9878,54.1886],[11.0395,54.2807],[10.9961,54.3645],[10.7303,54.3011],[10.358,54.4235],[10.2016,54.3925],[10.1281,54.474],[9.8057,54.4552],[10.0047,54.5855],[9.9986,54.6699],[9.8783,54.769],[9.7251,54.7968],[9.6806,54.9296],[9.7053,54.9658],[9.6705,54.991],[9.5676,55.027],[9.4191,55.0258],[9.6465,55.2666],[9.5656,55.4955],[9.8843,55.7185],[9.9958,55.7606],[9.8622,55.8459],[10.012,55.8897],[10.161,55.8723],[10.2969,56.219],[10.3567,56.2611],[10.4301,56.2951],[10.5497,56.2141],[10.6148,56.2155],[10.8358,56.3031],[10.8714,56.3626],[10.9011,56.4415],[10.8338,56.5082],[10.484,56.507],[10.2585,56.6157],[10.2726,57.0052],[10.5001,57.2473],[10.5124,57.4466],[10.4199,57.5603],[10.4598,57.6554],[10.5417,57.7221],[10.2693,57.6045],[9.9755,57.5688],[9.5727,57.2236],[9.4458,57.1625],[8.6294,57.0977],[8.4464,56.9765],[8.2902,56.8136],[8.2919,56.7599],[8.4693,56.6806],[8.7544,56.7374],[8.9756,57.0267],[9.1102,57.0582],[9.2808,57.0205],[9.2152,56.6606],[9.0616,56.7776],[9.0062,56.763],[8.7589,56.622],[8.7412,56.5401],[8.6815,56.4776],[8.5393,56.5476],[8.1866,56.5966],[8.1454,56.1416],[8.2267,55.9833],[8.1571,55.6061],[8.637,55.4268],[8.6947,55.1467],[8.6043,55.1267],[8.6851,54.9878],[8.7057,54.7961],[8.9814,54.5427],[8.9751,54.4597],[8.6673,54.3868],[8.6647,54.3085],[8.7764,54.328],[8.9305,54.2655],[8.9274,54.0021],[8.9931,53.9371],[9.3286,53.8692],[9.6475,53.6106],[9.8949,53.5299],[9.5682,53.5908],[9.3051,53.8036],[9.1998,53.842],[8.8962,53.822],[8.6294,53.8596],[8.5516,53.7774],[8.5303,53.6711],[8.5626,53.5569],[8.5013,53.3264],[8.4728,53.3275],[8.4689,53.5104],[8.3371,53.5873],[8.2652,53.436],[8.1991,53.4168],[8.0787,53.4628],[8.1403,53.5424],[7.9956,53.6775],[7.6298,53.6838],[7.2927,53.6682],[7.224,53.6448],[7.1295,53.552],[7.0784,53.3813],[7.2451,53.2621],[6.9516,53.317],[6.8055,53.4274],[6.0663,53.3937],[5.5471,53.258],[5.4664,53.2068],[5.378,53.0881],[5.0744,52.9493],[4.8861,52.8925],[4.7815,52.9247],[4.7015,52.8066],[4.5852,52.4392],[4.5047,52.3038],[4.0481,51.9225],[3.9748,51.8122],[4.2215,51.5998],[4.0541,51.5862],[4.2557,51.5146],[4.3093,51.4649],[4.1331,51.4421],[3.8749,51.562],[3.7415,51.5824],[3.5544,51.5758],[3.479,51.5405],[3.5964,51.4671],[3.8244,51.424],[4.0091,51.4579],[4.2982,51.3882],[4.1092,51.3456],[4.0106,51.3802],[3.888,51.3404],[3.4308,51.3802],[2.9728,51.254],[2.4556,51.054],[1.9223,50.9781],[1.7825,50.9251],[1.6322,50.8148],[1.6032,50.7376],[1.5756,50.2972],[1.6231,50.2491],[1.4266,50.0804],[1.2594,49.9871],[0.6261,49.8505],[0.2067,49.6943],[0.1338,49.5576],[0.1502,49.5174],[0.2824,49.4771],[0.4805,49.4893],[0.4334,49.4371],[0.1477,49.3894],[-0.1623,49.2826],[-0.5247,49.3411],[-1.1521,49.374],[-1.2553,49.491],[-1.2831,49.6716],[-1.3672,49.6929],[-1.5869,49.6538],[-1.8371,49.6699],[-1.8465,49.5977],[-1.7909,49.4946],[-1.5594,49.206],[-1.5503,49.0],[-6.0,49.0],[-6.0,51.7]],[[-5.8167,51.6833],[-5.8167,51.65],[-5.7667,51.6833],[-5.7667,51.7667],[-5.8,51.75],[-5.8167,51.6833]],[[-5.3167,53.4],[-5.3667,53.3167],[-5.3333,53.1833],[-5.35,53.2333],[-5.3833,53.2333],[-5.3833,53.2833],[-5.45,53.2833],[-5.4667,53.2],[-5.4167,53.1667],[-5.3667,53.1833],[-5.3667,53.1167],[-5.3333,53.15],[-5.3333,53.1167],[-5.2667,53.1167],[-5.2667,53.0667],[-5.2,53.05],[-5.1833,53.1],[-5.2333,53.0833],[-5.2,53.1333],[-5.2167,53.2],[-5.2667,53.2],[-5.2833,53.2333],[-5.2833,53.3],[-5.2333,53.3167],[-5.2333,53.35],[-5.2833,53.4167],[-5.3167,53.4]],[[-5.15,53.1],[-5.1,53.0833],[-5.1167,53.2667],[-5.0667,53.3],[-5.1,53.35],[-5.15,53.3333],[-5.1167,53.3],[-5.15,53.2667],[-5.15,53.2],[-5.1833,53.1833],[-5.1833,53.1],[-5.15,53.1]],[[-5.7667,56.2167],[-5.8667,56.2],[-5.9,56.15],[-5.8333,56.15],[-5.85,56.1],[-5.8167,56.1],[-5.8,56.15],[-5.7667,56.15],[-5.7667,56.2167]],[[-5.2667,55.75],[-5.1,55.6833],[-4.9667,55.5833],[-5.0,55.65],[-5.1333,55.7],[-5.25,55.8167],[-5.2667,55.75]],[[-5.8333,55.85],[-5.8667,55.8],[-5.85,55.7167],[-5.8833,55.6833],[-5.8833,55.6167],[-5.85,55.7],[-5.7833,55.75],[-5.75,55.8833],[-5.8333,55.85]],[[0.3333,56.7],[0.3667,56.6833],[0.35,56.65],[0.3667,56.55],[0.3833,56.7],[0.3333,56.7]],[[0.7167,56.6833],[0.7167,56.6333],[0.65,56.5667],[0.6833,56.4667],[0.6833,56.5667],[0.7333,56.6167],[0.7167,56.6833]],[[-1.5667,60.05],[-1.5333,59.95],[-1.45,60.0],[-1.4667,60.0667],[-1.5667,60.05]],[[-1.1,58.7667],[-1.1167,58.7],[-1.1,58.7333],[-1.0167,58.7333],[-1.0167,58.6833],[-0.9667,58.7],[-0.9833,58.75],[-1.1167,58.7833],[-1.1,58.7667]],[[-2.0833,57.7833],[-1.8833,57.8],[-1.7333,57.85],[-2.2833,57.8],[-2.1167,57.7833],[-2.1667,57.75],[-2.1,57.75],[-2.0833,57.7833]],[[-2.2,57.75],[-2.2,57.7667],[-2.35,57.7667],[-2.1667,57.7333],[-2.2,57.75]],[[-5.65,58.1],[-5.5833,58.0167],[-5.5333,58.05],[-5.5833,58.1833],[-5.6667,58.1667],[-5.65,58.1]],[[-5.7833,58.6333],[-5.75,58.5167],[-5.6833,58.4833],[-5.5167,58.4833],[-5.6667,58.65],[-5.7333,58.6667],[-5.7833,58.6333]],[[-4.8167,59.25],[-4.7667,59.2833],[-4.7167,59.2667],[-4.65,59.2833],[-4.8167,59.3],[-4.8167,59.25]],[[-1.6333,58.3],[-1.5333,58.2667],[-1.4833,58.15],[-1.45,58.15],[-1.4667,58.25],[-1.6,58.35],[-1.6,58.4],[-1.6333,58.3]],[[-3.3,59.5667],[-3.35,59.55],[-3.2,59.55],[-3.1667,59.6],[-3.2,59.6167],[-3.3,59.5667]],[[-0.9833,60.4667],[-1.0167,60.4167],[-0.9167,60.4333],[-0.8667,60.5],[-0.9833,60.4667]],[[-1.6,60.3833],[-1.6167,60.3667],[-1.55,60.35],[-1.5,60.4],[-1.6,60.4167],[-1.6,60.3833]],[[-1.4833,60.7833],[-1.4167,60.7333],[-1.3333,60.8167],[-1.4667,60.8167],[-1.4833,60.7833]],[[-2.3833,49.8667],[-2.55,49.8167],[-2.3833,49.8167],[-2.1667,49.9],[-2.3833,49.8667]],[[10.6167,59.2333],[10.7333,59.1],[10.7,59.15],[10.7167,59.2],[10.6,59.2667],[10.6333,59.3833],[10.5333,59.4667],[10.5167,59.4333],[10.55,59.3667],[10.6,59.35],[10.55,59.3167],[10.55,59.25],[10.6167,59.2333]],[[11.0784,54.9281],[11.0598,54.7806],[11.4589,54.6441],[11.7415,54.6874],[11.7193,54.7984],[11.5322,54.8159],[11.2494,54.9377],[11.0784,54.9281]],[[11.0427,54.4749],[11.1403,54.4296],[11.2573,54.4311],[11.2156,54.4907],[11.0889,54.5181],[11.0427,54.4749]],[[10.9486,57.2967],[10.911,57.268],[11.0058,57.2451],[11.1179,57.3138],[10.9486,57.2967]],[[10.7161,54.7623],[10.8977,55.0655],[10.9046,55.0871],[10.6469,54.8479],[10.7161,54.7623]],[[9.9888,55.2122],[10.0088,55.1726],[10.264,55.1003],[10.6144,55.0657],[10.7634,55.1404],[10.7841,55.203],[10.7607,55.2709],[10.7939,55.3219],[10.6284,55.598],[10.5131,55.5443],[10.2878,55.5964],[9.8844,55.5051],[9.8828,55.3593],[9.9888,55.2122]],[[10.5805,55.7832],[10.6359,55.8779],[10.5493,55.9653],[10.5499,55.7922],[10.5805,55.7832]],[[9.8276,54.9176],[9.963,54.8871],[10.0356,54.8968],[9.9794,54.9779],[9.7972,55.0511],[9.8276,54.9176]],[[8.3301,54.86],[8.5864,54.878],[8.5881,54.8796],[8.3595,54.887],[8.3557,54.9554],[8.3138,54.8352],[8.3301,54.86]],[[8.4292,54.7186],[8.5388,54.702],[8.5619,54.7165],[8.5076,54.7466],[8.4292,54.7186]],[[4.8625,53.1482],[4.761,53.0845],[4.7351,53.0378],[4.7812,53.0173],[4.8623,53.0754],[4.8625,53.1482]],[[4.0284,51.6762],[3.9386,51.7264],[3.7226,51.7199],[3.7427,51.6944],[3.8248,51.7092],[3.9568,51.6422],[4.047,51.658],[4.0284,51.6762]],[[-0.8611,60.7881],[-0.9044,60.7933],[-0.8964,60.7001],[-0.8496,60.6983],[-0.7981,60.8072],[-0.8611,60.7881]],[[-1.0581,60.532],[-1.0733,60.6477],[-1.0207,60.6704],[-1.0244,60.7038],[-1.0769,60.706],[-1.1395,60.6051],[-1.0581,60.532]],[[-1.2672,59.9771],[-1.2223,60.0117],[-1.0825,60.4155],[-1.1707,60.4043],[-1.2429,60.4669],[-1.305,60.4449],[-1.3267,60.5949],[-1.3602,60.5959],[-1.5431,60.4972],[-1.4309,60.48],[-1.3463,60.3268],[-1.4893,60.2785],[-1.6381,60.273],[-1.608,60.2427],[-1.5076,60.2447],[-1.4686,60.1907],[-1.3081,60.2017],[-1.2519,60.1149],[-1.3295,59.9152],[-1.3026,59.8997],[-1.2672,59.9771]],[[-1.5094,50.6838],[-1.2554,50.6023],[-1.1021,50.6919],[-1.3074,50.7577],[-1.5094,50.6838]],[[-2.0824,49.2009],[-2.0353,49.1892],[-2.0413,49.2236],[-2.0909,49.2424],[-2.1992,49.251],[-2.2088,49.1946],[-2.0824,49.2009]],[[-2.4481,59.2806],[-2.5323,59.2904],[-2.621,59.2441],[-2.5556,59.2448],[-2.4481,59.2806]],[[-3.1877,58.9371],[-2.99,58.9537],[-2.8581,58.9045],[-2.7904,58.9514],[-3.103,58.9912],[-3.0436,59.0623],[-3.0673,59.0888],[-3.1649,59.1234],[-3.2911,59.1205],[-3.324,58.991],[-3.2354,59.0215],[-3.1877,58.9371]],[[-3.2291,58.8031],[-3.2883,58.8939],[-3.3728,58.9004],[-3.3469,58.8471],[-3.2676,58.7952],[-3.2094,58.7985],[-3.2291,58.8031]],[[-4.5431,53.3788],[-4.5298,53.2643],[-4.4583,53.1903],[-4.4057,53.1919],[-4.3658,53.1537],[-4.088,53.2912],[-4.2143,53.3121],[-4.3277,53.4039],[-4.5431,53.3788]],[[-4.694,54.0959],[-4.6199,54.0753],[-4.4335,54.192],[-4.3632,54.2722],[-4.3993,54.386],[-4.4907,54.3672],[-4.6774,54.2176],[-4.7468,54.0868],[-4.694,54.0959]],[[-5.1285,55.5713],[-5.1822,55.6612],[-5.2568,55.7026],[-5.3263,55.6829],[-5.3681,55.6183],[-5.3104,55.4888],[-5.2656,55.4688],[-5.1263,55.4622],[-5.1285,55.5713]]],[[[6.6667,58.2],[6.5333,58.2],[6.4667,58.2667],[6.4167,58.2667],[6.4,58.2333],[6.2,58.25],[6.25,58.2833],[6.25,58.3167],[6.1167,58.3333],[6.1,58.3],[6.0,58.3333],[5.9833,58.3667],[5.8667,58.3833],[5.8167,58.4333],[5.7167,58.45],[5.55,58.6333],[5.2667,58.8333],[5.35,58.9],[5.3333,58.9833],[5.3833,59.0833],[5.5167,59.1],[5.55,59.0167],[5.55,59.05],[5.5833,59.05],[5.55,59.1333],[5.6833,59.1833],[5.8,59.1833],[5.8,59.2167],[5.75,59.2167],[5.75,59.2833],[5.9838,59.3],[5.9617,59.2356],[5.9933,59.1871],[5.9667,59.1333],[5.9,59.1167],[5.913,59.0661],[6.1019,58.9679],[6.3225,59.032],[6.4066,59.0011],[6.0943,58.856],[5.6194,58.9968],[5.5783,58.9695],[5.5412,58.7287],[5.6072,58.6267],[5.7234,58.5338],[6.3969,58.2809],[6.6779,58.2748],[6.7256,58.2234],[6.6833,58.2333],[6.6667,58.2]],[[5.85,59.1],[5.85,58.9833],[5.9333,58.9667],[5.8833,58.9833],[5.9,59.1],[5.85,59.1]]],[[[6.0167,59.3333],[6.0167,59.3667],[5.95,59.3333],[5.9167,59.3947],[6.2677,59.5466],[6.4162,59.578],[6.4456,59.5423],[6.0167,59.3333]]],[[[5.9,59.3833],[5.9,59.3333],[5.7167,59.3167],[5.7167,59.2833],[5.6667,59.25],[5.5833,59.2833],[5.5833,59.2333],[5.4833,59.2],[5.45,59.1333],[5.3667,59.1667],[5.5482,59.3023],[5.9,59.3833]]],[[[5.3167,59.1667],[5.2667,59.1],[5.15,59.1167],[5.0833,59.2],[5.0167,59.2167],[4.9833,59.2667],[5.0167,59.3333],[4.95,59.35],[4.9,59.4167],[5.0333,59.4333],[5.05,59.4667],[5.15,59.45],[5.1333,59.4833],[5.2,59.4833],[5.156,59.228],[5.1896,59.1764],[5.3167,59.1667]]],[[[5.3167,59.6333],[5.4333,59.6667],[5.45,59.7167],[5.55,59.7167],[5.418,59.6438],[5.3167,59.6333]]],[[[5.4167,59.7],[5.4,59.7333],[5.3833,59.6833],[5.25,59.6667],[5.2333,59.5833],[5.15,59.5833],[5.15,59.5333],[5.2,59.5333],[5.2,59.5],[5.0167,59.4833],[5.05,59.5667],[5.0333,59.6667],[5.1709,59.6546],[5.5333,59.8833],[5.55,59.7833],[5.4333,59.75],[5.45,59.7167],[5.4167,59.7]]],[[[5.0833,59.6833],[5.0833,59.7167],[4.9833,59.7167],[4.9833,59.75],[5.1,59.75],[5.0667,59.7833],[4.9833,59.7833],[4.9667,59.8667],[5.0333,59.8667],[5.0,59.9333],[5.0833,59.9167],[5.1167,59.95],[5.2311,59.95],[5.1426,59.8299],[5.1332,59.6833],[5.0833,59.6833]]],[[[5.5167,60.1667],[5.3667,60.1167],[5.35,60.15],[5.3,60.15],[5.3167,60.2],[5.25,60.2],[5.25,60.2333],[5.2167,60.2333],[5.1333,60.1667],[4.95,60.15],[4.9167,60.2],[4.9833,60.2167],[4.95,60.2167],[4.95,60.25],[4.8833,60.25],[4.8333,60.3833],[4.9,60.3833],[4.8333,60.4333],[4.8833,60.4833],[4.8167,60.4833],[4.8167,60.5333],[4.75,60.55],[4.65,60.7333],[4.7167,60.7333],[4.8333,60.6667],[4.8833,60.55],[5.0,60.45],[5.0,60.5167],[4.95,60.5333],[4.9,60.6167],[5.0667,60.6333],[4.9,60.65],[4.9167,60.6833],[4.8167,60.7167],[4.8167,60.7667],[4.75,60.8],[4.75,60.8333],[5.0454,60.8167],[5.0666,60.7333],[5.0333,60.7167],[5.0667,60.7332],[5.1349,60.6444],[5.2489,60.5853],[5.4341,60.6288],[5.5817,60.7088],[5.6167,60.7051],[5.6,60.65],[5.55,60.6333],[5.562,60.6142],[5.2833,60.55],[5.1619,60.444],[5.2063,60.3131],[5.3039,60.215],[5.5167,60.1667]],[[5.0621,60.3058],[5.0278,60.3841],[4.9744,60.4358],[4.9675,60.2736],[5.0127,60.2099],[5.0648,60.2048],[5.0621,60.3058]]],[[[4.9667,60.85],[4.7,60.8667],[4.7,60.9],[4.7833,60.9333],[4.7833,60.9833],[4.8167,61.0],[4.9667,61.0167],[4.9667,61.05],[5.0167,61.0167],[5.0667,61.0833],[5.1667,61.1],[5.3167,61.05],[5.0991,61.0565],[5.0336,61.0314],[5.037,60.85],[4.9667,60.85]]],[[[5.4833,61.05],[5.6,61.0667],[5.6333,61.1],[5.85,61.1],[5.9,61.1333],[6.3167,61.0833],[5.9842,61.1035],[5.4833,61.05]]],[[[6.6,61.1333],[6.6333,61.1667],[6.8667,61.15],[6.8833,61.0931],[6.6,61.1333]]],[[[6.9833,61.0833],[7.0167,61.0667],[7.0333,60.9833],[7.0667,60.9833],[7.0333,61.0333],[7.05,61.1167],[7.2333,61.1167],[7.2333,61.15],[7.3167,61.1333],[7.0648,61.0813],[7.103,60.9667],[7.0331,60.9353],[6.9574,60.989],[6.9489,61.0506],[6.9003,61.0833],[6.9833,61.0833]]],[[[7.3833,61.15],[7.5,61.1833],[7.4,61.2],[7.3833,61.2667],[7.3167,61.2833],[7.4333,61.4],[7.462,61.4],[7.3728,61.3],[7.4205,61.2348],[7.657,61.2211],[7.5576,61.1652],[7.3833,61.15]]],[[[7.3333,61.3833],[7.35,61.3333],[7.2667,61.3],[7.3333,61.2667],[7.35,61.2],[7.3833,61.1833],[7.3333,61.15],[7.1833,61.1667],[7.1333,61.1333],[6.9333,61.1167],[6.9333,61.15],[6.8667,61.1833],[6.6,61.2],[6.5667,61.2667],[6.5333,61.1333],[6.3333,61.1167],[6.2333,61.15],[6.4735,61.1652],[6.5943,61.3084],[6.652,61.2854],[6.6361,61.2344],[6.6678,61.2191],[6.9462,61.1741],[7.2581,61.1923],[7.2517,61.2851],[7.3105,61.3794],[7.4522,61.459],[7.4688,61.4333],[7.4,61.3833],[7.3333,61.3833]]],[[[5.7333,61.15],[5.6167,61.15],[5.4,61.0667],[5.3333,61.1167],[5.2333,61.1],[5.2167,61.1333],[5.0667,61.1667],[5.1167,61.1167],[5.0333,61.1167],[4.9,61.0333],[4.75,61.0333],[4.7333,60.9833],[4.6333,61.0],[4.6,60.9833],[4.65,60.9667],[4.6333,60.9333],[4.5833,60.9333],[4.5833,60.9667],[4.4833,61.0],[4.4833,61.0667],[4.5333,61.0833],[4.55,61.1333],[4.5667,61.0667],[4.6,61.0667],[4.6333,61.0167],[4.65,61.0833],[4.6167,61.1667],[4.65,61.2],[4.7,61.2],[4.7333,61.15],[4.8454,61.1667],[4.8257,61.0926],[4.9372,61.0954],[4.9485,61.1451],[4.904,61.1845],[4.7333,61.1833],[4.7167,61.2333],[4.8167,61.2333],[4.8167,61.2667],[4.8833,61.2167],[5.0,61.2],[5.0,61.1667],[5.0333,61.1667],[5.0167,61.2],[5.1199,61.2],[5.3325,61.1214],[5.6412,61.1609],[5.7333,61.15]]],[[[5.0,61.2167],[4.8167,61.2833],[4.9,61.2833],[4.8833,61.3333],[4.7833,61.3167],[4.75,61.2667],[4.65,61.2833],[4.5667,61.25],[4.5333,61.3],[4.4667,61.2833],[4.5667,61.3667],[4.7,61.3667],[4.7167,61.3333],[4.7833,61.3333],[4.8,61.3667],[4.5,61.3833],[4.4667,61.4833],[4.5333,61.4667],[4.6,61.5167],[4.6,61.5667],[4.6833,61.5833],[4.5,61.5667],[4.55,61.6167],[4.4,61.65],[4.4,61.6833],[4.7667,61.7],[4.8,61.65],[4.85,61.65],[4.8167,61.7],[4.9333,61.7],[4.9478,61.7333],[5.0132,61.6559],[5.144,61.6],[5.1,61.5833],[5.3867,61.4873],[4.9833,61.4],[5.0152,61.3833],[5.0444,61.256],[5.0974,61.2167],[5.0,61.2167]],[[4.95,61.5833],[4.8167,61.55],[4.9667,61.55],[5.0333,61.5],[5.1167,61.5167],[5.1667,61.4833],[4.8333,61.4667],[4.7,61.5],[4.7,61.5333],[4.6333,61.5333],[4.6333,61.5],[4.6833,61.5167],[4.6833,61.4833],[4.8,61.4333],[5.0333,61.4333],[5.3,61.4833],[5.0667,61.55],[5.1,61.5833],[4.95,61.5833]]],[[[4.9167,61.7667],[4.8333,61.7167],[4.4333,61.7333],[4.5167,61.7667],[4.7167,61.7667],[4.7333,61.8],[4.6167,61.8],[4.6167,61.85],[4.5667,61.8167],[4.5333,61.85],[4.5667,61.9333],[4.6833,61.95],[4.75,62.0],[4.8333,62.0],[4.8333,61.9667],[4.9,62.0],[4.9333,61.95],[5.0,61.9667],[4.9167,62.0],[5.1474,62.0],[5.27,61.9493],[5.4745,61.9592],[5.7982,61.9167],[5.3833,61.9333],[5.4667,61.9],[5.7167,61.8833],[5.75,61.85],[5.8167,61.85],[5.75,61.9],[5.85,61.9088],[6.2333,61.85],[6.6867,61.9014],[6.7824,61.8673],[6.4723,61.7941],[6.0131,61.7738],[5.4617,61.8833],[4.9905,61.8861],[4.952,61.8706],[4.9419,61.7667],[4.9167,61.7667]],[[6.3667,61.8167],[6.55,61.8167],[6.6333,61.8833],[6.5333,61.8667],[6.5333,61.8333],[6.3667,61.8167]],[[6.1,61.8333],[6.0833,61.8667],[5.8833,61.8833],[5.9167,61.85],[6.1,61.8333]]],[[[5.5833,59.6833],[5.7,59.6667],[5.8167,59.7],[5.8333,59.7333],[5.9167,59.7333],[5.9333,59.7667],[5.9833,59.75],[5.9333,59.8],[5.7333,59.7],[5.6333,59.7167],[5.6833,59.7833],[5.6333,59.7667],[5.5833,59.8],[5.6833,59.8167],[5.6833,59.85],[5.7667,59.8833],[5.8,59.95],[5.8544,59.9333],[5.7566,59.8615],[5.7822,59.8186],[6.2307,59.8475],[6.2433,59.8115],[5.8806,59.7215],[5.782,59.6458],[5.5833,59.6833]]],[[[6.5,60.4],[6.5333,60.4333],[6.6667,60.4167],[6.5103,60.0861],[6.5025,60.2148],[6.5485,60.3576],[6.5,60.4]]],[[[6.9,60.5],[6.7167,60.4333],[6.6,60.4667],[6.2167,60.3667],[6.2167,60.3333],[6.1667,60.3167],[6.1667,60.25],[6.0333,60.2667],[6.0167,60.2167],[5.9667,60.2],[5.9667,60.1667],[6.0667,60.15],[6.0667,60.1],[5.9667,60.0667],[5.9333,60.15],[5.9,60.15],[5.9333,60.0333],[5.85,59.9833],[5.75,59.9833],[5.7333,59.9167],[5.6667,59.9],[5.6,59.8167],[5.5667,59.8167],[5.5333,59.8833],[5.5364,59.9147],[5.6849,60.0218],[5.8546,60.0766],[5.8819,60.1558],[6.135,60.3556],[6.3366,60.4314],[6.9333,60.5218],[6.9,60.5]]],[[[-5.9833,57.5833],[-5.95,57.6],[-5.95,57.5333],[-5.9667,57.4667],[-6.0,57.45],[-5.9833,57.5833]]],[[[-5.1833,54.4333],[-5.2,54.45],[-5.1167,54.5],[-5.0333,54.3833],[-5.1667,54.3833],[-5.1833,54.4333]]],[[[-3.7833,59.9833],[-3.9333,59.9833],[-3.9333,60.0167],[-3.9,60.0167],[-3.9,60.05],[-3.6333,60.05],[-3.55,60.0167],[-3.5333,59.95],[-3.6,60.0],[-3.7833,59.9833]]],[[[-1.0167,59.55],[-1.0167,59.5667],[-0.85,59.55],[-0.8167,59.45],[-0.8833,59.45],[-0.8667,59.5],[-0.9667,59.5],[-0.9833,59.55],[-1.0167,59.55]]],[[[-0.85,59.8],[-0.8833,59.75],[-0.8,59.75],[-0.8,59.8],[-0.7667,59.8167],[-0.7333,59.8167],[-0.75,59.7833],[-0.65,59.7833],[-0.65,59.75],[-0.75,59.6833],[-0.95,59.75],[-0.95,59.7833],[-0.8833,59.8167],[-0.8333,59.8167],[-0.85,59.8]]],[[[-0.35,58.5167],[-0.4167,58.5333],[-0.5167,58.6167],[-0.5,58.6833],[-0.5833,58.7667],[-0.5333,58.7667],[-0.5167,58.7167],[-0.3333,58.6167],[-0.2667,58.55],[-0.2667,58.5],[-0.2167,58.5],[-0.2,58.4],[-0.3333,58.4167],[-0.3167,58.4833],[-0.35,58.5167]]],[[[-0.3167,58.8667],[-0.2333,58.8667],[-0.2167,58.8167],[-0.3333,58.7667],[-0.35,58.85],[-0.3167,58.8667]]],[[[-0.6833,59.2667],[-0.65,59.2167],[-0.7,59.1833],[-0.75,59.2167],[-0.75,59.2833],[-0.6833,59.2667]]],[[[-0.3833,59.85],[-0.3667,59.95],[-0.2833,59.9333],[-0.2333,59.9667],[-0.15,59.9667],[-0.2167,59.9333],[-0.2167,59.9],[-0.2833,59.9167],[-0.3167,59.8833],[-0.3,59.8333],[-0.3333,59.7833],[-0.3667,59.7833],[-0.3333,59.8333],[-0.3833,59.85]]],[[[-0.1333,60.2333],[-0.0833,60.2667],[-0.05,60.2167],[-0.1,60.1667],[-0.1667,60.1667],[-0.1333,60.2333]]],[[[0.35,58.8],[0.3833,58.7667],[0.3,58.7333],[0.2833,58.8],[0.35,58.8]]],[[[-0.15,58.95],[-0.1167,58.9833],[0.0,58.9833],[-0.0167,58.9167],[0.1,58.8333],[-0.05,58.8333],[-0.1,58.8833],[-0.1667,58.8833],[-0.15,58.95]]],[[[0.1667,59.75],[0.1833,59.85],[0.2167,59.85],[0.2,59.7833],[0.25,59.7333],[0.3,59.75],[0.2667,59.7667],[0.3,59.7833],[0.2667,59.85],[0.3167,59.9],[0.2667,59.9167],[0.2833,59.9833],[0.4,60.0],[0.45,60.0667],[0.5,60.0333],[0.6333,60.0333],[0.5667,59.9833],[0.5833,59.95],[0.4833,59.9],[0.4833,59.85],[0.3,59.65],[0.1667,59.75]]],[[[0.55,60.4167],[0.5833,60.4],[0.5833,60.3333],[0.4833,60.3167],[0.4833,60.4167],[0.55,60.4167]]],[[[4.6,60.8167],[4.6,60.85],[4.65,60.85],[4.6833,60.8],[4.75,60.7833],[4.75,60.75],[4.6833,60.75],[4.6,60.8167]]],[[[4.8667,59.35],[4.9,59.3667],[4.95,59.3],[4.8333,59.25],[4.85,59.3667],[4.8667,59.35]]],[[[4.9833,60.0333],[4.9833,60.1],[5.0833,60.0833],[5.0333,60.1333],[5.1167,60.1333],[5.1667,60.1667],[5.2167,60.1667],[5.3,60.1],[5.3,60.0664],[5.2212,60.0741],[5.2001,60.0455],[5.2333,59.9833],[5.2,59.9667],[5.0167,59.9667],[5.0,60.0167],[4.9667,60.0167],[4.9833,60.0333]]]]}},{"type":"Feature","properties":{"footprintId":"sundaland","title":"Sunda shelf","bounds":[95.0,-10.0,120.0,12.0],"crossesAntimeridian":false,"crops":["sundaland"],"exposedShelfSquareKilometres":2347445.5,"lgmLandSquareKilometres":4086177.0},"geometry":{"type":"MultiPolygon","coordinates":[[[[97.1833,1.5],[97.2333,1.5],[97.3333,1.5833],[97.45,1.55],[97.45,1.6667],[97.3833,1.6667],[97.3833,1.7],[97.4333,1.7667],[97.4833,1.7667],[97.4833,1.6667],[97.5167,1.5833],[97.55,1.5833],[97.55,1.3833],[97.6167,1.3333],[97.6333,1.2667],[97.6833,1.25],[97.7167,1.1833],[97.8333,1.2],[97.8333,1.1667],[97.9,1.15],[97.9167,1.1],[97.9833,1.1167],[97.9833,1.0667],[98.05,1.0167],[98.0667,0.9],[98.0333,0.6833],[97.95,0.6],[97.9333,0.4833],[97.8333,0.4667],[97.7,0.3833],[97.6667,0.4167],[97.6667,0.4833],[97.6167,0.5],[97.6167,0.75],[97.55,0.7833],[97.55,0.8167],[97.5,0.8],[97.4833,0.8333],[97.3667,0.7833],[97.2167,0.9],[97.2167,1.0833],[97.1667,1.0833],[97.1667,1.1167],[97.1333,1.1167],[97.1333,1.15],[97.1,1.15],[97.0333,1.2333],[97.0667,1.3],[97.05,1.4333],[97.1833,1.4667],[97.1833,1.5]],[[97.4663,0.9545],[97.615,0.8424],[97.6971,0.6069],[97.8156,0.5794],[97.8635,0.634],[97.9171,0.972],[97.8925,1.01],[97.7784,1.1347],[97.6898,1.1727],[97.4724,1.4548],[97.3576,1.5231],[97.2485,1.4101],[97.1101,1.4116],[97.3079,1.1953],[97.4154,0.9595],[97.4663,0.9545]]],[[[97.0833,1.9167],[97.0833,1.9667],[97.0,1.95],[96.95,2.0],[96.9833,2.0667],[96.95,2.1167],[97.0167,2.1667],[97.0,2.25],[96.95,2.2833],[96.8333,2.2833],[96.8333,2.3667],[96.85,2.3167],[96.95,2.3],[97.0333,2.3667],[97.3333,2.35],[97.3667,2.4167],[97.4167,2.4333],[97.4167,2.5167],[97.3667,2.5833],[97.35,2.7833],[97.3167,2.7667],[97.2833,2.8667],[97.1667,2.9],[97.1333,2.95],[97.1333,3.0833],[97.0833,3.1],[97.1167,3.1833],[97.0667,3.1833],[97.05,3.15],[97.05,3.25],[97.0667,3.2167],[97.1333,3.2333],[96.95,3.4],[96.95,3.45],[96.9333,3.4167],[96.75,3.45],[96.7333,3.5],[96.6667,3.5],[96.6667,3.5333],[96.6167,3.5],[96.4833,3.5167],[96.4167,3.5833],[96.3167,3.6],[96.2833,3.65],[96.0833,3.6833],[96.05,3.7333],[96.0,3.7333],[95.9,3.8],[95.8667,3.8833],[95.7833,3.8833],[95.75,3.95],[95.7,3.9667],[95.55,4.2667],[95.4667,4.3],[95.45,4.3667],[95.3833,4.3833],[95.3,4.4833],[95.3,4.6667],[95.2333,4.7167],[95.2167,4.8333],[95.1833,4.85],[95.15,5.0],[95.1167,5.0167],[95.1167,5.1333],[95.0667,5.3],[95.0167,5.3333],[95.0,5.85],[95.05,5.8333],[95.1167,5.7333],[95.15,5.7333],[95.2333,5.6167],[95.3333,5.65],[95.35,5.7167],[95.4,5.7167],[95.4833,5.65],[95.6333,5.65],[95.6667,5.6],[95.75,5.6],[95.8,5.5667],[95.8833,5.5833],[95.9167,5.5167],[96.0167,5.45],[96.0167,5.4167],[96.1333,5.3333],[96.3,5.35],[96.3167,5.3167],[96.4333,5.3167],[96.5167,5.25],[96.65,5.25],[96.6833,5.2833],[96.7833,5.2833],[96.9167,5.3333],[96.95,5.3],[97.1167,5.2667],[97.2667,5.35],[97.2667,5.3833],[97.4,5.4333],[97.4,5.4667],[97.4667,5.4667],[97.45,5.5],[97.5167,5.5667],[97.5167,5.6167],[97.65,5.6333],[97.6333,5.6667],[97.5667,5.65],[97.5667,5.7333],[97.5333,5.7333],[97.5333,5.7667],[97.6,5.7667],[97.6,5.8167],[97.6333,5.8333],[97.75,5.8333],[97.75,5.9333],[97.7167,5.95],[97.7667,5.9667],[97.7667,6.05],[97.7333,6.0667],[97.7833,6.0667],[97.7833,6.1],[97.8667,6.0667],[97.8667,6.1167],[97.8167,6.1667],[97.7667,6.1667],[97.7667,6.1333],[97.7167,6.1167],[97.7,6.1667],[97.7333,6.2],[97.85,6.2],[97.8667,6.15],[97.9167,6.15],[97.9,6.2333],[98.0333,6.2167],[98.0167,6.3833],[98.05,6.3833],[98.0333,6.4167],[98.1333,6.4833],[98.1333,6.5167],[98.0833,6.5167],[98.1167,6.6167],[98.1,6.65],[98.2167,6.6333],[98.2667,6.6833],[98.3333,6.7],[98.3833,6.6667],[98.4,6.7],[98.3667,6.7667],[98.2667,6.7667],[98.4,6.8],[98.3833,6.85],[98.2667,6.8333],[98.2667,6.8833],[98.1833,6.8833],[98.2,6.9333],[98.2667,6.9333],[98.2667,6.9667],[98.3333,7.0167],[98.3167,7.05],[98.25,7.05],[98.2167,7.2667],[98.1,7.3333],[98.1,7.4167],[98.0333,7.4167],[98.0333,7.5833],[97.9833,7.6],[97.9667,7.75],[97.9,7.8],[97.9,7.95],[97.8167,8.0167],[97.7833,8.15],[97.7333,8.15],[97.7167,8.2],[97.6333,8.2],[97.6333,8.3833],[97.5667,8.4167],[97.5333,8.5],[97.5667,8.7],[97.5333,8.7],[97.5167,8.7667],[97.5333,8.9],[97.4833,9.0167],[97.5,9.1],[97.4167,9.3167],[97.5,9.7667],[97.4667,9.8833],[97.3667,9.9667],[97.3667,10.05],[97.45,10.0],[97.45,10.1167],[97.5333,10.15],[97.4833,10.1667],[97.4833,10.3167],[97.4167,10.35],[97.4167,10.4833],[97.4667,10.5167],[97.4833,10.65],[97.4333,10.65],[97.4333,10.7],[97.4,10.65],[97.3667,10.65],[97.35,10.7],[97.4167,10.7333],[97.4167,10.8],[97.3333,10.8],[97.3833,10.9167],[97.4333,10.95],[97.4333,11.0167],[97.3667,11.0333],[97.4333,11.2333],[97.3333,11.35],[97.3333,11.45],[97.3,11.4667],[97.3167,11.5333],[97.25,11.5333],[97.2,11.6],[97.2,11.7333],[97.15,11.8],[97.15,11.85],[97.2167,11.8667],[97.2,12.0],[98.4756,12.0],[98.486,11.9146],[98.5872,11.954],[98.5123,12.0],[98.7015,12.0],[98.7031,11.9515],[98.6577,11.9041],[98.6482,11.7485],[98.6924,11.7331],[98.8077,11.7963],[98.9024,11.7207],[98.7552,11.588],[98.7588,11.2378],[98.6959,11.1292],[98.6889,10.9827],[98.546,10.7312],[98.4793,10.672],[98.5367,10.3533],[98.5107,10.1836],[98.5634,10.0607],[98.6496,10.1908],[98.7249,10.21],[98.5748,9.8334],[98.5054,9.5556],[98.3846,9.2873],[98.3391,8.9653],[98.2551,8.7647],[98.2515,8.4259],[98.3168,8.2347],[98.4151,8.1927],[98.4894,8.3286],[98.5813,8.3592],[98.7144,8.2655],[98.7989,8.0701],[98.9822,7.9735],[99.065,7.8932],[99.0565,7.7696],[99.0845,7.7316],[99.1898,7.7316],[99.2746,7.6269],[99.3698,7.3817],[99.5269,7.3431],[99.6184,7.3783],[99.5681,7.2215],[99.6094,7.1684],[99.6731,7.164],[99.7345,7.1119],[99.7102,6.8829],[99.878,6.7598],[100.1312,6.4486],[100.3564,5.9877],[100.3876,5.7782],[100.3663,5.5884],[100.4864,5.048],[100.628,4.6546],[100.628,4.3755],[100.6732,4.2321],[100.8131,4.0178],[100.7332,3.9637],[100.8611,3.786],[101.0353,3.6334],[101.3121,3.2597],[101.3683,3.0093],[101.3121,2.8889],[101.4151,2.8245],[101.5279,2.6949],[101.7894,2.5848],[101.8993,2.4592],[102.1529,2.2599],[102.5564,2.0534],[102.7348,1.8671],[103.3653,1.5569],[103.4882,1.3434],[103.5448,1.3461],[103.6885,1.4621],[103.8173,1.4905],[103.978,1.4669],[103.9615,1.6711],[104.0866,1.5387],[104.1083,1.449],[104.179,1.3799],[104.2676,1.4223],[104.2747,1.4796],[104.2059,1.7181],[103.8005,2.5722],[103.5281,2.7647],[103.4259,2.9302],[103.4159,3.3788],[103.4394,3.5183],[103.3602,3.667],[103.3483,3.7702],[103.4072,3.9795],[103.4552,4.3937],[103.4405,4.6677],[103.403,4.8456],[103.1854,5.2552],[102.9745,5.5137],[102.5241,5.8536],[102.3308,6.1615],[102.0952,6.2297],[101.7892,6.4653],[101.6038,6.7453],[101.4907,6.8535],[101.3029,6.8947],[101.0148,6.8471],[100.7844,6.9839],[100.5823,7.1617],[100.4881,7.1475],[100.4141,7.1771],[100.1473,7.5963],[100.1445,7.7366],[100.2593,7.7911],[100.3303,7.7222],[100.3382,7.6403],[100.2958,7.5653],[100.3905,7.5525],[100.4516,7.2897],[100.5204,7.2547],[100.4406,7.4379],[100.2663,8.265],[100.1726,8.4747],[100.1266,8.4107],[99.9777,8.5824],[99.8915,9.1099],[99.826,9.2767],[99.7243,9.3003],[99.3945,9.1998],[99.2393,9.2573],[99.2737,9.4141],[99.1472,9.7324],[99.1811,10.1758],[99.1487,10.3229],[99.2252,10.3953],[99.2722,10.5746],[99.4739,10.8942],[99.5012,11.1041],[99.6147,11.4677],[99.7862,11.7548],[99.8246,11.9427],[99.8728,12.0],[102.7797,12.0],[102.8041,11.8946],[102.9197,11.7211],[102.9457,11.7972],[103.0174,11.716],[103.0238,11.5941],[103.14,11.4647],[103.1047,11.2111],[103.1631,10.9268],[103.3474,10.9343],[103.5307,11.1637],[103.6655,11.0669],[103.7362,10.8907],[103.6919,10.7486],[103.5532,10.6625],[103.5465,10.6097],[103.5953,10.5631],[103.663,10.5239],[103.8302,10.5909],[103.8628,10.6722],[103.9453,10.5991],[104.2679,10.5541],[104.5249,10.3502],[104.6658,10.185],[104.808,10.2167],[104.8804,10.1273],[105.0367,10.078],[105.097,10.0016],[105.1056,9.8908],[104.9148,9.8076],[104.8586,9.6038],[104.832,8.8089],[104.9161,8.7491],[104.7969,8.6081],[104.8913,8.5969],[105.1074,8.6415],[105.3117,8.8102],[105.4923,9.1041],[106.1583,9.407],[106.1918,9.5007],[106.1015,9.6657],[105.7839,10.0347],[105.9334,9.9731],[106.2127,9.6858],[106.382,9.5697],[106.4792,9.5728],[106.5584,9.6456],[106.4965,9.8131],[106.1729,10.1337],[106.0963,10.276],[106.4574,9.9503],[106.5928,9.8743],[106.6435,9.9084],[106.6458,9.9963],[106.7718,10.1444],[106.4225,10.3033],[106.7484,10.3088],[106.7639,10.373],[106.7316,10.4338],[106.5697,10.4595],[106.7304,10.553],[106.8215,10.4438],[106.9031,10.3977],[106.9375,10.411],[107.0074,10.6903],[107.0951,10.5104],[107.2019,10.4835],[107.2633,10.4143],[107.841,10.7132],[107.9927,10.7328],[108.0857,10.9087],[108.2664,10.9471],[108.5447,11.1681],[108.6933,11.2113],[108.8147,11.3283],[108.9758,11.3486],[109.0281,11.6052],[109.1247,11.6139],[109.1848,11.7268],[109.1436,11.8345],[109.1856,12.0],[109.2293,12.0],[109.2428,11.9453],[109.2375,12.0],[109.45,12.0],[109.4333,11.9],[109.4,11.8833],[109.5167,11.8333],[109.4667,11.7833],[109.45,11.8333],[109.4,11.8],[109.45,11.7667],[109.4167,11.7],[109.45,11.6833],[109.4667,11.55],[109.45,11.45],[109.3833,11.4167],[109.3833,11.3833],[109.4333,11.3833],[109.4333,11.4167],[109.4667,11.3833],[109.4333,11.3],[109.4,11.3],[109.3833,11.35],[109.3333,11.3333],[109.3333,11.2833],[109.3833,11.2833],[109.3833,11.2],[109.3333,11.2],[109.3333,11.1333],[109.4,11.15],[109.4,11.1],[109.3333,11.1],[109.3667,11.05],[109.3333,11.0167],[109.3667,11.0],[109.3667,10.9333],[109.3167,10.9333],[109.35,10.8833],[109.35,10.7333],[109.2667,10.7333],[109.25,10.7833],[109.2167,10.7833],[109.1833,10.75],[109.1833,10.6667],[109.15,10.6667],[109.1167,10.6],[109.0167,10.6],[109.0167,10.4],[109.05,10.3333],[109.0833,10.3333],[109.0667,10.2333],[109.1167,10.2],[109.15,10.0667],[109.15,9.8833],[109.1167,9.8667],[109.1333,9.7833],[109.0,9.6833],[108.9,9.6833],[108.9,9.6333],[108.95,9.6167],[108.9833,9.5167],[108.85,9.4667],[108.8167,9.4167],[108.7667,9.4167],[108.8167,9.35],[108.85,9.35],[108.85,9.4333],[108.95,9.4],[108.95,9.3667],[108.9,9.3833],[108.9,9.2833],[108.75,9.2333],[108.75,9.2],[108.8167,9.2],[108.8167,9.2333],[108.8833,9.2333],[108.9,9.2667],[108.8667,9.1833],[108.8,9.1667],[108.8,9.1333],[108.8333,9.1333],[108.8,8.9833],[108.8667,8.95],[108.8667,8.8833],[108.9,8.8833],[108.9333,8.95],[108.9667,8.95],[108.9667,8.8667],[109.0333,8.8833],[108.9833,8.8],[108.9833,8.7167],[108.9,8.6833],[108.9,8.6333],[108.9333,8.6167],[108.9,8.5],[108.8667,8.4833],[108.9333,8.4333],[108.9333,8.4],[108.9,8.3833],[108.9,8.3167],[108.8333,8.3167],[108.8667,8.2],[108.9,8.2],[108.9,8.0667],[108.8667,8.05],[108.8667,7.9833],[108.9,7.9833],[108.9,7.95],[108.85,7.9167],[108.85,7.8833],[109.0167,7.8333],[108.9167,7.7167],[108.9333,7.65],[108.8667,7.65],[108.8833,7.5833],[108.7833,7.6],[108.7833,7.5333],[108.8167,7.5333],[108.8,7.4667],[108.7333,7.45],[108.6333,7.3],[108.5833,7.3167],[108.5833,7.25],[108.6333,7.25],[108.6333,7.2167],[108.6,7.1667],[108.5667,7.1833],[108.55,7.1333],[108.6167,7.1333],[108.65,7.1833],[108.6833,7.1],[108.5667,7.1],[108.5667,7.0667],[108.5333,7.0667],[108.5333,7.0],[108.5833,6.9833],[108.6,6.8833],[108.6667,6.85],[108.6167,6.7167],[108.7,6.7333],[108.7167,6.6667],[108.8,6.65],[108.8,6.5833],[108.8333,6.6],[108.8333,6.5667],[108.7833,6.55],[108.7833,6.4333],[108.8167,6.4333],[108.8167,6.3833],[108.8667,6.3667],[108.85,6.3],[108.95,6.25],[108.95,6.2167],[108.8333,6.2333],[108.8333,6.1667],[108.8,6.1667],[108.8,6.0667],[108.8667,6.0833],[108.8833,6.0333],[108.8167,6.0167],[108.85,5.9833],[108.85,5.9167],[108.7833,5.8667],[108.7833,5.8333],[108.85,5.8667],[108.8667,5.75],[108.85,5.7167],[108.6833,5.6833],[108.6833,5.5833],[108.7833,5.5833],[108.7833,5.45],[108.7,5.45],[108.7,5.3833],[108.8,5.3833],[108.8,5.4167],[108.8833,5.4167],[108.9167,5.45],[108.95,5.4],[109.1833,5.4167],[109.1333,5.4],[109.1667,5.3667],[109.1333,5.3333],[109.1833,5.3167],[109.2667,5.3667],[109.4167,5.3833],[109.4,5.3333],[109.35,5.35],[109.35,5.3167],[109.45,5.3167],[109.4667,5.2333],[109.4333,5.2],[109.5167,5.1333],[109.4833,5.1167],[109.5167,5.0],[109.4333,4.8833],[109.4333,4.8333],[109.5833,4.95],[109.5833,5.0167],[109.6167,5.0167],[109.65,4.9],[109.5833,4.85],[109.5833,4.8],[109.6167,4.8],[109.6333,4.75],[109.6833,4.7667],[109.6667,4.8333],[109.7,4.8833],[109.8,4.8833],[109.85,4.9167],[109.9167,4.8167],[109.9333,4.85],[110.0167,4.85],[110.0167,4.8833],[110.05,4.8833],[110.05,4.95],[110.1,4.9667],[110.1167,4.85],[110.2667,4.8833],[110.3,4.85],[110.2833,4.7167],[110.35,4.7167],[110.3667,4.6833],[110.3833,4.7667],[110.4333,4.7833],[110.4833,4.9167],[110.5167,4.9167],[110.5,4.8667],[110.5333,4.85],[110.55,4.9333],[110.5833,4.9333],[110.6,4.8333],[110.7,4.9],[110.7667,4.8833],[110.7667,4.9333],[110.8,4.9333],[110.8,5.0167],[110.8833,5.0],[110.8667,5.0833],[110.95,5.1667],[111.0,5.15],[110.9833,5.0],[111.0167,5.0],[111.0333,5.1167],[111.0833,5.1],[111.2833,5.2167],[111.3167,5.1833],[111.3333,5.2333],[111.3667,5.2333],[111.3667,5.0833],[111.4333,5.0333],[111.4667,5.2],[111.4,5.2333],[111.4167,5.3],[111.4833,5.3167],[111.4833,5.25],[111.5167,5.2167],[111.5,5.1],[111.5333,5.0833],[111.55,5.15],[111.6,5.1667],[111.6167,5.25],[111.65,5.25],[111.6667,5.1833],[111.7333,5.1667],[111.75,5.2333],[111.8167,5.2333],[111.8,5.3667],[111.8667,5.35],[111.8833,5.2],[111.9333,5.2],[111.9667,5.2833],[112.0,5.2833],[112.0,5.2333],[112.1,5.25],[112.1333,5.1333],[112.1667,5.15],[112.15,5.25],[112.1833,5.2833],[112.2167,5.2167],[112.25,5.25],[112.4667,5.25],[112.4333,5.2],[112.5333,5.2167],[112.4833,5.1833],[112.5667,5.1667],[112.5333,5.1],[112.6,5.1333],[112.6167,5.1833],[112.7333,5.1333],[112.8167,5.1667],[112.95,5.05],[112.9833,5.0667],[113.0,5.0333],[113.0833,5.0333],[113.2,4.95],[113.3667,4.9667],[113.3833,4.9167],[113.4333,4.9],[113.6167,4.9],[113.6333,4.9333],[113.8167,5.0],[113.8833,4.9833],[113.8833,5.0333],[113.9333,5.0167],[113.9333,5.0667],[114.05,5.0833],[114.0667,5.15],[114.1167,5.15],[114.25,5.2667],[114.25,5.3167],[114.35,5.3833],[114.3667,5.4667],[114.4833,5.5333],[114.5,5.6],[114.6167,5.6833],[114.6,5.7167],[114.6833,5.7333],[114.7,5.8167],[114.8333,5.8667],[114.85,5.9167],[114.9,5.9167],[114.9667,6.0167],[115.0167,6.0167],[115.0833,6.15],[115.1833,6.2167],[115.2,6.2833],[115.2833,6.35],[115.3333,6.35],[115.35,6.4333],[115.4333,6.4333],[115.5,6.5167],[115.5,6.5833],[115.6,6.6167],[115.6,6.6833],[115.7333,6.7667],[115.8667,6.8],[115.8667,6.85],[115.9333,6.8833],[115.9333,6.9333],[116.0167,7.0333],[116.1167,7.05],[116.25,7.15],[116.25,7.1833],[116.3167,7.1833],[116.3167,7.2667],[116.4,7.4],[116.4667,7.4],[116.4667,7.4333],[116.5333,7.45],[116.5333,7.4833],[116.6833,7.5],[116.7167,7.5833],[116.8333,7.5167],[116.8833,7.55],[116.9833,7.55],[117.0167,7.6333],[117.1,7.6667],[117.1333,7.7167],[117.2167,7.9667],[117.3333,8.0],[117.3333,8.0333],[117.6333,8.0667],[117.65,8.1333],[117.8,8.1333],[117.8333,8.1],[117.8,7.9833],[117.8667,7.9833],[117.7667,7.9333],[117.8,7.8667],[117.7167,7.8667],[117.7333,7.8333],[117.7667,7.85],[117.7667,7.7667],[117.7333,7.7333],[117.7667,7.6667],[117.7333,7.6667],[117.7333,7.6167],[117.8167,7.6333],[117.9,7.5667],[117.9333,7.6167],[117.9833,7.5833],[118.0333,7.6],[118.1333,7.5],[118.1667,7.5],[118.1167,7.5833],[118.1667,7.6333],[118.1667,7.5667],[118.25,7.5333],[118.25,7.4167],[118.3,7.35],[118.3333,7.35],[118.3,7.3167],[118.3,7.25],[118.3833,7.2333],[118.4333,7.1833],[118.45,7.2167],[118.5,7.2167],[118.45,7.1333],[118.55,7.05],[118.55,6.95],[118.5,6.9167],[118.4833,6.85],[118.6,6.75],[118.6,6.7167],[118.55,6.7167],[118.5333,6.7667],[118.5,6.7667],[118.5,6.7167],[118.5667,6.6833],[118.5667,6.5833],[118.6167,6.6],[118.6167,6.5],[118.6667,6.4667],[118.6667,6.3833],[118.7167,6.3667],[118.75,6.25],[118.8167,6.2167],[118.85,6.15],[118.9167,6.15],[118.9333,6.0667],[118.9667,6.0667],[118.9333,5.95],[118.9833,5.8167],[119.0167,5.8],[118.9833,5.7167],[119.0333,5.65],[119.1833,5.6333],[119.2167,5.6],[119.2167,5.5167],[119.3167,5.3833],[119.35,5.3833],[119.3333,5.1667],[119.2,5.0167],[118.9333,4.8833],[118.9167,4.8333],[118.8667,4.8167],[118.8167,4.6833],[118.8667,4.6667],[118.8833,4.6],[118.8333,4.5667],[118.9,4.5667],[118.9167,4.6333],[118.9667,4.6333],[119.0,4.5833],[119.0,4.4333],[118.9,4.4333],[118.8833,4.3833],[118.8833,4.3],[118.9333,4.2667],[118.9333,4.15],[118.8667,4.1333],[118.85,4.1833],[118.6667,4.1667],[118.65,4.2167],[118.45,4.25],[118.2833,4.1667],[118.2,4.0667],[118.2,3.7833],[118.1,3.65],[118.1,3.55],[118.05,3.5167],[118.0833,3.45],[118.1833,3.4],[118.1833,3.3333],[118.1167,3.3333],[118.1,3.3833],[118.0667,3.3667],[118.0833,3.15],[117.9833,3.0333],[117.95,3.0333],[117.9833,2.95],[117.9667,2.7167],[117.9833,2.6333],[118.0333,2.6],[118.0,2.5667],[118.1333,2.5333],[118.1667,2.4333],[118.2667,2.3833],[118.3333,2.1833],[118.4667,2.0833],[118.5,1.95],[118.5667,1.8667],[118.55,1.7],[118.6167,1.6],[118.8333,1.5333],[118.9167,1.55],[118.9333,1.5833],[119.0,1.5667],[118.9667,1.4667],[118.9,1.4167],[118.9333,1.35],[118.8333,1.2833],[118.95,1.2833],[118.9167,1.2167],[118.9833,1.15],[118.95,1.0667],[119.0,1.05],[119.0,0.9667],[118.9333,0.9],[118.9667,0.85],[118.9333,0.85],[118.9333,0.8167],[118.9167,0.85],[118.8667,0.85],[118.8667,0.8167],[118.8167,0.7833],[118.75,0.7833],[118.7167,0.8167],[118.7,0.75],[118.3667,0.7833],[118.3833,0.7667],[118.3667,0.7333],[118.3333,0.8],[118.2667,0.8],[118.2333,0.7833],[118.2333,0.7333],[118.1667,0.7333],[118.15,0.7],[118.1,0.7333],[118.0333,0.6667],[117.9833,0.7],[117.9667,0.65],[117.9,0.6667],[117.9333,0.7],[117.9,0.7167],[117.8333,0.6333],[117.8333,0.5833],[117.8,0.5833],[117.75,0.5167],[117.7167,0.3833],[117.6667,0.3667],[117.6833,0.3333],[117.6333,0.2833],[117.6667,0.2],[117.6333,0.0833],[117.7,0.1],[117.7,0.0333],[117.6667,0.0],[117.7167,0.0],[117.7333,0.0333],[117.7667,0.0167],[117.75,-0.05],[117.7,-0.0333],[117.7667,-0.15],[117.8667,-0.1167],[117.8667,-0.2],[117.9,-0.25],[117.8833,-0.3],[117.9667,-0.4333],[117.9167,-0.45],[117.9667,-0.4667],[117.95,-0.65],[117.9167,-0.6667],[117.8167,-1.0167],[117.7333,-1.0833],[117.7,-1.0667],[117.65,-1.1],[117.65,-1.1667],[117.7333,-1.1333],[117.7333,-1.2167],[117.7,-1.2],[117.65,-1.3],[117.55,-1.3333],[117.4833,-1.4833],[117.4333,-1.4667],[117.3667,-1.5167],[117.3833,-1.5667],[117.3333,-1.6167],[117.2667,-1.8],[117.3,-1.8167],[117.2833,-2.1],[117.3667,-2.1333],[117.45,-2.2667],[117.5333,-2.2667],[117.5667,-2.2167],[117.6667,-2.2167],[117.6833,-2.2833],[117.7333,-2.2833],[117.8,-2.3833],[117.8667,-2.3833],[117.8667,-2.45],[117.9833,-2.5333],[118.0667,-2.7],[118.1667,-2.7167],[118.15,-2.6667],[118.2,-2.6667],[118.2,-2.7833],[118.2833,-2.8333],[118.3,-2.95],[118.3833,-3.0333],[118.4,-3.1333],[118.3167,-3.1667],[118.35,-3.1833],[118.35,-3.3],[118.1333,-3.3667],[118.1333,-3.4167],[118.0667,-3.4833],[117.9667,-3.4333],[117.85,-3.4833],[117.8,-3.5667],[117.7167,-3.5667],[117.55,-3.8667],[117.4,-3.9833],[117.3167,-4.2333],[117.2667,-4.2833],[117.25,-4.4333],[117.1833,-4.4833],[117.1833,-4.55],[117.15,-4.5667],[117.1333,-4.75],[117.1,-4.7833],[117.1333,-5.0333],[117.05,-5.1833],[116.9833,-5.2333],[116.9,-5.4],[116.8833,-5.5167],[116.8333,-5.5333],[116.8167,-5.6],[116.7333,-5.6667],[116.5833,-6.0],[116.5167,-6.0333],[116.4,-6.3333],[116.3,-6.3833],[116.3167,-6.5333],[116.35,-6.55],[116.35,-6.6833],[116.2833,-6.7167],[116.2333,-6.8],[116.1333,-6.7833],[116.1,-6.8167],[116.1,-6.85],[116.1667,-6.8667],[116.2,-6.9167],[116.2667,-6.9167],[116.2667,-6.9667],[116.2333,-6.9667],[116.2667,-7.0],[116.2,-7.0167],[116.2167,-7.0667],[116.1833,-7.1167],[116.0667,-7.1833],[115.9667,-7.1667],[115.8833,-7.2333],[115.7333,-7.2],[115.7,-7.1833],[115.7,-7.1333],[115.65,-7.15],[115.65,-7.1167],[115.5833,-7.1],[115.3,-7.1],[115.3,-7.1667],[115.25,-7.1667],[115.2167,-7.1167],[115.1667,-7.2],[115.15,-7.1667],[115.1,-7.1667],[115.1167,-7.2667],[115.0167,-7.2833],[114.9833,-7.35],[114.8833,-7.3333],[114.85,-7.3833],[114.7667,-7.3833],[114.7167,-7.4833],[114.6167,-7.4667],[114.5833,-7.5333],[114.5333,-7.4667],[114.55,-7.5333],[114.4833,-7.55],[114.4167,-7.7333],[114.5,-7.7667],[114.4833,-7.9333],[114.5667,-7.9333],[114.55,-8.1],[114.6667,-8.1],[114.6833,-8.1333],[114.7833,-8.15],[114.8333,-8.1333],[114.8667,-8.1833],[114.9167,-8.1833],[115.05,-8.0667],[115.15,-8.0333],[115.5,-8.1833],[115.1886,-8.0809],[114.9396,-8.2007],[114.4869,-8.1319],[114.5132,-8.2535],[114.6186,-8.3654],[114.8477,-8.4161],[115.0642,-8.563],[115.1552,-8.6937],[115.1531,-8.7738],[115.1137,-8.8232],[115.2109,-8.8094],[115.3253,-8.6047],[115.5535,-8.5023],[115.689,-8.4031],[115.6299,-8.3167],[115.7167,-8.35],[115.7167,-8.45],[115.6833,-8.45],[115.6167,-8.5333],[115.5167,-8.5333],[115.3667,-8.6167],[115.3167,-8.75],[115.3167,-8.8],[115.3667,-8.7833],[115.35,-8.8333],[115.3167,-8.8167],[115.2833,-8.8833],[115.1833,-8.9167],[115.1333,-8.8833],[115.0667,-8.9],[115.0,-8.85],[114.9833,-8.7333],[114.8833,-8.7],[114.8667,-8.6],[114.8,-8.6167],[114.8,-8.5833],[114.85,-8.5667],[114.85,-8.5167],[114.75,-8.4333],[114.5333,-8.45],[114.5667,-8.5667],[114.4667,-8.5667],[114.5167,-8.6454],[114.437,-8.5659],[114.3678,-8.3345],[114.4298,-8.003],[114.4307,-7.8978],[114.3756,-7.7827],[114.0677,-7.6464],[113.4981,-7.7373],[113.2466,-7.7316],[113.0089,-7.6704],[112.7818,-7.5613],[112.7803,-7.3099],[112.639,-7.2318],[112.5293,-6.9381],[112.0809,-6.9057],[111.984,-6.8188],[111.7329,-6.7864],[111.5376,-6.6619],[111.3426,-6.7131],[111.1771,-6.6999],[110.9661,-6.4487],[110.8366,-6.4379],[110.7461,-6.4826],[110.5954,-6.8122],[110.5301,-6.9076],[110.4297,-6.9607],[110.1968,-6.9087],[109.8185,-6.9157],[109.5015,-6.8249],[109.4074,-6.8734],[109.2935,-6.8806],[108.672,-6.8032],[108.5919,-6.737],[108.5049,-6.4794],[108.3216,-6.2966],[108.2573,-6.28],[108.1374,-6.3103],[107.6645,-6.2293],[107.4657,-6.1319],[107.3268,-5.9911],[107.1584,-5.9703],[107.0544,-5.9227],[107.0232,-6.0165],[106.9383,-6.0854],[106.8234,-6.112],[106.6723,-6.0515],[106.1617,-5.9779],[106.0743,-5.9292],[105.9463,-6.026],[105.8808,-6.122],[105.799,-6.4646],[105.7047,-6.5127],[105.6629,-6.4893],[105.5921,-6.6786],[105.4909,-6.7937],[105.5,-6.75],[105.4333,-6.7667],[105.4333,-6.7921],[105.3974,-6.7797],[105.3603,-6.6813],[105.2839,-6.7382],[105.2666,-6.823],[105.9469,-6.8457],[106.4,-7.0],[106.35,-7.0333],[106.2,-7.0167],[106.1167,-6.95],[105.9167,-6.9],[105.7833,-7.0],[105.6833,-7.0],[105.6167,-7.0833],[105.5667,-7.05],[105.55,-7.0833],[105.3833,-7.0667],[105.4,-6.95],[105.2833,-6.9333],[105.3,-6.8667],[105.25,-6.8667],[105.25,-6.8333],[105.2,-6.8167],[105.1833,-6.7167],[105.1167,-6.7],[105.1167,-6.65],[105.0833,-6.65],[105.0833,-6.5833],[105.15,-6.5333],[105.15,-6.5],[105.2833,-6.4833],[105.2833,-6.45],[105.3833,-6.4167],[105.3833,-6.3833],[105.3333,-6.3833],[105.3167,-6.35],[105.35,-6.2667],[105.3167,-6.2667],[105.3167,-6.1833],[105.2667,-6.15],[105.3,-6.1333],[105.2667,-5.9667],[105.2833,-5.9167],[105.3167,-5.9167],[105.3167,-5.8667],[105.25,-5.8833],[105.15,-5.8167],[105.05,-5.8],[104.9833,-5.7333],[104.8667,-5.7333],[104.7167,-5.5833],[104.6667,-5.5833],[104.6833,-5.6333],[104.6333,-5.65],[104.6667,-5.7],[104.65,-5.75],[104.75,-5.8667],[104.7333,-6.1667],[104.7667,-6.3],[104.7167,-6.3833],[104.6833,-6.3667],[104.7,-6.3333],[104.6667,-6.3333],[104.5833,-6.2333],[104.55,-6.1167],[104.4667,-6.0333],[104.45,-5.9333],[104.4,-5.9167],[104.3167,-5.7333],[104.1333,-5.5667],[104.1167,-5.5167],[104.0,-5.4833],[103.9,-5.3],[103.8,-5.2333],[103.75,-5.1333],[103.5667,-5.0333],[103.5833,-4.9667],[103.4167,-4.9667],[103.3,-4.9],[103.2667,-4.8167],[103.1833,-4.7667],[103.1833,-4.7333],[103.0167,-4.65],[102.9,-4.6333],[102.8667,-4.6],[102.85,-4.45],[102.8167,-4.45],[102.8333,-4.5667],[102.8,-4.6167],[102.6667,-4.6167],[102.65,-4.5667],[102.45,-4.55],[102.4,-4.3167],[102.3667,-4.3],[102.35,-4.3667],[102.3,-4.3667],[102.2167,-4.2667],[102.1833,-4.2667],[102.15,-4.0667],[102.0833,-4.0667],[102.1,-3.9667],[102.0167,-3.85],[101.9333,-3.85],[101.8833,-3.75],[101.75,-3.7167],[101.6833,-3.65],[101.6667,-3.5833],[101.5833,-3.55],[101.5167,-3.4],[101.45,-3.35],[101.4333,-3.2667],[101.4,-3.2667],[101.3833,-3.1833],[101.3,-3.1167],[101.2667,-2.9333],[101.1333,-2.8],[101.0667,-2.65],[101.0,-2.6],[100.9333,-2.45],[100.8167,-2.3167],[100.85,-2.2833],[100.7667,-2.25],[100.7,-2.1167],[100.65,-2.1],[100.5667,-1.8833],[100.5333,-1.8667],[100.4333,-1.5333],[100.3667,-1.4667],[100.3333,-1.3],[100.2833,-1.2833],[100.2833,-1.1],[100.25,-1.0667],[100.2167,-1.1167],[100.2333,-1.15],[100.1833,-1.1667],[100.1667,-1.1167],[100.2167,-1.05],[100.2167,-0.9667],[100.1667,-0.95],[100.1667,-0.9],[100.1167,-0.9333],[100.1167,-0.8833],[100.15,-0.8667],[100.1167,-0.8],[100.0667,-0.8667],[100.0667,-0.7167],[99.9667,-0.5833],[99.8667,-0.5833],[99.8167,-0.6167],[99.8333,-0.5667],[99.7667,-0.55],[99.7167,-0.6],[99.65,-0.5167],[99.6,-0.5333],[99.6,-0.5],[99.45,-0.4667],[99.45,-0.4333],[99.4,-0.4333],[99.3833,-0.4],[99.25,-0.3833],[99.2167,-0.35],[99.1,-0.35],[98.9833,-0.3],[98.85,-0.3667],[98.8,-0.3333],[98.7833,-0.3667],[98.8167,-0.3833],[98.75,-0.3833],[98.7333,-0.3167],[98.6333,-0.3333],[98.6333,-0.3667],[98.6,-0.3667],[98.6333,-0.4],[98.55,-0.45],[98.5333,-0.5167],[98.5333,-0.6],[98.5667,-0.6],[98.55,-0.6833],[98.45,-0.6333],[98.3,-0.65],[98.2667,-0.5833],[98.2333,-0.6],[98.2333,-0.5333],[98.2667,-0.5167],[98.2833,-0.45],[98.2833,-0.3333],[98.25,-0.3167],[98.3167,-0.3333],[98.3333,-0.25],[98.3167,-0.2],[98.25,-0.1833],[98.2333,-0.2167],[98.1667,-0.2167],[98.15,-0.1833],[98.1,-0.2167],[98.0833,-0.1],[98.2,-0.0167],[98.2,0.0667],[98.2667,0.0667],[98.3667,0.2],[98.3,0.3667],[98.25,0.35],[98.25,0.4333],[98.3,0.4833],[98.2667,0.5167],[98.2833,0.5833],[98.25,0.6333],[98.2833,0.7333],[98.2833,0.9],[98.25,0.9167],[98.2833,0.95],[98.2833,1.1],[98.2333,1.2167],[98.2333,1.3167],[98.1833,1.35],[98.1833,1.4333],[98.15,1.4333],[98.1167,1.5333],[98.0667,1.55],[98.0,1.7167],[97.9333,1.7667],[97.9333,1.8333],[97.8333,1.95],[97.55,1.95],[97.4833,1.8833],[97.4833,1.7833],[97.45,1.8],[97.4667,1.8667],[97.3833,1.8667],[97.3833,1.9167],[97.3,1.8833],[97.2833,1.9833],[97.2167,1.9667],[97.2167,1.8333],[97.1833,1.9],[97.1333,1.8833],[97.0667,1.7833],[97.0333,1.7833],[97.0,1.8667],[97.0667,1.8667],[97.0833,1.9167]],[[109.3167,11.0],[109.3,11.0833],[109.2,11.0],[109.2167,10.9333],[109.1833,10.8833],[109.2167,10.8833],[109.2167,10.8167],[109.25,10.8333],[109.2667,10.95],[109.3333,10.9833],[109.3167,11.0]],[[109.4167,5.2],[109.3833,5.2333],[109.3333,5.1667],[109.4167,5.1333],[109.4167,5.2]],[[110.05,4.7333],[110.15,4.7333],[110.15,4.7667],[110.1,4.8],[110.1,4.8667],[110.05,4.8333],[110.05,4.7667],[109.9333,4.7667],[109.8833,4.65],[109.9333,4.7],[110.0333,4.6667],[110.05,4.7333]],[[110.5833,4.5833],[110.5167,4.6],[110.5167,4.55],[110.6167,4.5167],[110.6333,4.55],[110.5833,4.5833]],[[110.4333,4.5333],[110.4,4.5667],[110.3833,4.5],[110.45,4.4833],[110.4333,4.5333]],[[110.2167,4.4],[110.1833,4.4],[110.1833,4.35],[110.2333,4.3167],[110.2667,4.35],[110.2667,4.4167],[110.2167,4.4]],[[118.0167,2.3769],[117.875,2.5335],[117.7739,2.7391],[117.6194,2.8219],[117.6727,2.8839],[117.5159,2.9267],[117.6191,2.9591],[117.5973,3.0576],[117.3432,3.1829],[117.3064,3.243],[117.3692,3.3647],[117.3358,3.4179],[117.1591,3.5804],[116.9886,3.6268],[117.4459,3.6423],[117.5016,3.7558],[117.6334,3.6502],[117.7612,3.6944],[117.7155,3.7901],[117.5533,3.9224],[117.5465,3.9819],[117.4484,4.0734],[117.488,4.144],[117.5925,4.2077],[117.6388,4.3129],[117.6924,4.3569],[118.0067,4.264],[118.5418,4.3913],[118.5808,4.457],[118.5531,4.4922],[118.3151,4.6586],[118.1694,4.8263],[118.2506,4.9995],[118.3831,5.0322],[118.6707,4.9776],[119.1261,5.1126],[119.2374,5.2049],[119.2428,5.3606],[119.1766,5.4171],[118.9525,5.4163],[118.5844,5.581],[118.5061,5.718],[118.3489,5.7932],[118.2529,5.807],[118.1507,5.742],[117.9673,5.692],[117.9129,5.7671],[117.9244,5.7983],[118.099,5.8672],[118.0016,6.0348],[117.8214,5.9274],[117.4383,5.8599],[117.6069,5.9507],[117.6312,6.0052],[117.6008,6.2007],[117.682,6.278],[117.6345,6.4659],[117.2828,6.6685],[117.2317,6.8327],[117.2384,6.9138],[117.1326,6.9537],[116.9222,6.6491],[116.7708,6.5913],[116.8362,6.8268],[116.8204,6.9442],[116.7752,6.9747],[116.5052,6.5132],[116.1508,6.1231],[116.0713,5.8751],[115.9302,5.7179],[115.8887,5.606],[115.8026,5.5229],[115.6145,5.5373],[115.5977,5.5816],[115.4327,5.4082],[115.4765,5.2643],[115.5979,5.2011],[115.5668,5.0874],[115.4359,4.9585],[115.3799,4.9198],[115.0082,4.8862],[115.034,5.0043],[114.9978,5.0085],[114.4302,4.6482],[114.303,4.594],[114.0203,4.5639],[113.9348,4.2351],[113.4564,3.7318],[112.9949,3.1503],[112.1215,2.9015],[111.731,2.8407],[111.5224,2.7334],[111.4567,2.6303],[111.4559,2.3716],[111.3479,2.3507],[111.2464,2.4165],[111.2215,2.3749],[111.2216,2.2041],[111.283,2.1441],[111.1833,1.8994],[111.1672,1.7335],[111.0586,1.626],[111.0428,1.5589],[111.0687,1.4961],[111.2679,1.3874],[111.0923,1.3886],[110.9336,1.5052],[110.6702,1.5354],[110.349,1.7053],[110.2465,1.6812],[109.9811,1.7045],[109.7105,1.8476],[109.6222,2.0101],[109.3878,1.912],[109.2846,1.6977],[109.0878,1.4892],[109.0277,1.2556],[109.1683,1.263],[108.9711,1.1279],[108.9194,0.7938],[108.9572,0.3628],[109.0842,0.2626],[109.2743,0.0259],[109.2066,-0.0178],[109.1353,-0.2674],[109.1431,-0.4406],[109.2646,-0.5662],[109.3881,-0.631],[109.3777,-0.6786],[109.2838,-0.7376],[109.2731,-0.8037],[109.2981,-0.8358],[109.6876,-0.932],[109.8836,-1.0922],[109.9959,-1.27],[110.0497,-1.5255],[110.0365,-1.647],[109.9771,-1.7468],[109.9736,-1.8561],[110.0861,-1.9378],[110.1098,-1.998],[110.2655,-2.9554],[110.3004,-2.9698],[110.3731,-2.9209],[110.5792,-2.8765],[110.7003,-3.0047],[110.8051,-2.9263],[110.9576,-2.8746],[110.8452,-2.9935],[110.9316,-3.0573],[111.3682,-2.9198],[111.6183,-2.9619],[111.6935,-2.8716],[111.7699,-2.9297],[111.8364,-3.055],[111.8365,-3.5249],[111.8616,-3.5384],[111.9474,-3.5183],[112.1196,-3.3697],[112.2845,-3.3067],[112.5983,-3.3864],[112.7514,-3.3104],[112.9597,-3.1786],[113.0266,-2.9069],[113.3435,-3.2276],[113.5679,-3.1638],[113.6205,-3.1854],[113.6474,-3.4117],[113.7083,-3.4418],[113.7934,-3.4427],[113.9515,-3.3827],[114.0783,-3.2641],[114.2315,-3.347],[114.3723,-3.1737],[114.3177,-3.4036],[114.4404,-3.4668],[114.5359,-3.3407],[114.5494,-3.4917],[114.6193,-3.7008],[114.6386,-4.1073],[114.6934,-4.1549],[115.9468,-3.5844],[116.046,-3.341],[116.1554,-3.1754],[116.2352,-3.1211],[116.1399,-2.985],[116.158,-2.9121],[116.2283,-2.9622],[116.3185,-2.8959],[116.3614,-2.5976],[116.2896,-2.6242],[116.3044,-2.5447],[116.3474,-2.5083],[116.4505,-2.5239],[116.5176,-2.5004],[116.5359,-2.4085],[116.5515,-2.3014],[116.5184,-2.2198],[116.2862,-2.1447],[116.4114,-2.045],[116.4379,-1.9242],[116.4116,-1.7973],[116.2505,-1.8004],[116.324,-1.7016],[116.5071,-1.5893],[116.5417,-1.4668],[116.7412,-1.3211],[116.7571,-1.266],[116.7126,-1.0968],[116.7391,-0.9922],[116.8073,-1.1744],[116.9119,-1.2099],[116.9953,-1.1764],[117.2331,-0.9144],[117.5508,-0.7623],[117.5356,-0.5573],[117.4494,-0.3261],[117.5089,0.2387],[117.7344,0.7384],[117.9137,0.8414],[117.9515,0.8949],[117.9634,0.9625],[117.8733,1.136],[118.0255,1.0494],[118.1047,0.9395],[118.201,0.8871],[118.535,0.8271],[118.8849,0.8985],[118.9695,0.9856],[118.9526,1.0345],[118.8667,1.0744],[118.9,1.1],[118.8445,1.0847],[118.6305,1.3083],[118.0711,1.692],[117.854,1.96],[117.758,2.0297],[117.8701,2.071],[118.0313,2.2248],[118.0531,2.3144],[118.0167,2.3769]],[[114.8833,-7.0667],[114.9,-7.1],[114.95,-7.0833],[114.9333,-7.05],[114.8833,-7.0667]],[[114.75,-7.3],[114.75,-7.35],[114.8,-7.35],[114.8,-7.2833],[114.75,-7.3]],[[114.4833,-7.9833],[114.4667,-8.0],[114.5,-8.0333],[114.5333,-8.0333],[114.55,-7.9667],[114.4833,-7.9833]],[[98.3833,6.4],[98.3833,6.3167],[98.4167,6.3167],[98.45,6.3833],[98.4167,6.3833],[98.4167,6.4167],[98.3833,6.4]],[[108.7,6.2667],[108.7167,6.2167],[108.7667,6.2167],[108.7667,6.2667],[108.6833,6.2833],[108.7,6.2667]],[[108.0333,5.1],[107.9667,5.1],[107.9333,5.0667],[107.8667,5.0833],[107.85,5.05],[107.7167,5.0],[107.6667,4.9333],[107.6167,4.95],[107.5333,4.9167],[107.5167,4.8333],[107.55,4.8167],[107.5833,4.8667],[107.6667,4.8667],[107.7,4.9333],[107.8167,4.9333],[107.85,5.0],[108.0333,5.0167],[108.1,5.05],[108.1,5.0833],[108.1833,5.0667],[108.1833,5.1167],[108.0333,5.1]],[[109.6167,4.6833],[109.5833,4.6667],[109.5667,4.6333],[109.6167,4.6333],[109.6833,4.7],[109.6167,4.6833]],[[97.7833,5.7833],[97.7833,5.8],[97.7,5.8],[97.7,5.7667],[97.8,5.7667],[97.7833,5.7833]],[[97.7833,5.95],[97.8,5.85],[97.85,5.8667],[97.9,5.9333],[97.9,6.0167],[97.85,5.9833],[97.85,6.0333],[97.8,6.05],[97.7833,5.95]],[[98.05,6.1333],[98.1167,6.1167],[98.1,6.1833],[98.05,6.1667],[98.05,6.1333]],[[109.05,9.85],[109.0,9.8667],[109.0,9.8],[109.0833,9.8167],[109.0833,9.8833],[109.05,9.8833],[109.05,9.85]],[[108.75,8.45],[108.75,8.4],[108.8,8.3833],[108.8167,8.4667],[108.7333,8.4833],[108.75,8.45]],[[108.6167,8.4333],[108.6167,8.3833],[108.6833,8.3833],[108.6667,8.45],[108.6167,8.4333]],[[97.2833,11.8167],[97.2667,11.6],[97.3,11.5833],[97.3167,11.6167],[97.3833,11.6333],[97.3833,11.7667],[97.35,11.7833],[97.3167,11.9],[97.2833,11.8167]],[[97.5833,10.85],[97.55,10.6667],[97.6333,10.65],[97.65,10.7667],[97.6167,10.8],[97.6167,10.9167],[97.5833,10.85]],[[105.4333,-6.8833],[105.45,-6.95],[105.5,-6.9833],[105.55,-6.8667],[105.4333,-6.8833]],[[105.15,-6.6333],[105.242,-6.63],[105.2524,-6.5388],[105.15,-6.5833],[105.15,-6.6333]],[[105.4833,-6.15],[105.4833,-6.1167],[105.3667,-6.1167],[105.3667,-6.15],[105.4833,-6.15]],[[103.85,-5.1833],[103.9,-5.2],[103.9167,-5.1684],[104.0769,-5.3769],[104.6071,-5.8916],[104.6694,-5.8828],[104.6046,-5.6433],[104.6321,-5.5009],[105.0803,-5.731],[105.3509,-5.534],[105.5319,-5.6628],[105.6256,-5.7877],[105.7403,-5.8047],[105.8029,-5.6737],[105.8737,-5.0091],[105.8731,-4.5551],[105.8177,-4.1623],[105.9167,-3.8367],[105.8384,-3.7361],[105.8301,-3.6124],[105.8898,-3.4029],[106.0447,-3.2139],[106.0317,-3.1116],[105.8882,-2.8958],[105.5727,-2.5019],[105.3924,-2.393],[105.2851,-2.3697],[104.9749,-2.3838],[104.8873,-2.4291],[104.7024,-2.6119],[104.6413,-2.6081],[104.6167,-2.5449],[104.6342,-2.4259],[104.8139,-2.2278],[104.8317,-2.0987],[104.5585,-1.9313],[104.5024,-1.8226],[104.505,-1.7012],[104.3534,-1.053],[104.197,-1.0678],[104.0573,-1.0343],[103.7148,-0.8987],[103.5219,-0.763],[103.4257,-0.58],[103.4165,-0.5284],[103.4938,-0.461],[103.3882,-0.3675],[103.4283,-0.275],[103.396,-0.2442],[103.4171,-0.1835],[103.7709,0.0514],[103.6619,0.2806],[103.4715,0.4686],[103.3404,0.5],[102.9008,0.266],[102.4857,0.195],[102.9986,0.4259],[103.0511,0.4941],[103.0203,0.5714],[102.8454,0.7024],[102.5636,0.7356],[102.381,0.8319],[102.2282,0.9821],[102.1449,1.2532],[102.0108,1.4321],[101.7781,1.6095],[101.4702,1.6807],[101.3936,1.7496],[101.2893,2.0046],[101.0394,2.2455],[100.935,2.2808],[100.8404,2.2352],[100.8305,2.1442],[100.8897,2.0553],[100.9042,1.9233],[100.6786,2.1077],[100.5152,2.1787],[100.1169,2.6388],[99.896,2.9799],[99.7236,3.1726],[99.1443,3.5695],[98.7696,3.7486],[98.6493,3.9178],[98.2982,4.0821],[98.2267,4.1921],[98.2594,4.3222],[98.2364,4.4074],[97.9876,4.656],[97.898,4.871],[97.5397,5.1945],[97.4509,5.2224],[97.1897,5.1937],[96.9653,5.2557],[96.844,5.2609],[96.6163,5.2066],[96.2483,5.2537],[96.0196,5.34],[95.7318,5.5668],[95.3979,5.6152],[95.2407,5.5564],[95.2608,5.4086],[95.221,5.2861],[95.4439,4.8714],[95.5885,4.6712],[95.9969,4.2734],[96.2392,4.0827],[96.4538,3.8265],[96.5305,3.7793],[96.8059,3.7213],[96.9793,3.5838],[97.4006,2.9854],[97.6016,2.8557],[97.7126,2.3664],[97.8006,2.2957],[98.0932,2.2068],[98.6062,1.8726],[98.809,1.4994],[99.1706,0.3593],[99.3406,0.2207],[99.6045,0.1142],[99.6799,0.0543],[99.8715,-0.3064],[100.3205,-0.8207],[100.4985,-1.2929],[100.8689,-1.9308],[100.8616,-2.1416],[100.9017,-2.2427],[101.1286,-2.5786],[101.3776,-2.8012],[101.5894,-3.1588],[102.1369,-3.5893],[102.3828,-3.9611],[102.5471,-4.1424],[102.9267,-4.4596],[103.8411,-5.07],[103.9,-5.1467],[103.85,-5.1833]],[[109.35,4.95],[109.3833,4.9167],[109.3833,4.95],[109.4667,5.0167],[109.35,4.9833],[109.35,4.95]],[[109.35,4.9167],[109.2667,4.9333],[109.3667,4.8667],[109.3833,4.8167],[109.3833,4.9],[109.35,4.9167]],[[109.2167,5.1],[109.1667,5.1167],[109.1667,5.05],[109.2167,5.05],[109.2167,5.1]],[[118.6,6.3],[118.6167,6.2333],[118.6667,6.2667],[118.65,6.3167],[118.6,6.3]],[[117.7569,4.2395],[117.6767,4.2401],[117.6414,4.1239],[117.7411,4.0191],[117.9079,4.0642],[117.8737,4.1767],[117.7569,4.2395]],[[117.5587,3.419],[117.5718,3.336],[117.6404,3.2714],[117.666,3.4011],[117.5587,3.419]],[[117.0872,7.1389],[117.1356,7.1809],[117.2318,7.1972],[117.2541,7.3368],[117.1528,7.3242],[117.0775,7.2545],[117.0872,7.1389]],[[116.3815,-3.6013],[116.4107,-3.4628],[116.4122,-3.4276],[116.3424,-3.5389],[116.3815,-3.6013]],[[116.2736,-3.4529],[116.2552,-3.2696],[116.128,-3.3487],[116.0763,-3.4625],[116.032,-3.697],[116.0908,-3.8149],[116.0727,-4.0031],[116.0955,-4.0342],[116.2879,-3.8638],[116.2736,-3.4529]],[[115.4201,-6.9272],[115.5226,-6.9256],[115.4113,-6.8532],[115.3549,-6.852],[115.2502,-6.873],[115.2341,-6.9441],[115.2974,-6.9737],[115.4201,-6.9272]],[[114.3177,-7.1004],[114.3546,-7.151],[114.389,-7.1577],[114.3748,-7.0926],[114.3177,-7.1004]],[[112.7415,-7.0729],[112.7727,-7.128],[113.0431,-7.1986],[113.4685,-7.205],[113.6517,-7.098],[113.8213,-7.1062],[113.8771,-7.0374],[114.066,-6.9804],[113.9697,-6.8866],[113.0681,-6.8935],[112.8743,-6.9128],[112.7415,-7.0729]],[[112.6553,-5.7437],[112.6016,-5.8062],[112.6114,-5.8304],[112.6905,-5.8328],[112.7064,-5.8064],[112.7129,-5.759],[112.6553,-5.7437]],[[111.3248,2.4445],[111.3739,2.4234],[111.3648,2.7067],[111.3372,2.7539],[111.3141,2.735],[111.3248,2.4445]],[[109.7026,-1.1694],[109.7466,-1.1053],[109.7315,-1.0474],[109.6128,-0.9927],[109.485,-0.9984],[109.4422,-1.2364],[109.47,-1.2647],[109.7026,-1.1694]],[[108.9402,-1.61],[108.9427,-1.5738],[108.8777,-1.5541],[108.8209,-1.5757],[108.846,-1.6443],[108.9402,-1.61]],[[108.8366,2.8704],[108.8739,2.9106],[108.8727,2.9769],[108.8062,2.8893],[108.8366,2.8704]],[[108.2086,4.1885],[108.0169,4.036],[108.0556,3.8973],[108.2599,3.8198],[108.2477,3.7759],[108.124,3.7053],[108.1819,3.6677],[108.3068,3.7012],[108.3853,3.8765],[108.3796,3.981],[108.2426,4.1463],[108.2368,4.1987],[108.2086,4.1885]],[[107.8104,-3.1499],[107.8249,-3.0873],[107.8584,-3.0713],[107.9503,-3.1188],[107.9886,-3.209],[108.0496,-3.213],[108.1789,-3.0983],[108.1942,-2.9936],[108.2753,-2.8304],[108.2049,-2.7062],[108.069,-2.6097],[107.8344,-2.5448],[107.6783,-2.5776],[107.6188,-2.8668],[107.5811,-2.9188],[107.6513,-3.1226],[107.6324,-3.1943],[107.8104,-3.1499]],[[107.428,-2.8511],[107.4167,-2.8744],[107.4349,-2.908],[107.4813,-2.8521],[107.428,-2.8511]],[[106.7831,-2.9765],[106.8645,-3.0105],[106.8934,-2.9428],[106.7988,-2.9136],[106.7582,-2.9391],[106.7831,-2.9765]],[[106.6056,-2.9408],[106.6665,-2.6982],[106.7833,-2.5788],[106.3571,-2.4766],[106.1958,-2.1931],[106.1487,-1.8712],[105.9726,-1.5501],[105.907,-1.5185],[105.7369,-1.5431],[105.7692,-1.6615],[105.7002,-1.7546],[105.5801,-1.5432],[105.4221,-1.6208],[105.3783,-1.7032],[105.3871,-1.8206],[105.199,-1.9281],[105.1509,-1.9784],[105.1475,-2.033],[105.3428,-2.1113],[105.5546,-2.0648],[105.7981,-2.173],[105.8198,-2.3031],[105.9535,-2.4902],[105.9219,-2.6427],[106.0066,-2.8129],[106.2556,-2.8816],[106.5516,-3.0429],[106.6517,-3.0582],[106.6056,-2.9408]],[[106.2599,3.2055],[106.2154,3.2007],[106.2267,3.1371],[106.2707,3.1114],[106.2599,3.2055]],[[105.8199,2.9702],[105.7057,3.0374],[105.7272,2.8735],[105.798,2.912],[105.8199,2.9702]],[[104.4805,-0.2003],[104.5672,-0.2315],[104.7039,-0.1943],[104.9148,-0.3083],[104.9613,-0.2707],[104.8447,-0.1622],[104.8116,-0.2103],[104.77,-0.1866],[104.6351,-0.0829],[104.626,-0.0292],[104.5512,-0.0001],[104.4805,-0.2003]],[[104.6578,0.0743],[104.6665,0.0691],[104.5315,0.212],[104.6133,0.1046],[104.6578,0.0743]],[[104.4506,0.9613],[104.4996,0.9389],[104.5127,0.8642],[104.5879,0.8667],[104.6492,1.0485],[104.6365,1.096],[104.5781,1.1333],[104.5733,1.1964],[104.5014,1.1661],[104.3674,1.1689],[104.2622,1.0946],[104.2638,1.0287],[104.4473,1.0662],[104.4781,0.9931],[104.4506,0.9613]],[[104.3202,-0.3939],[104.2739,-0.4613],[104.3419,-0.5322],[104.3683,-0.6269],[104.4088,-0.5671],[104.4958,-0.5879],[104.5734,-0.4655],[104.472,-0.3519],[104.3621,-0.4196],[104.3202,-0.3939]],[[104.1142,0.9137],[104.1803,0.8214],[104.2234,0.8414],[104.216,0.8691],[104.1142,0.9137]],[[104.1439,2.7672],[104.1565,2.7397],[104.2085,2.7427],[104.1801,2.8468],[104.1439,2.7672]],[[103.9668,1.1239],[103.9474,1.0678],[103.9716,1.0252],[104.0596,1.0049],[104.125,1.142],[104.0873,1.1212],[104.0292,1.1612],[104.0076,1.1237],[103.9668,1.1239]],[[103.9901,10.4136],[103.8723,10.3564],[103.9641,10.2498],[104.0245,10.0553],[104.0694,10.339],[104.0222,10.4147],[103.9901,10.4136]],[[103.714,1.4115],[103.6698,1.3329],[103.8194,1.2799],[103.9773,1.3628],[103.8171,1.4331],[103.714,1.4115]],[[103.491,-0.3046],[103.4785,-0.3469],[103.6057,-0.3691],[103.7457,-0.3181],[103.608,-0.2439],[103.5542,-0.2413],[103.491,-0.3046]],[[103.3776,0.8437],[103.3591,0.7802],[103.4334,0.6695],[103.4816,0.7245],[103.3776,0.8437]],[[103.364,1.107],[103.3327,1.0707],[103.4144,1.0102],[103.4109,1.0431],[103.364,1.107]],[[103.1949,0.6861],[103.1544,0.5577],[103.2727,0.5548],[103.281,0.6108],[103.2309,0.6853],[103.1949,0.6861]],[[102.7878,1.1517],[102.7366,1.1464],[102.7173,1.061],[102.8925,1.0089],[103.0914,0.8611],[103.1489,0.8719],[102.9923,1.0562],[102.7878,1.1517]],[[102.5496,1.1117],[102.4791,0.945],[102.4687,0.8944],[102.4981,0.8679],[103.0039,0.7288],[102.9906,0.8505],[102.719,0.9778],[102.5496,1.1117]],[[102.5914,11.668],[102.5481,11.6203],[102.5801,11.5964],[102.5914,11.668]],[[102.046,1.6104],[102.0339,1.5642],[102.0864,1.51],[102.2776,1.4663],[102.4846,1.3524],[102.4598,1.4987],[102.046,1.6104]],[[102.4298,1.2278],[102.3489,1.3357],[102.2638,1.3829],[102.2423,1.3447],[102.2686,1.1506],[102.3819,0.9766],[102.4138,0.9975],[102.4298,1.2278]],[[101.5485,2.0469],[101.456,2.0539],[101.4229,2.0163],[101.4171,1.9039],[101.4787,1.7679],[101.5999,1.7299],[101.7071,1.7973],[101.7592,1.9461],[101.6982,2.0689],[101.6406,2.1102],[101.5485,2.0469]],[[100.2458,5.4528],[100.2168,5.4382],[100.2054,5.2935],[100.259,5.2818],[100.3228,5.4069],[100.2458,5.4528]],[[99.9681,9.4388],[100.0427,9.4713],[100.0586,9.5678],[99.9606,9.5672],[99.9451,9.479],[99.9681,9.4388]],[[100.0021,9.7795],[100.0102,9.754],[100.0605,9.7006],[100.0363,9.7784],[100.0021,9.7795]],[[99.7494,6.3947],[99.6624,6.407],[99.7509,6.2786],[99.8197,6.3284],[99.8634,6.3123],[99.9022,6.359],[99.8448,6.4461],[99.7494,6.3947]],[[99.6513,6.5324],[99.6863,6.5732],[99.6527,6.6749],[99.6213,6.5972],[99.6513,6.5324]],[[98.4446,11.5806],[98.5173,11.5585],[98.5399,11.7425],[98.5156,11.7907],[98.3941,11.7796],[98.4446,11.5806]],[[98.4726,-0.1743],[98.4049,-0.0269],[98.3427,-0.0114],[98.4413,-0.2249],[98.3275,-0.5257],[98.3981,-0.561],[98.4481,-0.5221],[98.5298,-0.2605],[98.4726,-0.1743]],[[98.3954,7.9019],[98.4182,8.0766],[98.3416,8.0993],[98.3204,8.1402],[98.2761,7.9263],[98.3062,7.7935],[98.3868,7.8422],[98.3954,7.9019]],[[98.2094,11.4848],[98.2512,11.5304],[98.2901,11.7516],[98.2141,11.5632],[98.2094,11.4848]],[[98.1993,10.9435],[98.1675,10.9641],[98.1129,10.9052],[98.1599,10.9123],[98.2298,10.8453],[98.2671,10.7547],[98.1993,10.9435]],[[98.1743,9.9446],[98.2235,9.9653],[98.2751,10.0364],[98.2263,10.0322],[98.1524,9.9674],[98.1369,9.8995],[98.1743,9.9446]],[[98.0482,11.7491],[98.0284,11.7908],[98.0342,11.7021],[98.0646,11.6733],[98.0482,11.7491]],[[97.1441,2.2141],[97.2331,2.1696],[97.3203,2.0807],[97.2827,2.1897],[97.1441,2.2141]]],[[[114.5667,-8.65],[114.5833,-8.6833],[114.65,-8.7],[114.6333,-8.7667],[114.7,-8.8],[114.7167,-8.85],[114.5667,-8.85],[114.45,-8.7833],[114.2167,-8.7833],[114.2667,-8.7167],[114.25,-8.6833],[114.15,-8.6667],[114.1333,-8.6333],[113.9333,-8.6333],[113.8333,-8.55],[113.8,-8.5667],[113.8,-8.5028],[114.1608,-8.6128],[114.2796,-8.6008],[114.3919,-8.6945],[114.5752,-8.7538],[114.5822,-8.6922],[114.5232,-8.65],[114.5667,-8.65]]],[[[113.7667,-8.5],[113.7167,-8.55],[113.65,-8.5333],[113.65,-8.5833],[113.6167,-8.5833],[113.5667,-8.55],[113.6,-8.45],[113.4833,-8.45],[113.4333,-8.5],[113.2667,-8.5],[113.2667,-8.55],[113.2333,-8.5667],[113.2333,-8.5333],[113.15,-8.4833],[113.15,-8.4167],[113.2,-8.3833],[113.3,-8.4167],[113.3167,-8.35],[113.2833,-8.3],[113.2167,-8.3],[113.2,-8.3333],[113.15,-8.3],[112.9833,-8.3333],[112.95,-8.4167],[112.8667,-8.4333],[112.7833,-8.5333],[112.7333,-8.5333],[112.6833,-8.4833],[112.45,-8.4833],[112.35,-8.3667],[112.25,-8.3833],[112.2167,-8.35],[112.0,-8.3333],[111.9833,-8.3063],[112.6786,-8.3956],[113.1322,-8.2748],[113.256,-8.2732],[113.7922,-8.5],[113.7667,-8.5]]],[[[111.8,-8.3167],[111.8667,-8.45],[111.6333,-8.4333],[111.6,-8.3833],[111.65,-8.3833],[111.65,-8.35],[111.6167,-8.3333],[111.5667,-8.3333],[111.5333,-8.4],[111.4,-8.4],[111.3667,-8.2833],[111.2333,-8.2667],[111.1667,-8.3333],[111.0833,-8.3],[110.9333,-8.3167],[110.9167,-8.2333],[110.8667,-8.2333],[110.8667,-8.2667],[110.8167,-8.2833],[110.7667,-8.2833],[110.75,-8.2333],[110.5833,-8.2667],[110.5833,-8.2],[110.55,-8.1667],[110.5,-8.1667],[110.5,-8.2167],[110.3167,-8.1833],[110.2667,-8.1167],[110.0667,-8.0833],[110.0,-8.0],[109.95,-8.0667],[109.9,-8.0667],[109.8833,-8.0167],[109.9167,-8.0167],[109.9167,-7.9833],[109.8167,-7.9833],[109.8167,-8.0167],[109.7,-7.9833],[109.6333,-7.9833],[109.6,-8.0167],[109.3667,-8.0],[109.3333,-8.0667],[109.2333,-8.0667],[109.1833,-8.0333],[109.1167,-8.0333],[109.0833,-8.0667],[109.0333,-8.0167],[108.8833,-8.0333],[108.8,-8.0167],[108.8,-7.9833],[108.7333,-7.9833],[108.7333,-8.0167],[108.6333,-8.0],[108.6167,-8.05],[108.5667,-8.05],[108.5667,-7.9667],[108.3167,-7.9667],[108.3,-8.0],[108.2333,-8.0],[108.1333,-7.8833],[107.9333,-7.8833],[107.8833,-7.85],[107.85,-7.7667],[107.7833,-7.7667],[107.75,-7.7167],[107.65,-7.7333],[107.6333,-7.6333],[107.45,-7.5167],[107.3333,-7.5167],[107.3167,-7.55],[107.2667,-7.55],[107.2167,-7.5],[107.05,-7.4667],[107.0167,-7.5],[106.9,-7.4833],[106.8667,-7.5667],[106.7833,-7.5333],[106.5333,-7.55],[106.5667,-7.4833],[106.55,-7.5],[106.5167,-7.4833],[106.6,-7.4167],[106.5167,-7.4167],[106.4667,-7.3667],[106.4,-7.3667],[106.4,-7.3333],[106.35,-7.3333],[106.35,-7.3833],[106.2833,-7.3833],[106.25,-7.3],[106.2833,-7.2333],[106.3667,-7.2333],[106.3833,-7.1333],[106.45,-7.1333],[106.5286,-7.0667],[106.4301,-7.243],[106.4252,-7.3076],[106.4634,-7.3571],[106.6334,-7.4021],[107.2875,-7.4584],[107.5516,-7.5292],[107.9208,-7.711],[108.4466,-7.7833],[108.5656,-7.6945],[108.7397,-7.6536],[109.2838,-7.6916],[110.0436,-7.878],[110.6116,-8.1366],[111.057,-8.2261],[111.8,-8.3167]],[[108.5333,-7.8],[108.5333,-7.8667],[108.5667,-7.8667],[108.5667,-7.75],[108.5333,-7.8]],[[108.65,-7.8167],[108.6833,-7.8167],[108.6833,-7.75],[108.6333,-7.75],[108.65,-7.8167]],[[109.2667,-7.8833],[109.25,-7.9167],[109.1667,-7.8833],[109.1667,-7.9167],[109.3167,-7.9333],[109.3,-7.8333],[109.2667,-7.8833]],[[109.0833,-7.9],[109.0833,-7.9667],[109.1167,-7.9833],[109.1333,-7.9167],[109.0833,-7.9]],[[108.9833,-7.8833],[109.0167,-7.9],[109.0167,-7.8333],[108.9833,-7.8333],[108.9833,-7.8833]],[[108.1833,-7.85],[108.2667,-7.8667],[108.2667,-7.8333],[108.1833,-7.8167],[108.1833,-7.85]]],[[[96.5833,2.2],[96.65,2.2],[96.6333,2.2667],[96.7,2.2667],[96.7167,2.1667],[96.6667,2.2],[96.6667,2.1167],[96.7167,2.1],[96.7167,2.05],[96.6333,2.0333],[96.6,2.0667],[96.5833,2.2]]],[[[96.3333,2.3167],[96.3,2.35],[96.1833,2.3167],[96.1167,2.35],[96.1,2.4167],[96.05,2.4333],[96.0,2.5167],[95.9167,2.5],[95.8667,2.5333],[95.8667,2.5667],[95.8167,2.5333],[95.6667,2.6],[95.6333,2.6667],[95.5833,2.6833],[95.5833,2.7333],[95.6167,2.75],[95.6,2.8167],[95.55,2.85],[95.4667,2.8167],[95.45,2.9],[95.3667,2.95],[95.3833,3.0],[95.4167,3.0167],[95.4333,2.9833],[95.4833,2.9833],[95.5167,2.9],[95.55,2.9167],[95.5833,2.8667],[95.6333,2.8667],[95.6333,2.9167],[95.7,2.9167],[95.6667,3.05],[95.6667,3.15],[95.7,3.1833],[95.7167,2.9833],[95.8,2.9833],[95.85,2.9333],[95.9,2.95],[95.9,2.9],[95.95,2.9],[95.9833,2.8167],[96.0667,2.8],[96.1167,2.75],[96.1667,2.7667],[96.2,2.6833],[96.3,2.6667],[96.2833,2.7167],[96.3167,2.7167],[96.3167,2.6833],[96.4,2.6833],[96.4,2.55],[96.5833,2.45],[96.6667,2.3333],[96.6167,2.3333],[96.5667,2.2667],[96.4667,2.3],[96.3833,2.2833],[96.3833,2.3167],[96.3333,2.3167]],[[96.35,2.5667],[95.9901,2.7699],[95.8885,2.8772],[95.8127,2.9],[95.7833,2.8473],[95.7333,2.85],[95.76,2.8333],[95.733,2.8191],[95.7455,2.7722],[95.8167,2.6677],[96.026,2.6091],[96.3485,2.3836],[96.4493,2.3715],[96.4306,2.4604],[96.35,2.5667]]],[[[95.2167,5.8833],[95.2333,5.9],[95.2912,5.8105],[95.3367,5.7994],[95.3476,5.8659],[95.2841,5.8833],[95.3167,5.9333],[95.3833,5.85],[95.3833,5.8],[95.3333,5.75],[95.2667,5.7667],[95.2167,5.8833]]],[[[96.6667,10.0667],[96.6333,10.0667],[96.6333,10.1167],[96.7,10.1],[96.7,10.0667],[96.6667,10.0667]]],[[[97.3167,11.3333],[97.35,11.2833],[97.3333,11.2],[97.3,11.2],[97.3167,11.3333]]],[[[98.6167,-0.5667],[98.5833,-0.5167],[98.6833,-0.5167],[98.75,-0.5667],[98.7833,-0.7333],[98.8333,-0.75],[98.8833,-0.8833],[98.9833,-0.9667],[99.0167,-1.15],[99.05,-1.1667],[99.1,-1.3167],[99.15,-1.35],[99.2333,-1.5667],[99.2833,-1.6],[99.3,-1.6667],[99.4167,-1.75],[99.4167,-1.8167],[99.45,-1.8167],[99.4667,-1.8667],[99.5,-1.8667],[99.5667,-1.95],[99.6333,-1.9667],[99.6333,-2.0167],[99.6667,-2.0167],[99.7333,-2.1167],[99.7333,-2.1982],[99.6755,-2.0721],[99.5819,-2.0377],[99.553,-2.16],[99.6153,-2.246],[99.8286,-2.344],[99.7727,-2.25],[99.8333,-2.2667],[99.85,-2.3333],[99.9167,-2.3667],[99.9167,-2.4667],[99.9333,-2.4333],[99.9833,-2.4333],[100.0167,-2.5],[100.0667,-2.5],[100.1667,-2.6],[100.1667,-2.6333],[100.2333,-2.6833],[100.25,-2.7667],[100.2833,-2.7667],[100.2833,-2.8167],[100.4333,-2.95],[100.4333,-2.9992],[100.2401,-2.797],[100.2067,-2.7986],[100.2171,-2.9813],[100.3434,-3.1048],[100.3598,-3.2231],[100.4407,-3.2906],[100.4112,-3.1833],[100.4511,-3.1101],[100.4341,-3.0],[100.4833,-3.0],[100.4833,-3.0667],[100.5667,-3.1333],[100.6,-3.2333],[100.7,-3.3167],[100.85,-3.6333],[100.9167,-3.7],[100.9,-3.7833],[100.8333,-3.8],[100.7833,-3.7667],[100.7,-3.7667],[100.6833,-3.65],[100.6,-3.6167],[100.55,-3.5],[100.5,-3.5],[100.4667,-3.45],[100.3833,-3.4167],[100.25,-3.2],[100.1333,-3.1167],[100.15,-2.9167],[100.05,-2.9333],[99.95,-2.8833],[99.9167,-2.6833],[99.8667,-2.6667],[99.8667,-2.55],[99.7,-2.4167],[99.6333,-2.4167],[99.6167,-2.35],[99.5167,-2.3],[99.5,-2.2167],[99.4333,-2.15],[99.4167,-2.05],[99.3667,-2.05],[99.3667,-2.0167],[99.3167,-2.0],[99.2167,-1.8667],[99.1667,-1.8667],[99.1667,-1.8333],[99.15,-1.8667],[99.1,-1.85],[99.0667,-1.9167],[99.0333,-1.8833],[98.9667,-1.8833],[98.9,-1.8333],[98.9,-1.8],[98.8667,-1.8],[98.7833,-1.6667],[98.7333,-1.6667],[98.6833,-1.5],[98.6333,-1.5],[98.5833,-1.35],[98.5167,-1.3],[98.5167,-1.25],[98.4667,-1.2333],[98.45,-1.1833],[98.45,-1.1333],[98.4833,-1.1333],[98.5167,-1.05],[98.6,-1.0333],[98.5833,-0.9667],[98.65,-0.8833],[98.5833,-0.7833],[98.6833,-0.7833],[98.7,-0.75],[98.6833,-0.6667],[98.6,-0.6167],[98.6167,-0.5667]],[[100.1267,-2.8078],[100.1904,-2.7361],[100.1887,-2.6859],[100.0105,-2.5271],[99.982,-2.6058],[100.0105,-2.6452],[100.0055,-2.7671],[100.0236,-2.8064],[100.1267,-2.8078]],[[99.0528,-1.2466],[98.9421,-1.0613],[98.9207,-0.9625],[98.8671,-0.9302],[98.6867,-0.9815],[98.6161,-1.1974],[98.8292,-1.5332],[98.8405,-1.604],[99.0752,-1.7698],[99.1611,-1.7646],[99.2576,-1.7292],[99.254,-1.6328],[99.1154,-1.444],[99.0528,-1.2466]]],[[[97.8167,-0.05],[97.8833,-0.0333],[97.9667,-0.1167],[97.8167,-0.1833],[97.7833,-0.1],[97.8167,-0.05]]],[[[97.7833,0.1667],[97.7667,0.2167],[97.8,0.3],[97.75,0.3167],[97.75,0.35],[97.8,0.3667],[97.7833,0.4167],[97.8167,0.4333],[97.9333,0.35],[97.95,0.1833],[97.7833,0.1667]]],[[[100.95,-4.1333],[100.9667,-4.0833],[100.9,-4.0667],[100.8833,-3.9167],[101.0,-3.8667],[101.0667,-3.9],[101.0833,-3.9667],[101.1833,-4.0333],[101.25,-4.15],[101.25,-4.2333],[101.3667,-4.3833],[101.3833,-4.45],[101.3333,-4.4667],[101.3333,-4.5],[101.2667,-4.5],[101.2333,-4.45],[101.1667,-4.4333],[101.15,-4.35],[101.2333,-4.3667],[101.2,-4.2333],[101.0833,-4.1333],[101.0333,-4.1333],[101.0,-4.1833],[100.9333,-4.1833],[100.95,-4.1333]],[[100.9833,-4.0167],[101.0167,-4.0833],[101.0667,-4.1],[101.0833,-3.9833],[101.0,-3.9667],[100.9833,-4.0167]]],[[[102.1833,-5.5667],[102.15,-5.5667],[102.1,-5.4333],[102.0667,-5.4333],[102.0167,-5.3667],[102.0167,-5.2833],[102.0833,-5.2833],[102.1,-5.2333],[102.15,-5.2333],[102.15,-5.2667],[102.2667,-5.2667],[102.3667,-5.3167],[102.3667,-5.3667],[102.4167,-5.3333],[102.4333,-5.4167],[102.5,-5.4833],[102.5,-5.5333],[102.3667,-5.5667],[102.3667,-5.6167],[102.3333,-5.6333],[102.25,-5.6333],[102.1833,-5.5667]],[[102.1285,-5.3251],[102.2904,-5.4697],[102.3587,-5.4657],[102.3893,-5.4068],[102.1952,-5.3022],[102.1285,-5.3251]]],[[[104.7667,-5.7833],[104.75,-5.75],[104.8167,-5.75],[104.8333,-5.7833],[104.9,-5.7667],[104.9333,-5.8167],[104.85,-5.8667],[104.7667,-5.7833]]],[[[109.0667,6.3667],[109.0833,6.3],[109.0333,6.2667],[109.0,6.35],[109.0167,6.3833],[109.0667,6.3667]]],[[[108.9833,6.4167],[108.9833,6.4833],[109.0167,6.5],[109.0333,6.4333],[108.9833,6.4167]]],[[[108.85,7.3333],[108.8,7.3333],[108.7833,7.25],[108.7333,7.2667],[108.7667,7.35],[108.85,7.3667],[108.85,7.3333]]],[[[108.8833,7.55],[108.95,7.5333],[108.9333,7.4667],[108.8667,7.5167],[108.8833,7.55]]],[[[109.0333,7.8833],[109.0667,7.9667],[109.0833,7.9667],[109.1,7.9167],[109.0333,7.8833]]],[[[108.8833,9.0167],[108.8333,9.0167],[108.8667,9.0833],[108.9,9.05],[108.8833,9.0167]]],[[[108.95,9.15],[108.9167,9.1667],[109.0167,9.1833],[109.0,9.1333],[108.95,9.15]]],[[[109.55,5.1667],[109.5667,5.2],[109.6,5.2],[109.5833,5.1333],[109.55,5.1333],[109.55,5.1667]]],[[[109.5333,5.1667],[109.5,5.1667],[109.5,5.2333],[109.55,5.2167],[109.5333,5.1667]]],[[[109.5,7.4667],[109.5667,7.4667],[109.5667,7.5667],[109.8833,7.5667],[109.85,7.5167],[109.7167,7.5167],[109.6167,7.4],[109.5667,7.3833],[109.5167,7.4],[109.5167,7.4333],[109.4667,7.4],[109.4667,7.45],[109.5,7.4667]]],[[[109.2667,9.9333],[109.2167,9.9],[109.2167,9.9833],[109.25,9.9833],[109.25,9.95],[109.2833,9.95],[109.2667,9.9333]]],[[[109.2833,10.4],[109.2667,10.3167],[109.1167,10.2333],[109.1167,10.2833],[109.1667,10.2833],[109.1833,10.4],[109.2833,10.4]]],[[[109.4833,11.1],[109.4333,11.1167],[109.4667,11.1667],[109.4833,11.1667],[109.4833,11.1]]],[[[109.45,11.3],[109.5167,11.3667],[109.4833,11.4167],[109.5,11.55],[109.55,11.55],[109.55,11.6],[109.5833,11.6167],[109.6667,11.5833],[109.6333,11.5333],[109.65,11.4667],[109.6,11.4167],[109.6167,11.3667],[109.5833,11.1833],[109.55,11.15],[109.5,11.1667],[109.5333,11.3],[109.45,11.3]]],[[[110.05,5.7],[110.0833,5.6667],[110.0833,5.6],[110.0333,5.5833],[109.9833,5.6167],[109.9833,5.6833],[110.05,5.7]]],[[[109.9167,7.5],[109.8833,7.4833],[109.8833,7.5333],[109.9667,7.5333],[109.9667,7.5],[109.9167,7.5]]],[[[109.9,7.9167],[109.9167,7.95],[109.9667,7.9333],[109.9667,8.0167],[110.0167,8.0333],[110.0667,7.9833],[110.05,7.8167],[110.0,7.7833],[109.9167,7.7833],[109.9,7.9167]]],[[[109.75,11.4],[109.7333,11.3667],[109.6667,11.3333],[109.6833,11.4333],[109.75,11.4]]],[[[110.4667,5.15],[110.5167,5.2],[110.5167,5.3167],[110.55,5.25],[110.6167,5.25],[110.6167,5.2167],[110.55,5.1833],[110.55,5.05],[110.4833,5.0667],[110.45,5.1167],[110.4667,5.15]]],[[[110.2667,5.3167],[110.3833,5.3333],[110.4,5.2833],[110.35,5.2167],[110.3167,5.2167],[110.3,5.2667],[110.25,5.25],[110.2667,5.3167]]],[[[110.45,7.7667],[110.4667,7.8333],[110.5333,7.8167],[110.5333,7.7833],[110.45,7.7667]]],[[[110.5667,7.95],[110.5667,8.0667],[110.6333,8.0833],[110.6333,7.95],[110.5667,7.95]]],[[[110.55,8.1833],[110.6,8.2],[110.6,8.1333],[110.5333,8.0833],[110.5333,8.05],[110.45,8.0667],[110.4333,8.15],[110.5333,8.15],[110.55,8.1833]]],[[[111.1167,5.1667],[111.0667,5.1833],[111.0667,5.15],[111.0333,5.15],[111.0333,5.2],[110.9667,5.2167],[110.95,5.3333],[111.0167,5.4],[111.0833,5.3833],[111.0833,5.25],[111.1167,5.2333],[111.1,5.3833],[111.1167,5.4167],[111.1667,5.4167],[111.1833,5.3167],[111.2333,5.3167],[111.25,5.2667],[111.1667,5.2333],[111.1833,5.1833],[111.15,5.15],[111.1167,5.1667]]],[[[111.6667,5.3],[111.7,5.3667],[111.7333,5.3667],[111.75,5.2333],[111.6667,5.3]]],[[[111.9667,5.3333],[111.9167,5.3],[111.8833,5.35],[111.95,5.3667],[111.9667,5.3333]]],[[[111.3833,5.35],[111.3333,5.35],[111.35,5.4167],[111.4,5.4167],[111.3833,5.35]]],[[[111.8667,5.45],[111.9167,5.4667],[111.9333,5.4333],[111.8667,5.4],[111.8667,5.45]]],[[[112.2333,5.5333],[112.2333,5.4833],[112.1667,5.4667],[112.15,5.5167],[112.1833,5.55],[112.2333,5.5333]]],[[[112.3667,5.4333],[112.4,5.35],[112.3333,5.35],[112.3,5.5],[112.3667,5.4833],[112.3667,5.4333]]],[[[111.5333,7.6667],[111.55,7.8333],[111.5833,7.8833],[111.6667,7.9833],[111.7333,7.9667],[111.7667,7.9],[111.7667,7.6833],[111.65,7.6333],[111.5833,7.55],[111.5333,7.55],[111.5333,7.6667]]],[[[112.2667,8.8167],[112.1833,8.8167],[112.2167,8.9],[112.2667,8.9],[112.2667,8.8167]]],[[[112.4333,5.5667],[112.35,5.5833],[112.35,5.65],[112.4333,5.7],[112.4333,5.8333],[112.5,5.8833],[112.5,5.8],[112.5333,5.7833],[112.5167,5.6167],[112.5833,5.5667],[112.5833,5.4167],[112.6333,5.35],[112.5667,5.35],[112.55,5.3833],[112.4833,5.35],[112.45,5.3667],[112.45,5.4333],[112.4167,5.4667],[112.4333,5.5667]]],[[[112.5667,5.8667],[112.5167,5.8833],[112.5333,5.9667],[112.5667,5.9667],[112.5667,5.8667]]],[[[113.8667,7.4167],[113.8667,7.3833],[113.7667,7.3833],[113.7667,7.4167],[113.8667,7.4167]]],[[[113.7833,7.65],[114.0,7.6667],[114.0,7.6333],[114.0667,7.6333],[114.0833,7.7333],[114.15,7.7333],[114.15,7.7833],[114.1833,7.7833],[114.1833,7.8667],[114.2333,7.8667],[114.2667,7.9333],[114.2667,7.85],[114.35,7.8],[114.35,7.7],[114.2167,7.6667],[114.1833,7.6],[113.9833,7.6],[113.95,7.5667],[113.9,7.6],[113.7667,7.5833],[113.75,7.6333],[113.7833,7.65]]],[[[112.8667,7.9167],[112.9333,7.9167],[112.9333,7.8833],[112.8833,7.8667],[112.8667,7.9167]]],[[[113.8667,8.0167],[113.9667,8.0167],[113.9833,7.9],[113.8833,7.95],[113.8667,8.0167]]],[[[113.2667,8.1667],[113.3167,8.2167],[113.3167,8.2833],[113.3667,8.3],[113.3667,8.1667],[113.25,8.0667],[113.15,8.05],[113.15,8.0833],[113.2167,8.1],[113.2667,8.1667]]],[[[114.2333,8.7],[114.2,8.6833],[114.15,8.7333],[114.1667,8.85],[114.2333,8.85],[114.2833,8.8],[114.2667,8.7167],[114.2333,8.7]]],[[[113.9167,8.8833],[113.95,8.9],[114.0667,8.8667],[114.0833,8.7833],[114.0333,8.7667],[114.0167,8.8],[113.9167,8.8],[113.9167,8.8833]]],[[[112.6333,8.8667],[112.65,8.8167],[112.5167,8.8167],[112.55,8.8667],[112.6333,8.8667]]],[[[113.65,8.95],[113.6833,9.0167],[113.75,9.0167],[113.7333,8.95],[113.65,8.95]]],[[[112.9333,9.5667],[112.85,9.5333],[112.8667,9.6167],[113.1,9.7167],[113.1,9.6833],[113.05,9.6667],[113.05,9.6167],[112.95,9.55],[112.9333,9.5667]]],[[[113.85,10.1333],[113.8833,10.1333],[113.8833,10.0333],[113.8333,9.9833],[113.85,10.1333]]],[[[114.1167,11.0],[114.15,11.0],[114.1833,11.0833],[114.4333,11.1167],[114.2833,11.0],[114.1667,11.0],[114.1333,10.9667],[114.1333,10.8833],[114.0667,10.8833],[114.0333,10.95],[114.1167,11.0]]],[[[114.4667,7.95],[114.5,7.9167],[114.4833,7.8667],[114.3833,7.8833],[114.35,7.9333],[114.35,7.9667],[114.4667,7.95]]],[[[114.6167,8.1667],[114.6333,8.2167],[114.8333,8.2167],[114.8333,8.15],[114.8,8.1333],[114.8167,8.1],[114.6667,8.0667],[114.5167,8.0667],[114.4833,8.1],[114.5333,8.15],[114.6167,8.1667]]],[[[114.2333,9.7833],[114.3,9.9],[114.5167,9.9167],[114.5167,9.9667],[114.6667,10.0],[114.6667,9.9167],[114.6167,9.9],[114.6333,9.8667],[114.4,9.7667],[114.3333,9.7],[114.2833,9.7],[114.2833,9.6667],[114.25,9.6667],[114.25,9.7167],[114.2167,9.7333],[114.2333,9.7833]]],[[[114.35,10.0],[114.4167,10.0167],[114.4333,9.9667],[114.35,9.9667],[114.35,10.0]]],[[[114.25,10.2667],[114.3,10.2667],[114.3333,10.3],[114.3333,10.3667],[114.4,10.4167],[114.5167,10.3667],[114.55,10.3],[114.6,10.3],[114.65,10.3667],[114.7333,10.3833],[114.6667,10.2833],[114.6333,10.3],[114.5333,10.2333],[114.4167,10.2333],[114.3,10.15],[114.2167,10.2],[114.25,10.2667]]],[[[114.35,10.6833],[114.3,10.6833],[114.3167,10.75],[114.45,10.7667],[114.55,10.9],[114.6,10.9],[114.6,10.7667],[114.55,10.7],[114.4667,10.6833],[114.45,10.65],[114.35,10.6833]]],[[[114.9,10.8833],[114.9167,10.9333],[114.9667,10.9333],[114.9333,10.9167],[114.9333,10.8833],[114.9667,10.8833],[114.9333,10.8333],[114.9,10.8833]]],[[[114.6667,11.05],[114.7167,11.1],[114.7167,11.15],[114.8167,11.1667],[114.8167,11.0833],[114.7667,11.0833],[114.6333,10.9333],[114.6,10.9333],[114.6667,11.05]]],[[[114.6167,11.4167],[114.6333,11.5333],[114.7333,11.5167],[114.7333,11.45],[114.6333,11.4],[114.6333,11.3333],[114.5667,11.3333],[114.5833,11.4],[114.6167,11.4167]]],[[[116.1,-8.9167],[116.05,-8.9],[116.0333,-8.95],[115.9833,-8.95],[115.9333,-8.8833],[115.8833,-8.9],[115.85,-8.85],[115.8,-8.85],[115.8,-8.7667],[115.85,-8.6667],[115.9333,-8.6667],[116.0333,-8.6167],[116.0167,-8.4333],[116.05,-8.4],[116.0167,-8.3333],[116.1833,-8.3167],[116.3333,-8.2],[116.4667,-8.2167],[116.5,-8.2499],[116.4017,-8.2184],[116.3104,-8.2501],[116.0752,-8.4429],[116.0899,-8.7537],[116.0342,-8.7789],[115.8787,-8.7602],[115.8844,-8.8145],[116.3776,-8.9152],[116.5614,-8.8775],[116.4963,-8.8245],[116.7198,-8.3862],[116.6794,-8.3151],[116.5004,-8.25],[116.6833,-8.25],[116.7333,-8.2833],[116.7667,-8.45],[116.7,-8.5167],[116.7167,-8.6],[116.85,-8.4],[116.9333,-8.4333],[117.0167,-8.4],[117.05,-8.3333],[117.25,-8.3333],[117.2833,-8.4],[117.3333,-8.4],[117.3333,-8.4333],[117.3833,-8.4443],[117.3535,-8.4418],[117.2202,-8.3877],[117.1686,-8.3813],[116.957,-8.5167],[116.845,-8.5427],[116.7969,-8.6654],[116.8209,-8.8126],[116.7854,-8.8975],[116.799,-8.9965],[117.0608,-9.0851],[117.2051,-9.0212],[117.3863,-9.0185],[117.7291,-8.9064],[117.8598,-8.9175],[118.0688,-8.8369],[118.184,-8.8281],[118.381,-8.6544],[118.4341,-8.8421],[118.7298,-8.7915],[118.8208,-8.822],[118.7452,-8.7846],[118.7295,-8.7264],[118.9045,-8.689],[119.0061,-8.7357],[119.0727,-8.7182],[119.1135,-8.6688],[119.0333,-8.5733],[119.0667,-8.5667],[119.0667,-8.5],[119.0291,-8.5333],[119.0303,-8.4596],[118.9772,-8.3469],[118.9218,-8.3109],[118.759,-8.3407],[118.7188,-8.4385],[118.6065,-8.2934],[118.4932,-8.2849],[118.2882,-8.3711],[118.2328,-8.3274],[118.1878,-8.2667],[118.2333,-8.2833],[118.2333,-8.3167],[118.35,-8.3333],[118.3667,-8.2667],[118.4167,-8.2333],[118.5167,-8.2667],[118.5667,-8.25],[118.65,-8.2833],[118.6833,-8.35],[118.7333,-8.35],[118.7833,-8.2833],[118.95,-8.2833],[119.05,-8.3167],[119.05,-8.35],[119.1167,-8.4],[119.1667,-8.4],[119.2667,-8.5333],[119.2667,-8.5833],[119.2167,-8.5667],[119.2167,-8.6],[119.2667,-8.6333],[119.2667,-8.7],[119.2167,-8.7],[119.1333,-8.7667],[119.0,-8.7667],[118.9667,-8.8667],[118.65,-8.8333],[118.55,-8.9],[118.4167,-8.9],[118.4167,-8.8667],[118.35,-8.9],[118.3167,-8.8167],[118.2667,-8.8167],[118.2667,-8.85],[118.15,-8.9167],[118.0667,-8.9167],[118.0333,-8.8833],[117.9167,-8.9667],[117.8667,-8.9667],[117.85,-8.9333],[117.7833,-8.9333],[117.7833,-8.9667],[117.7,-8.95],[117.4,-9.0833],[117.25,-9.0667],[117.2,-9.0333],[117.1833,-9.1],[117.0833,-9.1],[117.0667,-9.1333],[116.9667,-9.1333],[116.95,-9.1],[116.8667,-9.1],[116.7167,-9.0333],[116.6833,-9.0],[116.6833,-8.8333],[116.65,-8.85],[116.6667,-8.9],[116.5833,-8.9],[116.5667,-8.95],[116.5,-8.95],[116.4833,-8.9833],[116.25,-8.95],[116.15,-8.9667],[116.1,-8.9167]]],[[[117.4,-8.4333],[117.4,-8.35],[117.5167,-8.1333],[117.7,-8.15],[117.7333,-8.0833],[117.7833,-8.0833],[117.8,-8.1167],[117.8833,-8.0833],[118.1,-8.1],[118.15,-8.1333],[118.15,-8.1817],[118.1116,-8.135],[117.9214,-8.1028],[117.7663,-8.1594],[117.7526,-8.2041],[117.8243,-8.3323],[117.9847,-8.4463],[118.1064,-8.4628],[118.251,-8.5894],[118.2144,-8.6658],[118.1076,-8.6638],[117.9712,-8.7427],[117.7996,-8.7252],[117.6314,-8.5428],[117.6102,-8.4684],[117.5637,-8.4401],[117.4,-8.4333]],[[117.6667,-8.2667],[117.6,-8.3833],[117.7,-8.4],[117.7,-8.45],[117.7667,-8.45],[117.7833,-8.5167],[118.1,-8.5167],[118.0833,-8.4667],[117.9667,-8.4833],[117.9333,-8.4333],[117.8167,-8.3833],[117.7167,-8.25],[117.6667,-8.2667]],[[117.5363,-8.3544],[117.6553,-8.186],[117.6529,-8.1621],[117.5029,-8.1919],[117.5075,-8.3416],[117.5363,-8.3544]]],[[[115.4167,-8.75],[115.4,-8.6667],[115.4833,-8.6333],[115.5167,-8.6833],[115.5833,-8.6667],[115.65,-8.7667],[115.6167,-8.8333],[115.55,-8.85],[115.4167,-8.75]],[[115.5462,-8.6879],[115.4998,-8.7188],[115.5797,-8.7856],[115.5994,-8.7192],[115.5462,-8.6879]]],[[[115.3833,8.35],[115.4,8.3833],[115.4333,8.3833],[115.4333,8.3167],[115.3667,8.3167],[115.3833,8.35]]],[[[115.2833,8.3667],[115.2333,8.35],[115.2,8.4],[115.2333,8.4],[115.2833,8.3667]]],[[[115.8833,9.7333],[115.8667,9.7167],[115.8333,9.75],[115.85,9.8],[115.9,9.8],[115.8833,9.7333]]],[[[116.5333,9.7667],[116.6,9.7167],[116.4667,9.7167],[116.4167,9.8],[116.45,9.8167],[116.5333,9.7667]]],[[[115.5333,9.95],[115.5667,9.9],[115.5,9.8833],[115.5,9.9333],[115.5333,9.95]]],[[[115.1333,10.3333],[115.05,10.3167],[115.05,10.3667],[115.1333,10.3667],[115.1333,10.3333]]],[[[115.8,10.5167],[115.7667,10.45],[115.7,10.5],[115.7167,10.5333],[115.8,10.5167]]],[[[116.1833,10.8],[116.2667,10.9167],[116.2667,10.9833],[116.3167,11.0],[116.3333,10.9333],[116.4,10.9],[116.4,10.8667],[116.2833,10.8167],[116.2333,10.7667],[116.2167,10.65],[116.15,10.6167],[116.1333,10.6833],[116.1833,10.8]]],[[[115.8,10.7833],[115.8667,10.7833],[115.8833,10.7],[115.85,10.65],[115.8167,10.65],[115.8,10.7833]]],[[[116.45,11.0167],[116.3667,11.0333],[116.3167,11.1167],[116.4333,11.3],[116.4167,11.3833],[116.4667,11.4167],[116.4833,11.5333],[116.5333,11.55],[116.55,11.4833],[116.6,11.5167],[116.6,11.5667],[116.5333,11.6],[116.5667,11.7],[116.65,11.7167],[116.7333,11.7833],[116.75,11.9167],[116.8833,11.9333],[116.9167,11.9833],[116.9833,12.0],[117.15,12.0],[117.1833,11.9667],[117.15,11.8833],[117.1333,11.9167],[117.0667,11.8833],[117.1167,11.75],[117.1667,11.75],[117.1833,11.8],[117.3,11.8333],[117.3833,11.6833],[117.3,11.65],[117.3,11.5833],[117.2167,11.5833],[117.1833,11.4833],[117.0333,11.4167],[117.05,11.3667],[116.9833,11.2667],[116.9833,11.1333],[117.0167,11.1167],[117.0167,11.0167],[116.9833,10.9667],[116.8833,10.9333],[116.8667,10.85],[116.7833,10.8167],[116.7333,10.8333],[116.7,10.7833],[116.6167,10.7833],[116.65,10.9],[116.6167,10.9167],[116.6,11.0],[116.5667,11.0],[116.5667,10.9667],[116.5,11.0],[116.5167,10.9333],[116.4833,10.9],[116.4167,10.9],[116.4167,10.95],[116.3667,10.9833],[116.4333,10.9833],[116.45,11.0167]]],[[[116.0333,11.2167],[116.0167,11.2833],[116.05,11.3167],[116.05,11.4],[116.0833,11.4],[116.2,11.55],[116.2833,11.75],[116.3333,11.75],[116.3333,11.65],[116.2667,11.6],[116.2667,11.5],[116.2333,11.4667],[116.2167,11.2833],[116.1333,11.2167],[116.1,11.0667],[116.0333,11.2167]]],[[[116.8,7.75],[116.75,7.8667],[116.75,8.0167],[116.7833,8.0833],[116.8167,8.0833],[116.7833,8.2167],[116.8167,8.2333],[116.8333,8.45],[116.9167,8.4833],[116.9167,8.5667],[116.95,8.5833],[116.9667,8.65],[117.0,8.65],[117.0,8.7],[117.1333,8.85],[117.15,8.9333],[117.2333,9.0],[117.2333,9.0333],[117.2667,9.0333],[117.3167,9.15],[117.4,9.2],[117.5333,9.3833],[117.6167,9.3833],[117.6167,9.4333],[117.7333,9.4833],[117.7333,9.5167],[117.8333,9.5833],[117.8167,9.6333],[117.8833,9.6667],[117.9,9.75],[117.9667,9.7667],[117.9667,9.8333],[118.0167,9.8333],[118.0833,10.0167],[118.15,10.0333],[118.1333,10.1],[118.2167,10.2167],[118.25,10.2167],[118.25,10.3],[118.3167,10.35],[118.4167,10.5333],[118.55,10.65],[118.55,10.6833],[118.75,10.7],[118.7167,10.8333],[118.7333,10.8667],[118.8333,10.8667],[118.7667,10.9],[118.7667,10.95],[118.8333,10.9667],[118.8833,10.9333],[118.8667,11.0167],[118.8333,10.9833],[118.7667,10.9833],[118.75,11.0667],[118.7833,11.0833],[118.8833,11.0333],[118.8667,11.1],[118.8167,11.1333],[118.8333,11.2167],[118.9833,11.4833],[119.1167,11.55],[119.1167,11.5833],[119.1667,11.6],[119.25,11.7],[119.2667,11.8833],[119.4333,12.0],[120.0,12.0],[120.0,11.9168],[119.9159,11.9662],[119.8781,11.9474],[119.9571,11.6973],[120.0,11.7006],[120.0,10.3333],[119.9,10.3],[119.8333,10.2167],[119.8,10.2167],[119.7333,10.1333],[119.75,10.1],[119.7,10.0667],[119.5833,10.0333],[119.5667,10.0],[119.4333,10.0167],[119.4167,9.9667],[119.5,9.9333],[119.5,9.8667],[119.4167,9.9333],[119.3333,9.95],[119.3167,10.1],[119.2667,10.1],[119.2333,10.05],[119.2167,9.95],[119.1833,9.9667],[119.1833,10.0167],[119.0833,10.0167],[119.05,9.9333],[119.0,9.9333],[118.9833,9.8833],[119.05,9.8],[119.0833,9.8],[119.0667,9.7167],[118.9667,9.6833],[118.9167,9.75],[118.8,9.75],[118.7833,9.65],[118.7167,9.6167],[118.7167,9.5167],[118.6833,9.5167],[118.7167,9.4667],[118.7167,9.1667],[118.65,9.1667],[118.6333,9.1167],[118.55,9.0833],[118.45,9.0833],[118.45,9.1167],[118.4,9.1],[118.3833,9.0667],[118.4167,9.0333],[118.35,9.0],[118.3667,8.95],[118.3333,8.9333],[118.3,8.9333],[118.3,8.9667],[118.25,8.9333],[118.25,8.9833],[118.15,8.9833],[118.1333,8.9333],[118.1833,8.9],[118.0667,8.8833],[118.05,8.8333],[118.0833,8.8167],[118.05,8.8],[118.0,8.8333],[118.0167,8.7333],[117.9833,8.7333],[118.0,8.7667],[117.95,8.7667],[117.9667,8.7167],[117.9167,8.7333],[117.9167,8.6333],[117.9667,8.6667],[117.9667,8.6167],[117.85,8.6167],[117.8833,8.5333],[117.85,8.5167],[117.8333,8.55],[117.8,8.3833],[117.75,8.4],[117.7333,8.35],[117.6833,8.3667],[117.6667,8.3],[117.6333,8.3167],[117.65,8.3667],[117.6167,8.3667],[117.6,8.25],[117.5667,8.3],[117.5167,8.2333],[117.5333,8.1667],[117.4833,8.1333],[117.4,8.15],[117.3833,8.1167],[117.1,8.05],[117.1,7.8333],[117.0333,7.7833],[117.0333,7.7],[117.0,7.7333],[117.0,7.7],[116.8667,7.6667],[116.9333,7.7333],[116.8333,7.7333],[116.8333,7.7667],[116.8,7.75]],[[119.5167,10.9648],[119.5471,11.0446],[119.519,11.0985],[119.5465,11.2674],[119.5051,11.3281],[119.2755,10.8454],[119.3266,10.6873],[119.2996,10.5687],[119.2344,10.4688],[119.0328,10.3431],[118.1243,9.337],[118.0309,9.2581],[117.8916,9.2284],[117.6025,8.9585],[117.3604,8.7047],[117.2683,8.5356],[117.2355,8.3977],[117.5058,8.5477],[117.5637,8.6534],[117.7731,8.7403],[117.9798,8.8866],[118.1238,9.1106],[118.4262,9.2664],[118.7596,9.7692],[118.7408,9.864],[118.7718,9.9255],[119.1831,10.0728],[119.274,10.2602],[119.3616,10.3385],[119.5871,10.4184],[119.6731,10.5056],[119.5167,10.9648]],[[119.9444,10.5925],[119.8556,10.6245],[119.7797,10.5478],[119.8024,10.4715],[119.91,10.4983],[119.9717,10.5485],[119.9876,10.5668],[119.9444,10.5925]],[[119.8436,11.4016],[119.8535,11.509],[119.7406,11.4607],[119.7425,11.4419],[119.8436,11.4016]],[[117.3404,8.2827],[117.2924,8.2998],[117.2967,8.2087],[117.3416,8.2242],[117.3404,8.2827]],[[117.0638,8.0524],[116.9891,8.013],[116.9832,7.8987],[117.0284,7.8316],[117.0663,7.8875],[117.0638,8.0524]]],[[[116.5333,10.4333],[116.5667,10.45],[116.5833,10.5667],[116.6167,10.5667],[116.65,10.6167],[116.7833,10.65],[116.8,10.6833],[116.85,10.5833],[116.9333,10.55],[116.75,10.35],[116.5,10.3],[116.4833,10.35],[116.5333,10.4333]]],[[[117.3333,-8.1167],[117.4333,-8.1],[117.4333,-8.1667],[117.3167,-8.2],[117.3333,-8.1167]]],[[[117.1167,-7.75],[117.2333,-7.7333],[117.2667,-7.8],[117.2333,-7.85],[117.1667,-7.85],[117.1167,-7.75]]],[[[117.1167,-7.45],[117.1667,-7.4167],[117.1667,-7.4667],[117.2333,-7.4833],[117.2333,-7.5167],[117.4167,-7.5167],[117.5,-7.4667],[117.5167,-7.3333],[117.5667,-7.3167],[117.5667,-7.35],[117.6167,-7.35],[117.6667,-7.3167],[117.8167,-7.3833],[117.8333,-7.4333],[117.8833,-7.4333],[117.8833,-7.4833],[117.9833,-7.5167],[117.9833,-7.5667],[117.9333,-7.5667],[117.85,-7.4833],[117.7333,-7.4333],[117.65,-7.4333],[117.6,-7.45],[117.5833,-7.5],[117.5167,-7.4833],[117.4667,-7.6],[117.1667,-7.6],[117.1667,-7.5333],[117.1167,-7.5],[117.1167,-7.45]]],[[[117.2833,-5.8667],[117.35,-5.8667],[117.3333,-5.95],[117.2833,-5.9333],[117.2833,-5.8667]]],[[[117.1333,-5.75],[117.15,-5.8167],[117.1,-5.8333],[117.0667,-5.7667],[117.1,-5.7333],[117.1333,-5.75]]],[[[117.45,-5.7833],[117.35,-5.7833],[117.3333,-5.7333],[117.35,-5.5667],[117.4167,-5.4833],[117.4,-5.4],[117.6167,-5.2],[117.65,-5.1333],[117.75,-5.1667],[117.8167,-4.9833],[117.9,-4.9833],[117.9667,-5.0333],[117.95,-5.15],[117.9833,-5.5333],[117.9333,-5.5667],[117.9167,-5.65],[117.8167,-5.7667],[117.7333,-5.7667],[117.7,-5.7167],[117.6167,-5.6833],[117.6,-5.7333],[117.45,-5.7833]]],[[[117.3167,-4.7],[117.2833,-4.7167],[117.3,-4.65],[117.3667,-4.6667],[117.3167,-4.7]]],[[[117.2,8.0167],[117.1667,8.0167],[117.1667,8.05],[117.3,8.05],[117.3,8.0167],[117.2,8.0167]]],[[[117.1333,10.75],[117.2,10.7667],[117.2667,10.7167],[117.35,10.7667],[117.4,10.7],[117.4,10.6333],[117.3333,10.6167],[117.3167,10.6667],[117.2167,10.6667],[117.2,10.6],[117.1,10.6167],[117.1333,10.75]]],[[[117.3667,10.8833],[117.4,10.9],[117.4167,10.8],[117.3667,10.85],[117.3667,10.8833]]],[[[117.3167,11.0167],[117.2333,11.0167],[117.2333,11.1],[117.2667,11.15],[117.3167,11.1333],[117.3167,11.0167]]],[[[117.7667,8.2833],[117.75,8.35],[117.85,8.35],[117.85,8.3167],[117.8833,8.3167],[117.7667,8.2833]]],[[[117.85,10.85],[117.85,10.8167],[117.7667,10.75],[117.7167,10.7667],[117.7667,10.85],[117.85,10.85]]],[[[118.4167,-7.55],[118.4167,-7.65],[118.35,-7.65],[118.3333,-7.6167],[118.4167,-7.55]]],[[[118.0167,-7.2],[117.9667,-7.0833],[117.9667,-7.05],[118.0167,-7.05],[118.0167,-7.0167],[118.15,-7.05],[118.2,-7.0333],[118.3,-7.1167],[118.3167,-7.1667],[118.4333,-7.1667],[118.4167,-7.2167],[118.3,-7.2333],[118.2,-7.3167],[118.0667,-7.3167],[118.0167,-7.2]]],[[[118.3333,-6.7],[118.3333,-6.7333],[118.3667,-6.7333],[118.5,-6.6333],[118.4833,-6.7],[118.55,-6.7333],[118.65,-6.6833],[118.6667,-6.6167],[118.7333,-6.6],[118.7333,-6.5333],[118.8833,-6.5333],[118.9667,-6.6167],[119.0167,-6.7667],[119.2,-6.7833],[119.2,-6.8667],[119.1,-6.9333],[118.9833,-6.9333],[118.9667,-6.9],[118.9167,-6.9],[118.8667,-6.9833],[118.7833,-7.0167],[118.7667,-7.0667],[118.6167,-7.0833],[118.4667,-7.0167],[118.4167,-6.9167],[118.3333,-6.85],[118.3333,-6.7667],[118.2333,-6.7333],[118.2333,-6.6],[118.3333,-6.6167],[118.3333,-6.7]]],[[[118.2667,-6.15],[118.2667,-6.0667],[118.3333,-6.0667],[118.3333,-6.1333],[118.2667,-6.15]]],[[[118.1333,-5.85],[118.1333,-5.8],[118.2167,-5.7167],[118.2667,-5.8333],[118.2333,-6.0667],[118.1667,-6.0167],[118.1333,-5.85]]],[[[118.4333,-5.9333],[118.45,-5.9167],[118.4667,-5.9667],[118.4,-6.0167],[118.4333,-5.9333]]],[[[118.25,-5.6667],[118.2833,-5.6333],[118.3333,-5.65],[118.35,-5.7667],[118.3167,-5.8],[118.2667,-5.7833],[118.2667,-5.7333],[118.2333,-5.7167],[118.25,-5.6667]]],[[[118.3667,-5.5833],[118.4,-5.4167],[118.4667,-5.3667],[118.4833,-5.55],[118.45,-5.6],[118.3667,-5.5833]]],[[[118.15,-5.2],[118.1333,-5.2333],[118.0667,-5.2333],[118.1,-5.1167],[118.1667,-5.1167],[118.15,-5.2]]],[[[118.3167,7.6167],[118.25,7.6333],[118.2333,7.6833],[118.1667,7.6333],[118.1333,7.7667],[118.1833,7.7667],[118.2333,7.7],[118.3167,7.7167],[118.3333,7.6833],[118.4,7.6833],[118.4167,7.6333],[118.3667,7.6167],[118.3667,7.55],[118.3167,7.6167]]],[[[118.4,7.7833],[118.4333,7.7833],[118.45,7.7167],[118.3833,7.7],[118.35,7.7167],[118.35,7.7833],[118.4,7.7833]]],[[[118.8667,-6.0333],[118.9333,-6.0167],[118.95,-6.1],[118.8667,-6.1],[118.8667,-6.0333]]],[[[118.4833,-5.8333],[118.55,-5.8667],[118.55,-5.9167],[118.4667,-5.8667],[118.4667,-5.8167],[118.4833,-5.8333]]],[[[118.6167,-5.4667],[118.6667,-5.4833],[118.6667,-5.5333],[118.6167,-5.5333],[118.6167,-5.4667]]],[[[118.5167,-5.0],[118.5,-4.95],[118.55,-4.9333],[118.5667,-5.0],[118.5167,-5.0]]],[[[118.9833,-4.6833],[119.1,-4.6833],[119.1333,-4.6333],[119.1667,-4.6333],[119.1667,-4.5667],[119.1333,-4.55],[119.15,-4.5],[119.25,-4.5167],[119.3167,-4.4833],[119.3333,-4.5333],[119.3667,-4.5333],[119.3833,-4.4333],[119.35,-4.4],[119.3833,-4.3667],[119.4667,-4.4],[119.5833,-4.3167],[119.6167,-4.15],[119.6,-4.05],[119.5667,-4.0333],[119.5667,-3.9333],[119.5333,-3.9],[119.4833,-3.9],[119.4667,-3.9333],[119.4333,-3.85],[119.4333,-3.8],[119.4667,-3.8],[119.4333,-3.6],[119.4833,-3.6167],[119.5,-3.5833],[119.45,-3.4833],[119.3167,-3.5],[119.2833,-3.4667],[119.2,-3.5333],[119.0833,-3.5167],[119.0167,-3.5333],[119.0,-3.5667],[118.9167,-3.5667],[118.8833,-3.5167],[118.8667,-3.55],[118.8167,-3.15],[118.7667,-3.15],[118.7667,-3.05],[118.85,-2.95],[118.8261,-3.1561],[118.8801,-3.3924],[118.9322,-3.4734],[118.9976,-3.5229],[119.3631,-3.4452],[119.4261,-3.4631],[119.4776,-3.5038],[119.5082,-3.5504],[119.4935,-3.7274],[119.6372,-4.0323],[119.6252,-4.4249],[119.5291,-4.7435],[119.5331,-4.8799],[119.3741,-5.315],[119.3889,-5.4188],[119.5653,-5.5999],[119.7199,-5.6795],[120.0,-5.5633],[120.0,-5.7667],[119.9667,-5.8167],[119.9167,-5.8167],[119.8833,-5.8833],[119.8333,-5.8833],[119.8333,-5.8333],[119.75,-5.85],[119.6167,-5.7833],[119.5833,-5.7167],[119.5333,-5.7167],[119.5333,-5.6667],[119.25,-5.65],[119.2167,-5.5667],[119.1333,-5.5833],[119.1167,-5.5167],[119.0667,-5.5167],[119.0,-5.45],[118.9667,-5.4],[118.9667,-5.3167],[119.05,-5.3],[119.0667,-5.25],[119.0333,-5.2333],[119.0333,-5.1833],[119.1,-5.15],[119.1,-5.1],[119.0667,-5.0667],[119.0667,-4.9833],[119.0333,-4.9667],[119.0333,-4.85],[118.9,-4.7167],[118.9167,-4.6667],[118.9833,-4.6833]]],[[[118.7833,-2.8667],[118.7667,-2.8833],[118.75,-2.85],[118.7833,-2.65],[118.8167,-2.6167],[118.85,-2.65],[118.9,-2.6167],[118.9289,-2.6333],[118.7968,-2.7248],[118.8495,-2.8667],[118.7833,-2.8667]]],[[[118.9333,-2.6167],[118.95,-2.5167],[119.0,-2.55],[119.05,-2.5],[119.05,-2.3],[119.0667,-2.25],[119.0833,-2.3],[119.1333,-2.25],[119.1167,-2.2],[119.1667,-2.15],[119.1667,-2.0333],[119.2,-2.05],[119.2167,-2.0167],[119.2,-1.9667],[119.2833,-1.9333],[119.2667,-1.85],[119.3167,-1.85],[119.2667,-1.8333],[119.25,-1.7667],[119.25,-1.7167],[119.2833,-1.7167],[119.25,-1.6667],[119.2667,-1.2167],[119.45,-1.0167],[119.4667,-0.85],[119.5167,-0.8333],[119.5667,-0.75],[119.6167,-0.75],[119.6667,-0.6167],[119.7667,-0.5833],[119.7663,-0.3333],[119.8489,-0.7167],[119.8,-0.7333],[119.8,-0.7667],[119.85,-0.7667],[119.85,-0.7227],[119.8573,-0.9106],[119.7099,-0.6993],[119.5198,-0.9138],[119.3225,-1.4101],[119.3221,-1.6595],[119.3621,-1.8254],[119.3342,-1.9358],[119.1847,-2.1456],[119.1033,-2.4911],[118.9333,-2.6167]],[[119.0833,-2.3167],[119.0667,-2.3833],[119.1,-2.4],[119.1,-2.3167],[119.0833,-2.3167]]],[[[119.7167,-0.1667],[119.65,-0.1333],[119.6,0.0],[119.6333,-0.0167],[119.65,0.0167],[119.7,0.0167],[119.8554,-0.0167],[119.7899,-0.071],[119.7448,-0.0657],[119.7453,-0.1667],[119.7167,-0.1667]]],[[[119.85,0.0833],[119.7667,0.2167],[119.8333,0.2833],[119.8667,0.5833],[119.9667,0.5833],[120.0,0.6667],[120.0,0.5039],[119.9242,0.4367],[119.8229,0.2358],[119.85,0.0833]]],[[[118.8167,1.9],[118.7667,1.9333],[118.7833,2.05],[118.6333,2.0667],[118.6167,2.1833],[118.5667,2.1667],[118.5667,2.1],[118.4833,2.1333],[118.5167,2.1833],[118.5333,2.3333],[118.5833,2.3333],[118.7,2.2],[118.7333,2.2],[118.7667,2.0833],[118.8,2.0833],[118.9333,1.95],[118.9333,1.8833],[118.9667,1.8667],[118.9667,1.8167],[119.0333,1.7833],[119.0333,1.7333],[118.95,1.7333],[118.8667,1.7833],[118.8167,1.9]]],[[[118.5,7.3833],[118.5,7.3167],[118.4167,7.2667],[118.4,7.3333],[118.45,7.3833],[118.5,7.3833]]],[[[119.4,-9.8167],[119.1667,-9.7833],[119.0833,-9.7],[119.0667,-9.7333],[119.0167,-9.7333],[118.9833,-9.7],[119.0167,-9.65],[118.9,-9.6],[118.9167,-9.5],[118.95,-9.5],[119.0167,-9.4167],[119.1,-9.4167],[119.15,-9.3667],[119.3667,-9.3667],[119.0383,-9.4521],[118.9739,-9.5217],[119.0918,-9.6946],[119.3333,-9.7511],[119.3333,-9.7833],[119.3667,-9.7833],[119.35,-9.755],[119.4697,-9.7469],[119.6058,-9.7605],[119.65,-9.7905],[119.6333,-9.8333],[119.6667,-9.8833],[119.5833,-9.8333],[119.45,-9.85],[119.4333,-9.7667],[119.4,-9.8167]],[[119.4833,-9.7833],[119.5,-9.8167],[119.5667,-9.8],[119.5667,-9.7667],[119.5,-9.75],[119.4667,-9.7667],[119.4833,-9.7833]]],[[[119.4,-9.3667],[119.6333,-9.3333],[119.7167,-9.3819],[119.4,-9.3828],[119.4,-9.3667]]],[[[119.8167,-9.3833],[119.9,-9.2833],[119.95,-9.2833],[120.0,-9.35],[120.0,-9.3805],[119.9421,-9.3174],[119.7965,-9.3943],[119.7257,-9.3833],[119.8167,-9.3833]]],[[[119.7833,-10.0],[119.7667,-9.9],[119.7333,-9.8833],[119.7167,-9.9167],[119.7167,-9.8667],[119.6667,-9.8167],[119.98,-10.0],[119.7833,-10.0]]],[[[119.35,-8.6833],[119.4,-8.6833],[119.4,-8.65],[119.3333,-8.6167],[119.3667,-8.6],[119.35,-8.5167],[119.3667,-8.55],[119.4,-8.5333],[119.3833,-8.4833],[119.4167,-8.4833],[119.4333,-8.4167],[119.5333,-8.4333],[119.5333,-8.4],[119.6,-8.4],[119.5833,-8.4833],[119.6167,-8.4833],[119.6333,-8.4167],[119.6667,-8.4333],[119.6667,-8.4],[119.7,-8.4],[119.6833,-8.35],[119.7167,-8.35],[119.7167,-8.3],[120.0,-8.3167],[120.0,-8.4347],[119.885,-8.4413],[119.8205,-8.6243],[119.8214,-8.6944],[119.9147,-8.8403],[120.0,-8.8009],[120.0,-8.8333],[119.8833,-8.8667],[119.8667,-8.8167],[119.7667,-8.8333],[119.7667,-8.7833],[119.7167,-8.8167],[119.6,-8.8167],[119.5833,-8.7167],[119.5,-8.7167],[119.4833,-8.7667],[119.4,-8.75],[119.3833,-8.8],[119.3333,-8.8],[119.3167,-8.75],[119.35,-8.7333],[119.35,-8.6833]],[[119.5833,-8.6167],[119.6167,-8.6167],[119.6667,-8.5667],[119.5833,-8.5833],[119.5833,-8.6167]],[[119.5367,-8.4958],[119.4432,-8.4596],[119.4328,-8.5448],[119.3944,-8.5893],[119.4156,-8.6458],[119.4008,-8.7273],[119.4472,-8.7312],[119.429,-8.6684],[119.5259,-8.5803],[119.5367,-8.4958]]],[[[119.3,-8.4],[119.35,-8.4],[119.35,-8.4833],[119.3167,-8.5167],[119.25,-8.4667],[119.25,-8.4],[119.3,-8.4]]],[[[119.0333,-8.1333],[119.1167,-8.1333],[119.1333,-8.2167],[119.0833,-8.2667],[118.9667,-8.2167],[118.9667,-8.1833],[119.0333,-8.1333]],[[119.0349,-8.2009],[119.0707,-8.2255],[119.1194,-8.1931],[119.0818,-8.1536],[119.0349,-8.2009]]],[[[119.1167,4.5667],[119.1,4.6167],[119.0667,4.4833],[119.0667,4.5833],[119.0333,4.6],[119.0167,4.6833],[119.0333,4.7833],[119.1,4.8],[119.1,4.75],[119.15,4.7333],[119.15,4.8],[119.2,4.85],[119.2833,4.8833],[119.3,4.8],[119.3,4.8667],[119.35,4.9333],[119.4167,4.9167],[119.4833,4.9667],[119.5167,4.7667],[119.5667,4.75],[119.5333,4.7],[119.5333,4.6],[119.5,4.5667],[119.4333,4.5667],[119.4333,4.5167],[119.4,4.5167],[119.3833,4.4667],[119.3,4.4667],[119.25,4.3833],[119.0833,4.4167],[119.1167,4.5667]]],[[[119.35,5.7667],[119.3667,5.65],[119.3167,5.6333],[119.2667,5.6833],[119.2667,5.7333],[119.35,5.7667]]],[[[119.1,5.7833],[119.15,5.7333],[119.1333,5.6833],[119.0333,5.7333],[119.0333,5.7833],[119.1,5.7833]]],[[[119.2167,5.75],[119.2,5.8167],[119.2333,5.8333],[119.25,5.7667],[119.2167,5.75]]],[[[119.5167,-4.1167],[119.5167,-4.0833],[119.55,-4.0833],[119.5667,-4.2],[119.5333,-4.1833],[119.5167,-4.1167]]],[[[119.5,5.6667],[119.45,5.65],[119.4333,5.7333],[119.4667,5.7333],[119.5,5.6667]]],[[[119.6667,5.8667],[119.7667,5.8833],[119.7667,5.8],[119.7333,5.8],[119.6833,5.7333],[119.5333,5.7667],[119.5833,5.8667],[119.6667,5.8667]]],[[[119.7667,4.9333],[119.7667,4.9833],[119.7167,5.0167],[119.75,5.1333],[119.8167,5.1333],[119.8667,5.2333],[120.0,5.3],[120.0,5.2203],[119.8402,5.1252],[119.8361,5.0808],[119.9503,5.0915],[120.0,5.156],[119.9833,4.9],[119.9333,4.85],[119.9,4.8833],[119.8833,4.8],[119.8167,4.7833],[119.8167,4.85],[119.7667,4.8667],[119.7667,4.9333]]],[[[119.9,5.9],[119.9667,5.9],[119.9667,5.95],[120.0,5.95],[120.0,5.8333],[119.8833,5.85],[119.9,5.9]]],[[[120.0,8.9333],[120.0,8.8667],[119.9667,8.8833],[119.9333,8.85],[119.9167,8.9],[120.0,8.9333]]]]}},{"type":"Feature","properties":{"footprintId":"beringia","title":"Beringia and the Bering land bridge","bounds":[160.0,55.0,-150.0,72.0],"crossesAntimeridian":true,"crops":["beringia-west","beringia-east"],"exposedShelfSquareKilometres":1696055.1,"lgmLandSquareKilometres":3640900.5},"geometry":{"type":"MultiPolygon","coordinates":[[[[160.0,59.2333],[160.0,61.0216],[160.1781,61.0614],[160.4167,61.0328],[160.2555,60.8285],[160.2055,60.662],[160.472,60.7529],[160.7466,60.7659],[161.0138,60.9715],[162.3758,61.6746],[162.6739,61.6654],[162.7411,61.7256],[162.8798,61.7172],[162.9497,61.6031],[163.0064,61.5611],[163.0612,61.5789],[163.2234,61.6988],[162.9784,61.7842],[162.9876,61.8934],[163.1006,62.0516],[163.0881,62.1538],[163.1343,62.2634],[163.2695,62.3744],[163.2124,62.4555],[163.3102,62.5618],[164.4231,62.7184],[165.053,62.53],[165.4221,62.5059],[165.4564,62.4286],[165.2465,62.4404],[165.2246,62.3475],[165.1093,62.3991],[164.6111,62.4576],[164.2354,62.2868],[164.1044,62.0433],[164.0982,61.8729],[164.0483,61.7049],[163.9103,61.6338],[163.8374,61.4686],[163.9986,61.4289],[164.0366,61.3416],[163.9185,61.2327],[163.6446,61.1035],[163.5862,61.0279],[163.751,60.9133],[163.3659,60.7875],[162.9875,60.77],[162.7325,60.6489],[162.0911,60.4573],[161.7779,60.144],[161.4733,60.0189],[161.2443,59.8382],[160.8744,59.6157],[160.5705,59.5382],[160.3753,59.3863],[160.0,59.1872],[160.0,59.2333]]],[[[160.0,61.3667],[160.0,61.8621],[160.1724,61.9161],[160.3375,61.9047],[160.3475,61.7917],[160.2761,61.644],[160.0,61.3667]]],[[[160.0,72.0],[180.0,72.0],[180.0,62.3333],[179.9333,62.3],[179.9333,62.2167],[179.8833,62.2],[179.95,62.2],[179.95,62.1167],[179.9167,62.1167],[179.8833,61.9833],[179.8333,61.9667],[179.8333,62.0],[179.7333,62.0],[179.7333,61.9667],[179.65,61.9667],[179.65,61.9],[179.7,61.8833],[179.6,61.8833],[179.3167,61.7667],[179.1833,61.8167],[178.6833,61.7833],[178.55,61.85],[177.7333,61.8167],[177.75,61.85],[177.55,61.85],[177.2667,61.9],[176.7167,61.8833],[176.6833,61.8333],[176.5833,61.8333],[176.5833,61.8833],[176.5333,61.8833],[176.45,61.8333],[176.4667,61.8],[176.35,61.8],[176.35,61.7667],[176.2,61.75],[176.15,61.7],[175.8167,61.6333],[175.6,61.5],[175.3833,61.45],[175.35,61.4167],[175.05,61.3667],[175.0167,61.3167],[174.7667,61.2167],[174.7,61.15],[174.2333,61.0667],[174.3,61.0],[174.1833,60.95],[174.05,60.9667],[173.8667,60.9],[173.6333,60.8833],[173.5833,60.85],[173.4,60.85],[173.2667,60.9],[172.9,60.8833],[172.8167,60.85],[172.7833,60.7667],[172.5833,60.7167],[172.6167,60.6833],[172.6,60.65],[172.4,60.6667],[172.2167,60.5667],[171.8667,60.5333],[171.7667,60.45],[171.3333,60.45],[171.1833,60.4167],[171.1667,60.3833],[171.1,60.3667],[171.0833,60.3],[170.9833,60.25],[170.9833,60.1667],[170.9167,60.1667],[170.8167,60.0833],[170.8167,60.05],[170.8833,60.0333],[170.8833,59.9667],[170.8333,59.95],[170.8333,59.9167],[170.5667,59.7833],[170.35,59.6],[170.1333,59.6167],[170.1,59.6833],[170.1167,59.75],[170.0667,59.7833],[170.0667,59.8167],[169.8667,59.85],[169.7,59.9333],[169.5,59.95],[169.3667,60.0167],[169.15,60.0333],[168.6333,60.15],[168.1333,60.1667],[167.75,60.1],[167.5,60.1],[167.2667,60.0167],[166.9833,59.9833],[166.8833,59.9],[166.6,59.8333],[166.4667,59.7667],[166.4333,59.7167],[166.3667,59.7167],[166.3,59.6167],[166.2333,59.5833],[165.8667,59.55],[165.6667,59.5667],[165.6667,59.6],[165.55,59.5833],[165.3667,59.4833],[165.3333,59.4333],[165.25,59.4167],[165.1167,59.2333],[165.0833,59.2333],[165.0833,59.1833],[165.0,59.05],[164.7667,58.8333],[164.6167,58.7833],[164.55,58.7167],[164.3167,58.65],[164.2167,58.5667],[164.1333,58.6],[164.0,58.6],[163.9,58.5833],[163.7833,58.5],[163.7833,58.4167],[163.85,58.3833],[163.7833,58.25],[163.9333,58.2333],[163.75,58.1667],[163.7333,58.1167],[163.7833,58.0667],[163.6667,58.0333],[163.6,57.9667],[163.5333,57.9833],[163.5167,57.9333],[163.55,57.85],[163.5833,57.8167],[163.6667,57.8167],[163.6667,57.7667],[163.5,57.6],[163.25,57.4833],[163.2667,57.3833],[163.2333,57.3167],[163.1,57.2667],[163.1,57.1833],[163.2667,57.1],[163.25,57.05],[163.1833,57.0167],[163.1333,56.9333],[162.9,56.8333],[162.8333,56.7833],[162.85,56.7371],[162.8238,56.7495],[162.7608,56.8753],[162.7846,57.0236],[162.7313,57.243],[162.75,57.3623],[163.1592,57.6419],[163.195,57.7861],[163.1247,57.8269],[162.6633,57.9344],[162.5496,57.8965],[162.4956,57.761],[162.3599,57.6731],[162.3762,57.7714],[162.0738,57.8664],[162.0115,57.913],[161.9292,58.077],[162.1131,58.4522],[162.4282,58.7165],[162.9435,58.9932],[162.972,59.0211],[162.9069,59.1166],[163.0075,59.164],[163.0712,59.1496],[163.2426,59.3057],[163.2388,59.5208],[163.3,59.5667],[163.2564,59.5833],[163.2914,59.7079],[163.3831,59.8414],[163.7703,60.0549],[164.1672,59.9913],[164.1548,59.9419],[164.356,60.0684],[164.5412,60.0732],[164.6955,60.0051],[164.8052,59.8818],[164.9446,59.8569],[164.9932,59.8696],[165.0435,59.9477],[165.0549,60.1067],[165.2684,60.147],[165.3973,60.2163],[165.9212,60.3668],[166.1656,60.4935],[166.3926,60.4994],[166.1665,59.9791],[166.2095,59.865],[166.2621,59.8691],[166.941,60.316],[167.2115,60.4182],[168.1303,60.5871],[168.4656,60.606],[168.7856,60.5773],[169.2429,60.6108],[169.2991,60.5656],[169.6422,60.4468],[169.9168,60.2213],[169.9275,60.1503],[170.0064,60.0755],[170.1698,59.9983],[170.3338,59.9812],[170.3941,60.0511],[170.4832,60.2634],[170.5584,60.3456],[170.5809,60.4427],[170.9336,60.5347],[171.7177,60.8574],[171.8984,60.8745],[172.3588,61.0669],[172.3311,61.1169],[172.3712,61.1774],[172.5694,61.2032],[172.666,61.2539],[172.659,61.3001],[172.7194,61.3287],[172.8715,61.3142],[172.7744,61.4388],[172.8488,61.4882],[173.1168,61.42],[173.6118,61.7328],[173.8172,61.6949],[174.1239,61.8071],[174.5009,61.8368],[174.7003,61.9634],[174.7934,61.9532],[175.1695,62.0442],[175.2457,62.1128],[176.3084,62.3566],[176.6879,62.5178],[177.138,62.5727],[176.9347,62.6548],[176.9983,62.7872],[177.0992,62.8056],[177.2404,62.7639],[177.2816,62.7991],[177.3643,62.7932],[177.3911,62.7359],[177.3235,62.6077],[178.0289,62.5598],[179.0929,62.3351],[179.1502,62.4768],[179.5403,62.691],[179.5403,62.7715],[179.4863,62.8524],[179.361,62.8726],[179.2269,63.0104],[179.373,63.085],[179.3592,63.1429],[178.8915,63.3403],[178.8885,63.3975],[178.8099,63.4851],[178.8174,63.4403],[178.7622,63.3787],[178.6511,63.3915],[178.6383,63.4405],[178.6743,63.5187],[178.4435,63.5624],[178.4031,63.6119],[178.6997,63.6734],[178.6236,63.9539],[178.4193,64.0063],[178.4468,64.1259],[178.3536,64.2554],[178.2339,64.3392],[178.157,64.2255],[177.943,64.2091],[177.6667,64.2947],[177.4035,64.4392],[177.3794,64.5733],[177.4355,64.7337],[177.4061,64.7534],[177.0659,64.7075],[176.8569,64.6212],[176.7254,64.6107],[176.5078,64.6668],[176.0497,64.5462],[176.3179,64.7078],[176.2207,64.836],[176.0617,64.8893],[175.6886,64.7697],[175.1024,64.7331],[174.7035,64.6679],[174.3996,64.673],[175.0915,64.7902],[175.3906,64.7971],[175.7651,64.8558],[176.0577,64.9779],[176.5595,64.8536],[176.8382,64.863],[177.0698,64.8021],[177.1883,64.8621],[177.0182,64.9885],[176.6434,64.9936],[176.2815,65.0444],[176.408,65.0864],[176.6244,65.052],[176.8825,65.0967],[177.2014,65.0242],[177.6039,64.7872],[177.7618,64.7297],[178.2969,64.685],[178.5237,64.6179],[178.684,64.6431],[179.1361,64.7938],[179.4315,64.8339],[179.8074,65.045],[179.9698,65.0761],[179.9698,68.9751],[179.2578,69.2474],[178.928,69.2844],[178.832,69.3755],[177.9242,69.4827],[177.3853,69.5986],[176.9146,69.633],[175.9137,69.8821],[174.784,69.8422],[173.9461,69.8606],[173.441,69.9317],[173.3784,69.915],[173.2957,69.8058],[172.5526,69.9551],[170.5205,70.093],[170.5558,69.9378],[170.5323,69.852],[170.1997,69.6364],[170.6061,69.5947],[170.742,69.3938],[170.911,69.2696],[171.0269,69.1372],[171.0256,69.04],[170.5523,68.8126],[169.5942,68.7721],[169.3869,68.9139],[169.2852,69.0702],[168.2758,69.263],[168.1228,69.5706],[167.8457,69.7152],[167.6366,69.7263],[167.0905,69.5434],[166.8186,69.4861],[165.973,69.5328],[165.7544,69.571],[164.5032,69.5958],[164.1479,69.7065],[163.9481,69.7213],[163.497,69.6797],[163.2031,69.701],[162.1802,69.5996],[161.5632,69.372],[161.5103,69.298],[161.5103,69.2035],[161.5959,69.0658],[161.5959,68.9016],[161.5168,68.8394],[161.3894,68.8131],[161.2576,68.6481],[161.1235,68.5505],[160.7702,68.5162],[161.1037,68.6621],[161.3094,68.9065],[161.2822,68.9747],[161.0064,69.0929],[160.8814,69.5987],[160.0,69.738],[160.0,72.0]],[[179.9698,71.5199],[179.5621,71.4354],[178.914,71.2215],[178.6597,71.0459],[178.8127,70.837],[179.1453,70.8935],[179.6366,70.912],[179.9698,71.0028],[179.9698,71.5199]],[[168.3551,70.002],[168.0768,69.9637],[167.8226,69.8399],[168.3605,69.6767],[168.92,69.5851],[169.2188,69.6081],[169.2698,69.7385],[169.3105,69.781],[169.3908,69.79],[169.4029,69.8314],[169.3569,69.8709],[168.3551,70.002]],[[163.6126,58.6124],[163.941,58.7543],[164.2656,58.8504],[164.5903,58.8962],[164.631,58.9717],[164.5475,59.2099],[164.2187,59.0846],[163.7924,59.0062],[163.8153,58.9297],[163.7556,58.7946],[163.6021,58.6329],[163.4583,58.5734],[163.4618,58.5487],[163.6126,58.6124]],[[161.3453,69.5314],[161.1382,69.4621],[161.1145,69.4076],[161.1957,69.336],[161.1558,69.1965],[161.1662,69.1149],[161.461,69.016],[161.3646,69.1028],[161.3202,69.3701],[161.349,69.4243],[161.5188,69.4477],[161.5793,69.5042],[161.587,69.5869],[161.5073,69.6211],[161.3453,69.5314]],[[160.4674,70.8564],[160.5201,70.8321],[160.6781,70.828],[160.5499,70.9114],[160.4705,70.9184],[160.4674,70.8564]]],[[[162.9,56.7167],[163.0,56.7833],[163.3333,56.7833],[163.4,56.7167],[163.4,56.6833],[163.3667,56.6833],[163.3667,56.6167],[163.4167,56.6],[163.35,56.4833],[163.4,56.4833],[163.4333,56.4167],[163.5,56.3833],[163.6,56.3833],[163.6,56.35],[163.5,56.3333],[163.5167,56.2833],[163.6,56.25],[163.55,56.2],[163.5833,56.1667],[163.4667,56.15],[163.4333,56.1167],[163.2167,56.1167],[163.1333,56.0333],[163.1167,55.95],[162.9667,55.8667],[162.8167,55.9333],[162.8333,56.05],[162.8,56.05],[162.8,56.0833],[162.75,56.0667],[162.7667,56.1],[162.7167,56.1],[162.6333,56.2167],[162.6,56.2167],[162.6,56.1667],[162.5667,56.1667],[162.5833,56.1333],[162.55,56.1167],[162.4,56.1167],[162.4,56.0333],[162.25,55.95],[162.0333,55.7333],[162.0333,55.7],[161.9833,55.6833],[161.9833,55.6333],[161.9167,55.5333],[161.8833,55.5333],[161.8667,55.6],[161.8333,55.6],[161.7833,55.5333],[161.8,55.4833],[161.8833,55.5],[161.85,55.45],[161.8667,55.3667],[161.8167,55.3667],[161.8167,55.4333],[161.7667,55.4167],[161.7833,55.3167],[161.8667,55.2667],[161.95,55.2667],[162.0,55.1667],[162.0,55.1333],[161.9167,55.1167],[161.95,55.0833],[161.9333,55.05],[161.9833,55.0167],[161.9592,55.0],[161.7959,55.1339],[161.7554,55.2025],[161.6992,55.3568],[161.6937,55.497],[161.7461,55.6581],[162.0573,56.0956],[162.4961,56.2663],[162.4571,56.4031],[162.6613,56.5044],[162.8664,56.4908],[163.0896,56.5436],[163.0019,56.4425],[162.7167,56.2973],[162.6,56.35],[162.5,56.35],[162.6167,56.25],[162.6902,56.2667],[162.6615,56.2334],[162.8624,56.0756],[163.0283,56.0561],[163.3046,56.2355],[163.2129,56.5636],[163.2257,56.6824],[163.0469,56.7272],[162.9,56.7167]],[[163.3667,56.3167],[163.3333,56.2833],[163.35,56.2],[163.3833,56.2],[163.3667,56.3167]],[[162.0,55.85],[161.9333,55.85],[161.9333,55.7833],[161.9667,55.8167],[161.9833,55.7667],[162.05,55.7833],[162.0667,55.8667],[162.0,55.85]]],[[[165.3667,55.3833],[165.45,55.35],[165.45,55.3833],[165.6333,55.4167],[165.6333,55.3333],[165.7,55.3333],[165.8167,55.4167],[165.8833,55.4167],[165.9167,55.3667],[166.0167,55.4333],[166.1,55.4333],[166.1,55.4],[166.2,55.4167],[166.2333,55.3833],[166.4667,55.35],[166.5,55.3],[166.7,55.2667],[166.9,55.1667],[167.05,55.15],[167.0667,55.1167],[167.15,55.1],[167.25,55.0],[166.4167,55.0],[166.4167,55.05],[166.3833,55.05],[166.4,55.0],[166.3768,55.0],[166.2185,55.1619],[166.1993,55.2436],[166.2392,55.3042],[165.9408,55.3367],[165.8073,55.289],[166.0955,55.1402],[166.1119,55.0797],[166.1895,55.0],[166.0667,55.0],[165.9667,55.0833],[165.7667,55.1167],[165.5333,55.2667],[165.2833,55.35],[165.3,55.4],[165.3667,55.3833]],[[166.8833,55.0667],[166.8833,55.05],[167.0333,55.05],[167.0,55.1],[166.8667,55.1],[166.8833,55.0667]]],[[[165.2,55.55],[165.1667,55.5667],[165.15,55.5333],[165.1,55.5333],[165.05,55.6],[165.1667,55.6167],[165.2333,55.5833],[165.4667,55.5833],[165.5,55.5333],[165.45,55.5333],[165.4333,55.4833],[165.3167,55.4667],[165.2,55.55]]],[[[-174.7333,59.6],[-174.9833,59.7667],[-175.0667,59.7667],[-175.1,59.8167],[-175.1667,59.8],[-175.1833,59.9],[-175.2667,59.8667],[-175.3,59.9333],[-175.45,59.9333],[-175.4667,59.9833],[-175.5167,59.9833],[-175.55,60.0333],[-175.6167,60.0333],[-175.6167,60.0667],[-175.6833,60.0833],[-175.6667,60.1167],[-175.7167,60.1333],[-175.7,60.1833],[-175.75,60.2167],[-175.75,60.25],[-175.7833,60.2333],[-175.7667,60.1833],[-175.8167,60.1667],[-175.8167,60.2167],[-175.8833,60.2167],[-175.9167,60.2333],[-175.9,60.2667],[-175.9333,60.2667],[-175.8667,60.2833],[-175.85,60.3167],[-176.0167,60.3667],[-175.95,60.4],[-175.9667,60.4333],[-175.9,60.4167],[-175.9,60.45],[-176.0667,60.45],[-176.0667,60.55],[-176.2,60.5667],[-176.2,60.6],[-176.2333,60.6],[-176.2333,60.6667],[-176.3,60.65],[-176.3333,60.7333],[-176.4,60.7333],[-176.4,60.7833],[-176.45,60.7667],[-176.4667,60.8],[-176.45,60.8333],[-176.55,60.8667],[-176.55,60.9333],[-176.7,60.9333],[-176.7667,60.9833],[-176.8167,60.9667],[-176.8167,61.0],[-176.85,61.0],[-176.8167,61.05],[-176.8833,61.0667],[-176.8333,61.0833],[-176.85,61.1167],[-176.95,61.1333],[-176.95,61.1],[-177.0,61.1],[-176.9667,61.1167],[-176.9667,61.1833],[-177.0167,61.2333],[-177.0167,61.2833],[-177.1333,61.3333],[-177.1333,61.3667],[-177.0667,61.4],[-177.0833,61.4667],[-177.2167,61.4333],[-177.2167,61.5],[-177.25,61.5167],[-177.2,61.5333],[-177.1667,61.6],[-177.2,61.6],[-177.2,61.5667],[-177.3167,61.55],[-177.2833,61.6167],[-177.3333,61.6],[-177.3333,61.65],[-177.3,61.6333],[-177.3,61.6833],[-177.2667,61.7],[-177.3,61.75],[-177.2833,61.8],[-177.3667,61.8833],[-177.4167,61.8667],[-177.45,61.9],[-177.6,61.9167],[-177.5833,61.95],[-177.85,61.95],[-177.9,61.9667],[-177.9,62.0],[-177.9833,61.95],[-178.1667,61.95],[-178.1833,61.9833],[-178.4,61.9667],[-178.5333,62.0333],[-178.65,62.0333],[-178.6667,62.0833],[-178.85,62.0667],[-178.95,62.15],[-178.9667,62.0667],[-178.9833,62.1],[-179.0667,62.1],[-179.0667,62.1333],[-179.1167,62.1333],[-179.1167,62.1833],[-179.1333,62.1333],[-179.1667,62.1333],[-179.2167,62.2333],[-179.5,62.25],[-179.4,62.2833],[-179.4,62.3167],[-179.3,62.3333],[-179.35,62.3667],[-179.4,62.35],[-179.3833,62.3833],[-179.55,62.3667],[-179.7167,62.4167],[-179.8833,62.4167],[-180.0,62.35],[-180.0,72.0],[-156.0,72.0],[-155.9333,71.95],[-155.7333,71.9167],[-155.65,71.85],[-155.65,71.8167],[-155.5667,71.8],[-155.8,71.7667],[-155.8,71.7167],[-155.95,71.6667],[-156.5833,71.6167],[-156.9,71.55],[-156.95,71.5667],[-157.5833,71.4167],[-157.5333,71.3833],[-157.2833,71.3833],[-157.1667,71.4167],[-156.8,71.4333],[-156.6333,71.4833],[-155.9167,71.5167],[-155.3333,71.6],[-154.9,71.7167],[-154.5667,71.7667],[-153.7,71.7833],[-153.0333,71.6833],[-152.65,71.5833],[-152.3833,71.4833],[-152.4333,71.4667],[-152.4333,71.4333],[-152.5667,71.4167],[-152.4333,71.3667],[-152.3167,71.4167],[-151.7333,71.35],[-151.0667,71.3333],[-150.3,71.2167],[-150.0,71.2167],[-150.0,70.4641],[-150.2735,70.4206],[-150.6634,70.4956],[-151.216,70.4048],[-152.0086,70.4415],[-151.8241,70.5462],[-152.2804,70.558],[-152.2959,70.6023],[-152.4133,70.6075],[-152.5032,70.6493],[-152.465,70.7405],[-152.2753,70.812],[-152.4988,70.8678],[-152.7848,70.862],[-153.2319,70.9184],[-153.493,70.8775],[-153.9074,70.8645],[-154.1926,70.786],[-154.8309,70.8902],[-154.7093,70.9836],[-154.9545,71.0702],[-155.1607,71.0851],[-155.5602,70.8838],[-155.8701,70.8208],[-155.9936,70.8298],[-156.0647,70.8924],[-156.2148,70.9291],[-155.8208,71.0069],[-155.6598,71.0697],[-155.6125,71.1207],[-155.6653,71.1699],[-156.4875,71.28],[-156.607,71.3414],[-156.5606,71.3661],[-156.764,71.3084],[-157.3051,71.0293],[-157.8962,70.8479],[-158.4665,70.8277],[-158.615,70.7855],[-158.9855,70.788],[-159.2493,70.7346],[-159.3236,70.7404],[-159.3777,70.7839],[-159.216,70.8396],[-159.3073,70.8649],[-159.6636,70.7756],[-160.0007,70.6478],[-159.7326,70.5437],[-159.2371,70.5341],[-159.683,70.4629],[-159.7945,70.4797],[-159.8493,70.218],[-159.9291,70.3182],[-160.1373,70.3202],[-160.0425,70.4413],[-160.1498,70.4679],[-160.0077,70.5627],[-160.1109,70.577],[-160.6075,70.4379],[-160.9831,70.2921],[-162.1519,70.1451],[-161.8015,70.2655],[-161.8844,70.3109],[-162.9259,69.7511],[-163.064,69.6072],[-163.1344,69.3797],[-163.5131,69.161],[-163.8499,69.0258],[-164.2951,68.9233],[-165.5093,68.8541],[-166.1741,68.871],[-166.1514,68.7968],[-166.3533,68.4186],[-166.5682,68.3463],[-166.7002,68.3681],[-166.6753,68.3804],[-166.7262,68.3631],[-166.2191,68.2895],[-165.9424,68.1673],[-165.3705,68.0573],[-164.1024,67.6159],[-163.915,67.4833],[-163.6951,67.2031],[-163.5149,67.1143],[-162.9983,67.041],[-162.5937,67.0334],[-162.3774,67.1398],[-162.3682,67.0352],[-161.9638,67.0633],[-161.7047,67.0327],[-161.5805,66.9803],[-161.8478,66.8011],[-161.8279,66.7078],[-161.553,66.6025],[-161.3999,66.5674],[-161.0633,66.6654],[-160.8578,66.6852],[-160.6354,66.6187],[-160.3499,66.6263],[-160.2354,66.5797],[-160.197,66.51],[-160.202,66.4097],[-160.6496,66.3593],[-160.7971,66.3717],[-161.1623,66.4819],[-161.5961,66.4446],[-161.9323,66.5503],[-162.082,66.6644],[-162.0507,66.7749],[-162.1534,66.7904],[-162.277,66.9092],[-162.3654,66.9326],[-162.5715,66.8886],[-162.4483,66.7489],[-162.3076,66.7471],[-162.1691,66.7027],[-161.8558,66.4962],[-161.8846,66.4163],[-161.819,66.386],[-161.543,66.4212],[-161.0994,66.3452],[-161.0405,66.2991],[-160.9843,66.1305],[-161.1198,66.2222],[-161.2003,66.2045],[-161.4556,66.265],[-161.5342,66.2411],[-161.7971,66.0417],[-161.934,66.0291],[-162.2158,66.0574],[-162.5873,66.0372],[-162.8914,66.0851],[-163.7072,66.0705],[-164.0746,66.2135],[-163.9248,66.2925],[-163.9334,66.3808],[-163.8083,66.5271],[-163.9769,66.5816],[-163.7175,66.5922],[-164.4536,66.5752],[-165.0552,66.4242],[-165.4372,66.3974],[-165.7837,66.2834],[-165.8048,66.2511],[-165.5189,66.1715],[-165.6142,66.1196],[-166.014,66.108],[-166.2187,66.1556],[-166.3853,66.1322],[-166.7272,66.0414],[-167.0619,65.8641],[-167.3891,65.8466],[-167.5602,65.7477],[-167.9372,65.6607],[-167.9579,65.7207],[-168.055,65.6566],[-167.967,65.5782],[-167.3927,65.4348],[-166.1329,65.2941],[-166.059,65.2419],[-166.2774,65.2599],[-166.4285,65.2366],[-166.5088,65.1429],[-166.8494,65.1322],[-166.5325,64.9641],[-166.3856,64.9355],[-166.3781,64.8213],[-166.4482,64.7916],[-166.451,64.7321],[-166.3043,64.6361],[-166.1322,64.5955],[-164.9793,64.4674],[-164.7683,64.5446],[-164.6851,64.5235],[-164.3106,64.5974],[-163.7078,64.6018],[-163.4713,64.5617],[-163.1584,64.4482],[-163.098,64.5108],[-163.1888,64.5207],[-163.3403,64.608],[-163.2052,64.6709],[-162.8489,64.5234],[-162.7831,64.3886],[-162.7312,64.3904],[-162.6616,64.4581],[-162.3565,64.6222],[-161.8889,64.7532],[-161.7707,64.8331],[-161.4796,64.8082],[-161.2004,64.9372],[-161.1212,64.9392],[-160.8602,64.8022],[-160.8051,64.6803],[-160.9077,64.5706],[-161.1904,64.5027],[-161.3943,64.5119],[-161.4451,64.4501],[-161.1993,64.4068],[-160.9589,64.2566],[-160.8744,64.0342],[-160.7475,63.8189],[-160.7983,63.7239],[-160.9019,63.6528],[-161.2519,63.4847],[-161.5003,63.4548],[-161.9801,63.4392],[-162.0801,63.4616],[-162.1344,63.5223],[-162.2609,63.518],[-162.599,63.2564],[-162.7858,63.197],[-162.9259,63.1053],[-163.2827,63.033],[-163.3738,63.0321],[-163.5022,63.0896],[-163.75,62.9915],[-163.7822,63.0318],[-163.649,63.1218],[-163.7564,63.1825],[-164.1054,63.2478],[-164.391,63.2036],[-164.4891,63.13],[-164.3428,63.0582],[-164.3614,63.0102],[-164.6607,63.0081],[-164.7702,62.9149],[-164.8149,62.8005],[-164.7759,62.6525],[-164.55,62.739],[-164.567,62.6825],[-164.6664,62.5975],[-164.8072,62.573],[-164.7188,62.4994],[-164.7705,62.4617],[-164.9987,62.5194],[-165.1706,62.4652],[-165.6785,62.0957],[-165.7133,62.0116],[-165.6956,61.9622],[-165.5643,61.8622],[-166.0411,61.7993],[-165.9968,61.758],[-165.7652,61.7007],[-165.8158,61.6678],[-166.1372,61.6416],[-166.1235,61.5507],[-166.0865,61.526],[-165.9674,61.5657],[-165.8239,61.5475],[-165.7631,61.4907],[-165.8738,61.4021],[-165.8386,61.3453],[-165.6649,61.3093],[-165.5445,61.1142],[-165.4108,61.1168],[-165.4232,61.2146],[-165.3553,61.2772],[-165.2717,61.2893],[-165.1979,61.2741],[-165.3078,61.2005],[-165.2622,61.1808],[-165.2136,61.1701],[-165.0937,61.2164],[-165.1067,61.1342],[-165.0661,61.1101],[-164.8354,61.1239],[-164.847,61.0796],[-165.1347,60.9648],[-165.0952,60.9434],[-164.7487,60.945],[-164.4348,60.8834],[-164.0064,60.8783],[-163.751,60.9876],[-163.5433,60.9016],[-163.6449,60.8638],[-163.8426,60.8606],[-163.4941,60.8093],[-163.384,60.76],[-163.5047,60.6559],[-163.7395,60.5689],[-163.9194,60.7364],[-163.9883,60.7507],[-164.291,60.5959],[-164.4326,60.5622],[-164.2982,60.7235],[-164.3435,60.7635],[-164.8042,60.8775],[-164.8761,60.8631],[-164.9894,60.7334],[-165.3035,60.5485],[-164.9916,60.5065],[-165.0295,60.4175],[-164.7889,60.3205],[-164.6439,60.3169],[-164.446,60.1574],[-164.1001,59.9992],[-164.1124,59.9029],[-163.895,59.82],[-163.2295,59.8584],[-162.8964,59.9337],[-162.7453,60.0075],[-162.5924,60.0038],[-162.5312,60.1267],[-162.5565,60.1961],[-162.7389,60.268],[-162.6225,60.3062],[-162.1587,60.6969],[-161.9458,60.7089],[-161.9065,60.6821],[-162.1139,60.606],[-162.3875,60.2864],[-162.2145,60.1842],[-162.1092,59.984],[-161.7984,59.5904],[-161.843,59.4247],[-161.992,59.2813],[-161.9519,59.1506],[-161.8819,59.0962],[-161.5867,59.1232],[-161.7585,59.0121],[-161.7506,58.8996],[-161.6916,58.7912],[-161.8369,58.7063],[-162.0665,58.6515],[-161.7575,58.6259],[-161.3875,58.6799],[-161.3559,58.7505],[-161.2669,58.8121],[-160.8308,58.8853],[-160.3525,59.0701],[-160.1304,58.9152],[-159.9149,58.8354],[-159.6625,58.9282],[-159.4294,58.8007],[-159.0574,58.4774],[-158.9437,58.4212],[-158.8172,58.4497],[-158.8026,58.5196],[-158.892,58.7183],[-158.8066,58.9028],[-158.862,59.0194],[-158.687,58.9471],[-158.5382,59.083],[-158.4206,59.1049],[-158.0011,58.9621],[-158.3191,58.9952],[-158.4031,58.9876],[-158.4468,58.9351],[-158.4721,58.8522],[-158.2782,58.6512],[-158.188,58.629],[-157.1626,58.888],[-156.9895,58.9957],[-156.7723,59.2003],[-156.7371,59.1942],[-157.0083,58.7739],[-156.9204,58.7391],[-157.2068,58.6316],[-157.4338,58.4966],[-157.4934,58.4191],[-157.4612,58.2631],[-157.1126,58.1876],[-157.529,58.1314],[-157.5808,58.0488],[-157.591,57.8938],[-157.6667,57.68],[-157.5448,57.5481],[-157.4241,57.5015],[-157.5299,57.4687],[-157.6632,57.486],[-157.7384,57.5333],[-157.8305,57.5163],[-158.1143,57.3558],[-158.2975,57.2893],[-158.6317,57.0354],[-158.6473,56.7855],[-158.9192,56.8063],[-158.9483,56.8566],[-159.2621,56.6784],[-159.7661,56.5509],[-160.2763,56.3069],[-160.5084,56.0058],[-160.4984,55.9701],[-160.2372,55.8333],[-160.2689,55.7934],[-160.6959,55.8573],[-160.727,55.8478],[-160.7148,55.7687],[-160.8119,55.7404],[-161.0351,55.8831],[-161.0396,55.9189],[-160.9118,55.9721],[-161.2113,55.9419],[-161.2571,55.9772],[-161.2254,56.0038],[-161.6808,55.8959],[-162.1335,55.7109],[-162.8862,55.1849],[-163.0981,55.1822],[-163.2533,55.1141],[-163.2756,55.0596],[-163.2571,55.0],[-163.5294,55.0],[-163.6148,55.0373],[-163.9432,55.0],[-165.5167,55.0],[-165.5833,55.05],[-165.5833,55.1],[-165.6167,55.0833],[-165.7333,55.15],[-165.7167,55.1833],[-165.7667,55.2],[-165.8333,55.3],[-165.9667,55.3333],[-165.9667,55.3667],[-166.0167,55.3667],[-166.0167,55.4],[-166.05,55.3833],[-166.0667,55.4833],[-166.0,55.55],[-166.0333,55.55],[-166.0333,55.5833],[-166.0667,55.55],[-166.1,55.6],[-166.0667,55.6],[-166.05,55.7],[-166.0167,55.7],[-166.0167,55.8167],[-166.0667,55.8167],[-166.0667,55.85],[-166.1333,55.8667],[-166.1333,55.9],[-166.1667,55.9],[-166.2167,55.9667],[-166.5167,56.1],[-166.8667,56.1667],[-167.0,56.2167],[-167.0167,56.25],[-167.1,56.2333],[-167.1667,56.2833],[-167.3,56.2833],[-167.6667,56.4333],[-167.9833,56.4833],[-168.3167,56.4833],[-168.6667,56.3833],[-168.7833,56.3167],[-168.8167,56.3167],[-168.8167,56.3667],[-168.9167,56.3833],[-169.1833,56.3667],[-169.5167,56.4],[-169.8,56.3333],[-169.8667,56.1833],[-169.95,56.1333],[-170.05,56.1167],[-170.3667,56.1667],[-170.4,56.2],[-170.5333,56.2167],[-170.5667,56.2667],[-170.6667,56.3],[-170.6833,56.3333],[-170.7833,56.35],[-170.8333,56.4167],[-170.8667,56.4167],[-170.8,56.45],[-170.6167,56.4333],[-170.6333,56.4667],[-170.7333,56.4667],[-170.7667,56.5167],[-170.8833,56.5167],[-170.9167,56.55],[-171.1,56.5667],[-171.15,56.6],[-171.2,56.5833],[-171.3667,56.6333],[-171.6167,56.6667],[-171.7,56.65],[-171.75,56.6833],[-172.0333,56.7167],[-172.1333,56.7667],[-172.15,56.8167],[-172.1167,56.8167],[-172.1167,56.85],[-172.15,56.9],[-172.2167,56.9],[-172.2167,56.9333],[-172.2667,56.9167],[-172.3,56.9667],[-172.3833,56.95],[-172.5167,57.0],[-172.6,56.9833],[-172.8,57.0333],[-172.8333,57.0167],[-173.0833,57.1167],[-173.1333,57.1667],[-173.1833,57.15],[-173.2333,57.1833],[-173.2333,57.2333],[-173.2833,57.2333],[-173.3167,57.2833],[-173.4167,57.3167],[-173.4167,57.3833],[-173.4667,57.4],[-173.5333,57.5],[-173.3,57.3833],[-173.05,57.4],[-173.0,57.4333],[-172.9,57.4333],[-172.9,57.4833],[-172.8333,57.5],[-172.8167,57.5667],[-173.0167,57.75],[-173.15,57.7833],[-173.2167,57.8333],[-173.3667,57.85],[-173.3833,57.8833],[-173.6,57.9167],[-173.6167,57.9667],[-173.7,57.95],[-173.7667,58.0333],[-173.8333,58.05],[-173.8333,58.0833],[-173.9333,58.1333],[-173.9,58.1667],[-173.9667,58.2333],[-173.9667,58.2833],[-173.9167,58.2833],[-173.9333,58.3167],[-173.8667,58.3167],[-173.8667,58.4167],[-173.7833,58.4333],[-173.7667,58.4667],[-173.6667,58.4667],[-173.6667,58.5],[-173.5333,58.5167],[-173.45,58.6],[-173.4667,58.6667],[-173.4333,58.7167],[-173.4667,58.7167],[-173.4667,58.75],[-173.5333,58.8],[-173.7167,58.85],[-173.7167,58.8833],[-173.7667,58.9167],[-173.8167,58.9],[-173.8667,58.9833],[-173.9667,58.9833],[-173.9833,59.0167],[-174.1,59.0167],[-174.1,59.05],[-174.2,59.05],[-174.2833,59.1],[-174.4167,59.1167],[-174.4167,59.15],[-174.55,59.2667],[-174.5333,59.3167],[-174.5833,59.3333],[-174.5833,59.3667],[-174.55,59.35],[-174.5667,59.4],[-174.5333,59.4],[-174.5667,59.4167],[-174.55,59.5],[-174.65,59.5],[-174.6333,59.5333],[-174.7167,59.55],[-174.7333,59.6]],[[-161.0933,58.6571],[-161.0459,58.5805],[-160.9425,58.587],[-160.7676,58.7741],[-160.9653,58.7262],[-161.0933,58.6571]],[[-165.7435,60.0647],[-165.7198,60.2252],[-165.7544,60.3059],[-165.8438,60.3321],[-166.0594,60.3212],[-166.1904,60.3825],[-166.366,60.3491],[-166.4657,60.3691],[-166.7155,60.3045],[-166.8143,60.2026],[-167.3935,60.2002],[-167.1206,60.02],[-166.6145,59.8771],[-166.2419,59.8255],[-166.1493,59.7797],[-166.1631,59.8212],[-166.1233,59.8591],[-165.9556,59.9034],[-165.6244,59.9234],[-165.6585,60.0221],[-165.7435,60.0647]],[[-170.1475,63.61],[-170.4322,63.6849],[-170.6572,63.657],[-170.8622,63.5811],[-171.0379,63.5718],[-171.4703,63.6013],[-171.6526,63.7102],[-171.7197,63.6942],[-171.7891,63.4788],[-171.7156,63.4034],[-171.5156,63.3458],[-170.9535,63.4666],[-170.5125,63.3912],[-170.2451,63.2906],[-170.1726,63.2093],[-169.7953,63.1312],[-169.6645,62.9741],[-169.6006,63.0021],[-169.5888,63.0626],[-169.3791,63.184],[-168.8638,63.1854],[-168.7892,63.2203],[-168.7513,63.3012],[-169.5775,63.3633],[-169.6426,63.4187],[-170.0395,63.4812],[-170.1475,63.61]],[[-169.55,56.6137],[-169.6231,56.6008],[-169.7337,56.6123],[-169.5976,56.5569],[-169.5073,56.5983],[-169.55,56.6137]],[[-178.7662,68.5897],[-178.7894,68.6947],[-178.6911,68.6538],[-178.8905,68.7425],[-179.2947,68.8134],[-179.4874,68.9003],[-179.5966,68.8923],[-179.9697,68.962],[-179.9698,65.0978],[-179.7287,65.1957],[-179.3818,65.521],[-179.3947,65.6332],[-179.7556,65.7973],[-179.82,65.8992],[-179.8138,66.0196],[-179.6899,66.2184],[-179.5995,66.1427],[-179.3559,66.1712],[-179.3727,66.2929],[-179.2192,66.3243],[-179.1403,66.4001],[-179.0767,66.3497],[-179.0749,66.2384],[-178.8823,66.1992],[-178.4929,66.4398],[-178.504,66.315],[-178.5574,66.1945],[-178.6655,66.1183],[-178.7281,65.9947],[-178.9007,66.0214],[-178.7655,65.872],[-178.4724,65.745],[-178.4954,65.5934],[-178.4764,65.5437],[-178.3971,65.5078],[-177.5003,65.5166],[-177.0566,65.6274],[-176.0732,65.4821],[-175.8948,65.3579],[-175.8263,65.2351],[-175.7996,65.1044],[-175.8243,65.0166],[-175.4194,64.8261],[-175.0314,64.8274],[-174.5549,64.7294],[-174.2974,64.6477],[-173.9789,64.4581],[-173.718,64.3771],[-173.6203,64.3774],[-173.4986,64.4371],[-173.3121,64.5832],[-173.279,64.4374],[-173.3453,64.4051],[-173.3454,64.3591],[-173.2576,64.3019],[-173.1586,64.2936],[-173.0273,64.3093],[-172.9468,64.3718],[-172.9807,64.5127],[-172.9077,64.5425],[-172.7676,64.5085],[-172.7124,64.4231],[-172.4103,64.4342],[-172.5076,64.5338],[-172.9332,64.6237],[-172.9201,64.6625],[-172.9564,64.705],[-172.8336,64.7851],[-172.9944,64.8228],[-173.1344,64.7913],[-173.093,64.8543],[-173.0147,64.8887],[-172.6055,64.9204],[-172.2441,65.0529],[-172.2536,65.126],[-172.3104,65.1961],[-172.7563,65.255],[-172.3274,65.2879],[-172.2533,65.4396],[-172.4642,65.4368],[-172.3924,65.4961],[-172.5775,65.6021],[-172.8473,65.6842],[-172.7243,65.706],[-172.4198,65.6817],[-172.2595,65.5921],[-171.9297,65.5523],[-171.9018,65.5106],[-171.4667,65.5467],[-171.1741,65.5157],[-171.0883,65.5507],[-171.1594,65.62],[-171.4872,65.7959],[-171.4319,65.826],[-171.3604,65.8158],[-171.1017,65.7061],[-170.6734,65.636],[-170.5889,65.6638],[-170.5936,65.8246],[-170.5681,65.8722],[-170.1739,66.0201],[-170.0077,66.0472],[-169.8433,66.0143],[-169.7621,66.0611],[-169.8034,66.1332],[-169.8953,66.1501],[-170.3017,66.1567],[-170.2247,66.2041],[-170.3148,66.2813],[-170.6947,66.2119],[-170.5128,66.3221],[-170.9459,66.5192],[-171.3836,66.6679],[-171.8133,66.9204],[-172.9741,67.0478],[-172.4815,66.9551],[-172.5308,66.918],[-172.6403,66.9114],[-172.9691,66.9289],[-173.1738,66.9819],[-173.1865,66.9144],[-173.1383,66.8593],[-173.2539,66.8254],[-173.3784,66.8413],[-173.3732,66.9107],[-173.3523,66.9595],[-173.1976,67.0595],[-173.6778,67.1305],[-173.8777,67.093],[-174.5215,67.0801],[-174.3264,67.0536],[-174.0591,66.9491],[-173.9748,66.7776],[-174.0335,66.683],[-174.1952,66.625],[-174.087,66.5529],[-173.906,66.5341],[-173.7407,66.4358],[-173.9685,66.2386],[-174.0998,66.216],[-174.0486,66.3813],[-174.1035,66.4554],[-174.4117,66.3275],[-174.531,66.5309],[-174.6852,66.5904],[-174.9606,66.6146],[-174.8981,66.7307],[-174.8018,66.7885],[-174.8136,66.9136],[-174.9131,66.9948],[-174.9685,67.0915],[-174.9605,67.2064],[-174.8995,67.2719],[-174.8809,67.3463],[-175.0019,67.42],[-175.1434,67.3523],[-175.437,67.3416],[-175.2632,67.4507],[-175.2696,67.5191],[-175.3722,67.6697],[-177.3139,68.211],[-177.4118,68.2312],[-177.5937,68.2088],[-177.6779,68.2373],[-177.58,68.2986],[-177.7026,68.3524],[-178.2664,68.5299],[-177.7565,68.3362],[-177.9064,68.2748],[-178.1012,68.2432],[-178.0498,68.3233],[-178.1197,68.4151],[-178.716,68.5359],[-178.7662,68.5897]],[[-170.1643,57.2207],[-170.3559,57.1933],[-170.3558,57.1911],[-170.2713,57.1527],[-170.1643,57.2207]],[[-172.887,60.4983],[-172.9415,60.5849],[-173.0198,60.5605],[-173.041,60.5002],[-172.6241,60.3425],[-172.2922,60.3255],[-172.3997,60.3843],[-172.5339,60.3778],[-172.887,60.4983]],[[-177.5508,71.1747],[-177.5298,71.2183],[-177.5579,71.255],[-178.3677,71.517],[-179.1069,71.5826],[-179.9697,71.5266],[-179.9697,71.0043],[-179.4167,70.9326],[-177.8349,71.0801],[-177.5508,71.1747]]],[[[-150.0,61.2833],[-150.0,60.9216],[-150.1203,60.9192],[-150.4318,61.01],[-151.3261,60.7184],[-151.2824,60.4653],[-151.3667,60.271],[-151.7066,59.9831],[-151.8221,59.7823],[-151.7474,59.7115],[-151.4577,59.664],[-151.0944,59.8056],[-151.0131,59.7718],[-151.2378,59.5775],[-151.3796,59.5061],[-151.8283,59.3968],[-151.9326,59.2856],[-151.7257,59.2019],[-151.3653,59.2598],[-151.1974,59.2472],[-151.234,59.2906],[-151.1942,59.3176],[-151.0484,59.2902],[-150.9588,59.2602],[-150.8777,59.3497],[-150.653,59.4827],[-150.6323,59.5758],[-150.4934,59.5493],[-150.35,59.5941],[-150.3667,59.5833],[-150.35,59.55],[-150.3333,59.5951],[-150.2102,59.5811],[-150.0,59.6932],[-150.0,59.6],[-150.0833,59.6333],[-150.0833,59.5833],[-150.0,59.5667],[-150.0167,59.4667],[-150.1667,59.5],[-150.1667,59.4333],[-150.2167,59.3833],[-150.3167,59.3833],[-150.2833,59.35],[-150.2833,59.2667],[-150.1667,59.25],[-150.1833,59.2167],[-150.15,59.2],[-150.1833,59.2],[-150.1833,59.1667],[-150.2333,59.1833],[-150.2167,59.2167],[-150.35,59.25],[-150.3667,59.3167],[-150.4333,59.3],[-150.4833,59.3333],[-150.3833,59.5333],[-150.4333,59.5167],[-150.4667,59.45],[-150.5333,59.45],[-150.5333,59.4833],[-150.6,59.5333],[-150.55,59.4167],[-150.5833,59.4],[-150.6,59.25],[-150.6333,59.2333],[-150.4833,59.2333],[-150.5167,59.1667],[-150.4667,59.15],[-150.45,59.05],[-150.4,59.0167],[-150.3833,58.95],[-150.5167,58.95],[-150.65,58.9],[-150.6333,59.0167],[-150.6833,59.0333],[-150.6667,59.1],[-150.75,59.1],[-150.7333,59.15],[-150.6667,59.1667],[-150.6667,59.2],[-150.75,59.1833],[-150.7833,59.2667],[-150.8167,59.2667],[-150.7833,59.35],[-150.8333,59.35],[-150.8667,59.3167],[-150.8333,59.2167],[-150.8,59.2167],[-150.85,59.2],[-150.8333,59.1167],[-151.0167,59.1167],[-151.05,59.15],[-151.0333,59.25],[-151.0667,59.2833],[-151.1,59.2667],[-151.0667,59.2167],[-151.0667,59.1667],[-151.1,59.15],[-151.05,59.1167],[-151.2,59.1333],[-151.1833,59.1],[-151.0667,59.0833],[-151.0833,59.0333],[-151.1833,59.0333],[-151.3667,58.9167],[-151.6833,58.9333],[-151.6167,58.9],[-151.5667,58.9167],[-151.5,58.8333],[-151.2667,58.8333],[-151.2833,58.8],[-151.4833,58.7833],[-151.5833,58.8167],[-151.5833,58.85],[-151.55,58.85],[-151.5667,58.8833],[-151.65,58.8833],[-151.7333,58.8167],[-152.1333,58.8167],[-152.1833,58.7667],[-152.1833,58.8167],[-152.25,58.8],[-152.3,58.8167],[-152.3,58.85],[-152.3667,58.8333],[-152.4333,58.8833],[-152.4167,58.9667],[-152.3833,58.9833],[-152.4167,59.1167],[-152.55,59.0833],[-152.6,59.1833],[-152.6833,59.1833],[-152.7167,59.2167],[-152.9,59.2167],[-153.0333,59.1167],[-153.0833,59.1167],[-153.1833,58.9833],[-153.25,58.9667],[-153.2167,58.9],[-153.2167,58.7667],[-153.2667,58.6667],[-153.4833,58.55],[-153.9,58.4],[-153.9167,58.3333],[-154.0167,58.3167],[-154.1167,58.1667],[-154.1833,58.15],[-154.1833,58.1167],[-154.45,58.0333],[-154.4333,58.0],[-154.7,57.9667],[-155.05,57.85],[-155.3,57.6833],[-155.4333,57.6333],[-155.4833,57.5667],[-155.7667,57.45],[-155.85,57.3167],[-155.9167,57.35],[-156.05,57.3167],[-156.2333,57.35],[-156.1833,57.3333],[-156.1833,57.3],[-156.25,57.2833],[-156.25,57.25],[-156.0833,57.2667],[-156.05,57.2333],[-156.0667,57.0667],[-156.1333,57.0],[-156.2,57.0333],[-156.2667,57.0167],[-156.3167,56.95],[-156.4,56.95],[-156.5167,56.8167],[-156.55,56.8167],[-156.5167,56.7667],[-156.6,56.7833],[-156.65,56.75],[-156.7167,56.8],[-156.7833,56.8],[-156.75,56.7833],[-156.7667,56.7333],[-156.7333,56.7167],[-156.8,56.7],[-156.8,56.65],[-156.7,56.6333],[-156.7,56.6],[-156.7333,56.6],[-156.7333,56.5333],[-156.8167,56.5],[-156.6667,56.4],[-156.6833,56.3],[-156.6167,56.0167],[-156.7333,55.95],[-156.9333,55.9833],[-157.0167,55.9167],[-156.7833,55.75],[-156.7833,55.5833],[-156.6667,55.4333],[-156.6333,55.3167],[-156.6333,55.2833],[-156.7,55.2333],[-157.1833,55.1667],[-157.3,55.0667],[-157.3167,55.0],[-158.1,55.0],[-158.2,55.2333],[-158.2,55.3167],[-158.1333,55.35],[-158.15,55.3833],[-158.1167,55.3833],[-158.1167,55.4333],[-158.0667,55.4167],[-158.0,55.5],[-157.8667,55.5167],[-157.7667,55.5833],[-157.7167,55.5833],[-157.5333,55.7333],[-157.6333,55.8],[-157.6833,55.8],[-157.7,55.85],[-157.8833,55.8167],[-157.9833,55.7333],[-158.0667,55.7333],[-158.05,55.7833],[-158.2667,55.8],[-158.3167,55.8833],[-158.4833,55.9167],[-158.5,55.8833],[-158.3833,55.8667],[-158.3333,55.8],[-158.4,55.7667],[-158.4167,55.7167],[-158.45,55.7167],[-158.45,55.75],[-158.4833,55.75],[-158.4833,55.7167],[-158.55,55.7167],[-158.5667,55.6],[-158.6833,55.6],[-158.8167,55.65],[-158.9167,55.75],[-158.9833,55.75],[-158.9333,55.7667],[-158.9333,55.85],[-158.8667,55.9167],[-158.9,55.9333],[-158.9,55.9],[-159.0,55.8667],[-159.0167,55.75],[-159.0833,55.7333],[-159.0833,55.7],[-158.9833,55.6167],[-158.9167,55.6],[-158.8333,55.5],[-158.8167,55.4333],[-159.2167,55.5167],[-159.3833,55.4667],[-159.4,55.5],[-159.4667,55.5167],[-159.8,55.5333],[-159.85,55.6],[-159.7667,55.65],[-159.8167,55.6667],[-159.8167,55.7],[-159.75,55.75],[-159.75,55.7833],[-159.8,55.7833],[-159.8667,55.7],[-159.9,55.7167],[-159.9333,55.6833],[-159.9333,55.6167],[-160.1167,55.6167],[-160.1667,55.5833],[-160.3333,55.6],[-160.3667,55.5667],[-160.2833,55.5333],[-160.3667,55.5333],[-160.45,55.4667],[-160.6,55.4833],[-160.6,55.45],[-160.5833,55.4167],[-160.4167,55.4167],[-160.2667,55.5333],[-160.1333,55.5333],[-160.1167,55.5],[-160.1167,55.5333],[-159.9833,55.55],[-159.9167,55.5167],[-159.9,55.4667],[-160.0333,55.45],[-160.0,55.3667],[-159.9667,55.4],[-159.9,55.4],[-159.8833,55.4333],[-159.7333,55.4],[-159.7,55.35],[-159.65,55.35],[-159.6667,55.4],[-159.6333,55.4],[-159.6167,55.3333],[-159.7167,55.25],[-159.4333,55.3],[-159.25,55.2167],[-158.9333,55.15],[-158.7667,55.05],[-158.7333,55.0],[-159.395,55.0],[-159.4267,55.0345],[-159.4041,55.0],[-160.13,55.0],[-159.8831,55.1491],[-159.8713,55.1793],[-159.9308,55.2187],[-160.1367,55.1067],[-160.1394,55.0],[-160.4333,55.0],[-160.1333,55.2333],[-160.1667,55.3333],[-160.2167,55.3167],[-160.2667,55.3833],[-160.3667,55.3667],[-160.3167,55.3667],[-160.2167,55.2833],[-160.2333,55.2167],[-160.3167,55.1833],[-160.4,55.25],[-160.4,55.1833],[-160.3667,55.1833],[-160.35,55.1333],[-160.5333,55.0],[-161.0667,55.0],[-161.0667,55.1],[-161.0833,55.0],[-162.7155,55.0],[-162.6486,55.0425],[-162.6747,55.2188],[-162.6543,55.2613],[-162.5239,55.2555],[-162.3977,55.1495],[-162.3798,55.1012],[-162.4256,55.0816],[-162.3432,55.0642],[-162.1788,55.1579],[-162.0884,55.1536],[-162.006,55.2058],[-161.7694,55.3965],[-161.6806,55.5704],[-161.5316,55.6303],[-161.343,55.6242],[-161.1882,55.5669],[-161.1541,55.5229],[-161.3889,55.5281],[-161.4466,55.4627],[-161.4501,55.4007],[-161.3803,55.3852],[-161.1175,55.4168],[-160.9004,55.5298],[-160.7743,55.4997],[-160.6244,55.5674],[-160.5147,55.5503],[-160.3929,55.646],[-159.7812,55.854],[-159.6513,55.8328],[-159.6396,55.658],[-159.5516,55.8172],[-158.8105,55.9974],[-158.6083,56.1989],[-158.5318,56.1954],[-158.496,56.0873],[-158.3159,56.1956],[-158.4046,56.2905],[-158.5871,56.3073],[-158.4372,56.4453],[-157.9722,56.5266],[-158.1251,56.5424],[-158.0511,56.6012],[-157.8811,56.6581],[-157.6,56.6448],[-157.4631,56.7995],[-157.1572,56.8376],[-156.801,57.0166],[-156.6504,57.0252],[-156.6177,57.0739],[-156.5022,57.1116],[-156.4305,57.2073],[-156.5097,57.3308],[-156.4601,57.3682],[-156.2591,57.4608],[-156.0831,57.4592],[-156.0664,57.5323],[-156.0156,57.5575],[-155.8025,57.5775],[-155.6255,57.7049],[-155.6195,57.7399],[-155.1708,57.8904],[-155.0289,58.0278],[-154.6145,58.0667],[-154.5912,58.1289],[-154.2762,58.1662],[-154.2447,58.2775],[-154.3243,58.31],[-154.1102,58.3748],[-154.0467,58.4995],[-153.8844,58.597],[-153.6387,58.6644],[-153.4632,58.7621],[-153.3577,58.8837],[-153.4403,58.9505],[-153.6723,59.0271],[-154.1505,59.1091],[-154.2103,59.1531],[-154.0994,59.3363],[-154.1234,59.3673],[-153.8365,59.4829],[-153.6453,59.61],[-153.712,59.6315],[-153.5014,59.7316],[-153.3405,59.7392],[-153.3489,59.6749],[-153.0764,59.7364],[-153.0632,59.8002],[-153.2594,59.8372],[-153.1161,59.8879],[-152.7812,59.931],[-152.6589,60.0431],[-152.6916,60.1188],[-153.0683,60.2851],[-153.0443,60.3097],[-152.6621,60.2518],[-152.3912,60.3455],[-152.2938,60.4096],[-152.337,60.4739],[-152.2981,60.5344],[-152.0183,60.6915],[-151.7833,60.7596],[-151.8116,60.8609],[-151.76,60.918],[-151.6127,60.9903],[-151.1727,61.0952],[-150.9649,61.2087],[-150.5651,61.3211],[-150.4563,61.2738],[-150.0,61.2833]],[[-156.55,57.0167],[-156.4667,56.9667],[-156.4667,56.9333],[-156.4333,56.9333],[-156.4667,57.0],[-156.5167,57.0333],[-156.55,57.0167]],[[-157.1,56.6833],[-157.2167,56.6833],[-157.2333,56.6167],[-157.0333,56.5833],[-156.95,56.6],[-156.95,56.6833],[-157.1,56.6833]],[[-157.4167,56.5167],[-157.5,56.5],[-157.6167,56.5333],[-157.55,56.4667],[-157.4667,56.45],[-157.65,56.4333],[-157.7,56.4],[-157.7667,56.4],[-157.7667,56.4333],[-158.0167,56.4333],[-158.05,56.4667],[-158.0833,56.4667],[-158.0833,56.4333],[-158.25,56.4167],[-158.15,56.4],[-158.1667,56.3667],[-157.7667,56.3667],[-157.7167,56.3167],[-157.6,56.3167],[-157.5833,56.2667],[-157.65,56.2667],[-157.6667,56.2],[-157.6,56.1833],[-157.5667,56.15],[-157.5833,56.1167],[-157.4333,56.0],[-157.35,56.0],[-157.3,56.05],[-157.25,56.05],[-157.2333,56.25],[-157.15,56.25],[-157.1,56.3],[-156.85,56.35],[-156.8667,56.4333],[-157.15,56.4],[-157.2167,56.45],[-157.3667,56.4833],[-157.3833,56.5333],[-157.4167,56.5167]],[[-158.8333,55.95],[-158.7833,55.9],[-158.6667,55.8667],[-158.6833,55.9167],[-158.7833,55.9667],[-158.8667,55.9667],[-158.8333,55.95]],[[-158.6333,56.0667],[-158.65,56.0333],[-158.55,55.95],[-158.6167,56.1167],[-158.6333,56.0667]],[[-158.0333,56.3],[-158.1,56.3],[-158.1167,56.25],[-158.0167,56.2833],[-157.9667,56.2667],[-157.9667,56.2167],[-158.0333,56.2333],[-158.0833,56.2],[-157.9667,56.1333],[-158.0,56.0167],[-157.7667,55.9833],[-157.7333,56.1333],[-157.7,56.15],[-157.75,56.15],[-157.75,56.2],[-157.8667,56.2167],[-157.8833,56.25],[-157.85,56.25],[-157.85,56.2833],[-157.9167,56.2833],[-157.9667,56.3333],[-158.0333,56.3]],[[-158.5333,55.8167],[-158.5,55.8333],[-158.5167,55.9167],[-158.6,55.8833],[-158.5833,55.8333],[-158.5333,55.8167]],[[-158.25,55.9167],[-158.1333,55.8833],[-158.0833,55.9333],[-158.1333,56.0],[-158.2833,56.0333],[-158.2833,55.95],[-158.25,55.9167]],[[-152.2333,59.15],[-152.3,59.15],[-152.3,59.1167],[-152.25,59.1167],[-152.2167,59.05],[-152.3,59.0667],[-152.3167,59.0167],[-152.1333,58.9833],[-152.0,59.0],[-151.9833,58.95],[-151.8667,58.8833],[-151.7667,58.9167],[-151.7333,58.9667],[-151.7833,58.9833],[-151.7167,59.0167],[-151.5333,59.0167],[-151.3333,58.9667],[-151.3667,59.0167],[-151.4333,59.0333],[-151.8833,59.0667],[-151.95,59.1167],[-151.95,59.15],[-152.0667,59.1333],[-152.1667,59.2],[-152.2333,59.2],[-152.2333,59.15]],[[-160.3763,55.343],[-160.4749,55.3395],[-160.4818,55.3342],[-160.3689,55.2856],[-160.3763,55.343]],[[-160.6996,55.192],[-160.5144,55.1947],[-160.6079,55.3193],[-160.7208,55.3025],[-160.697,55.3598],[-160.7209,55.3889],[-160.8162,55.3109],[-160.7957,55.1774],[-160.6996,55.192]]],[[[-163.143,55.0],[-163.1452,55.0827],[-162.9762,55.0578],[-162.8939,55.0],[-163.143,55.0]]],[[[-174.1667,57.75],[-174.1833,57.7667],[-173.9833,57.7],[-174.0833,57.6833],[-174.1667,57.75]]],[[[-157.5333,56.3],[-157.5333,56.3333],[-157.6167,56.35],[-157.5833,56.35],[-157.5833,56.3833],[-157.4167,56.4167],[-157.3167,56.4167],[-157.2833,56.4],[-157.3,56.35],[-157.25,56.35],[-157.2833,56.2667],[-157.4833,56.3167],[-157.5333,56.3]]],[[[-155.9667,55.7333],[-156.0333,55.8167],[-156.0667,55.9833],[-155.9333,56.15],[-155.9333,56.2],[-155.8333,56.3667],[-155.7,56.4833],[-155.2,56.7667],[-155.0833,56.8833],[-155.0833,56.9167],[-154.9167,57.0833],[-154.9167,57.15],[-154.8833,57.1833],[-154.9167,57.3167],[-154.8833,57.35],[-154.85,57.3333],[-154.75,57.4833],[-154.5667,57.6],[-154.25,57.6833],[-154.1167,57.8],[-153.9667,57.8167],[-153.8667,57.8833],[-153.8,57.8833],[-153.7167,57.9667],[-153.5833,57.9833],[-153.55,58.0667],[-153.3833,58.1],[-153.1833,58.2833],[-152.9,58.4333],[-152.6667,58.6667],[-152.4833,58.7167],[-152.2,58.6333],[-152.15,58.5833],[-152.0833,58.5833],[-151.8,58.4],[-151.65,58.35],[-151.3833,58.3333],[-151.3,58.3333],[-151.3833,58.3833],[-151.3167,58.3833],[-151.3333,58.4333],[-151.25,58.5],[-150.4167,58.5333],[-150.2333,58.6],[-150.2167,58.6667],[-150.1167,58.65],[-150.1333,58.55],[-150.0,58.55],[-150.0,58.1833],[-150.45,58.15],[-150.6667,58.1667],[-150.6667,58.1333],[-150.8167,58.15],[-150.9333,58.2],[-150.9333,58.2333],[-151.05,58.3333],[-151.1333,58.3333],[-151.0,58.25],[-150.9833,58.0833],[-150.9167,58.05],[-150.9167,58.0167],[-150.85,57.9833],[-150.65,58.0],[-150.65,57.9167],[-150.4833,57.9],[-150.2333,57.8],[-150.3,57.7667],[-150.3,57.6833],[-150.4333,57.5833],[-150.4667,57.5167],[-150.8167,57.3667],[-150.85,57.3333],[-150.8167,57.3],[-150.8833,57.25],[-151.0,57.2667],[-151.0167,57.2333],[-151.0667,57.2333],[-151.1667,57.15],[-151.2333,57.1333],[-151.2,57.2667],[-151.3667,57.4833],[-151.5,57.55],[-151.7333,57.5833],[-151.75,57.6167],[-151.8833,57.65],[-152.0,57.7333],[-152.0667,57.7],[-152.0833,57.7333],[-152.1667,57.7167],[-152.1667,57.6833],[-152.05,57.6833],[-152.0333,57.65],[-151.9667,57.6333],[-151.9,57.5833],[-151.9,57.55],[-151.5667,57.4667],[-151.3667,57.2667],[-151.4,57.15],[-151.6167,57.1],[-151.6167,57.0667],[-151.55,57.0333],[-151.55,56.9833],[-151.6833,56.9333],[-151.75,56.85],[-151.7833,56.85],[-151.85,56.7833],[-151.8167,56.7667],[-151.8333,56.7],[-152.0167,56.5667],[-152.2333,56.5],[-152.2833,56.55],[-152.4333,56.5833],[-152.4333,56.65],[-152.3333,56.7333],[-152.3333,56.8167],[-152.4167,56.95],[-152.4167,57.1833],[-152.4833,57.2],[-152.5667,57.1167],[-152.55,57.0833],[-152.5833,57.0333],[-152.6833,57.1833],[-152.85,57.2333],[-152.8167,57.2167],[-152.8,57.15],[-152.8333,57.15],[-152.8333,57.0167],[-152.8833,56.9833],[-153.1167,56.9833],[-153.2833,56.9],[-153.4,56.9167],[-153.4167,56.9667],[-153.45,56.9667],[-153.4333,57.0167],[-153.5167,56.9833],[-153.5167,56.9167],[-153.45,56.8833],[-153.3667,56.7667],[-153.3167,56.7667],[-153.3167,56.7],[-153.3667,56.6833],[-153.3667,56.65],[-153.4167,56.65],[-153.4667,56.5833],[-153.5333,56.6],[-153.45,56.6333],[-153.45,56.7],[-153.5,56.75],[-153.7,56.75],[-153.7833,56.7],[-153.6167,56.6833],[-153.5833,56.65],[-153.6167,56.6333],[-153.6167,56.5833],[-153.5833,56.5667],[-153.6833,56.5],[-153.6833,56.4667],[-153.5667,56.4667],[-153.5,56.5],[-153.4333,56.55],[-153.4333,56.6],[-153.15,56.5833],[-153.0667,56.6167],[-153.0333,56.6833],[-153.1,56.7],[-153.1333,56.7667],[-153.1833,56.7833],[-153.2,56.8833],[-153.0833,56.9167],[-153.1,56.95],[-153.0,56.9167],[-152.8333,56.9833],[-152.8333,56.9167],[-152.65,56.8667],[-152.5833,56.7833],[-152.5833,56.6833],[-152.6333,56.6167],[-152.6167,56.45],[-152.6667,56.4],[-152.75,56.4],[-152.75,56.3333],[-152.8333,56.35],[-152.8333,56.3],[-153.1667,56.3333],[-153.5167,56.1667],[-153.7,56.2167],[-153.85,56.2167],[-154.0,56.3167],[-154.0667,56.3167],[-154.3,56.25],[-154.45,56.1333],[-154.6,56.0667],[-154.6833,56.0667],[-154.6667,56.1167],[-154.8833,56.0667],[-155.05,55.9333],[-155.1,55.8167],[-155.15,55.8167],[-155.2,55.7667],[-155.3333,55.75],[-155.4333,55.7],[-155.8,55.65],[-155.85,55.65],[-155.9667,55.7333]],[[-153.4333,57.9667],[-153.3667,57.9667],[-153.25,57.9167],[-153.35,57.9833],[-153.4333,58.0],[-153.4333,57.9667]],[[-153.6333,57.9333],[-153.6667,57.95],[-153.6833,57.9167],[-153.5667,57.8667],[-153.5167,57.7667],[-153.4667,57.7833],[-153.5167,57.85],[-153.4333,57.8667],[-153.6333,57.9333]],[[-154.0667,57.7833],[-154.1,57.7],[-153.9667,57.6667],[-153.9333,57.5833],[-153.8833,57.5833],[-153.9167,57.6833],[-154.0667,57.7833]],[[-152.2667,57.7],[-152.1833,57.7333],[-152.1667,57.7667],[-152.35,57.7333],[-152.3333,57.6833],[-152.2667,57.7]],[[-153.95,57.0167],[-153.9333,57.0422],[-153.757,56.9887],[-154.0404,56.8164],[-154.0129,56.7906],[-153.7816,56.8667],[-153.672,56.9653],[-153.6719,57.0206],[-153.8011,57.0548],[-153.6044,57.0894],[-153.2863,57.2393],[-153.0696,57.2503],[-152.8894,57.3343],[-152.7117,57.3501],[-152.7987,57.4406],[-153.0464,57.4644],[-152.9617,57.5079],[-152.4152,57.4687],[-152.2457,57.5944],[-152.4327,57.6354],[-152.5125,57.6996],[-152.516,57.738],[-152.4482,57.787],[-152.4537,57.817],[-152.6086,57.8356],[-152.9186,57.75],[-152.9285,57.8255],[-152.8846,57.8926],[-153.1588,57.9573],[-153.1843,57.9517],[-153.1379,57.9135],[-153.1458,57.8739],[-153.1933,57.7852],[-153.3711,57.7874],[-153.4749,57.7174],[-153.5408,57.7175],[-153.7107,57.8591],[-153.7916,57.863],[-153.8744,57.8157],[-153.8525,57.7636],[-153.6637,57.6694],[-153.6578,57.6254],[-153.804,57.6295],[-153.7283,57.3715],[-153.6089,57.265],[-153.8321,57.3517],[-153.9738,57.5227],[-154.0343,57.5488],[-154.0544,57.6213],[-154.1243,57.6379],[-154.5135,57.5491],[-154.6446,57.4413],[-154.6763,57.3389],[-154.5403,57.2101],[-154.4701,57.0415],[-154.3196,56.9326],[-154.2779,56.9277],[-154.2149,57.0064],[-154.2807,57.0857],[-154.4178,57.0821],[-154.341,57.1436],[-154.0511,57.1461],[-153.9928,57.1073],[-154.0574,57.0466],[-153.9985,57.0675],[-153.9534,57.05],[-153.9833,57.0],[-153.95,57.0167]],[[-153.1333,58.2167],[-153.338,58.09],[-152.9337,58.0077],[-152.7074,58.0717],[-152.6233,58.1723],[-152.5462,58.1883],[-152.5271,58.1212],[-152.3375,58.1442],[-152.3649,58.212],[-152.2836,58.2658],[-152.2294,58.2639],[-152.1121,58.1784],[-152.0123,58.2483],[-152.0061,58.2979],[-152.1022,58.3015],[-152.1442,58.3571],[-152.2055,58.3477],[-152.321,58.3968],[-152.3616,58.3327],[-152.6706,58.4366],[-152.812,58.4075],[-152.7383,58.3496],[-152.7422,58.267],[-152.9653,58.2831],[-153.1333,58.2167]],[[-151.4667,58.2667],[-151.5,58.2],[-151.5667,58.1833],[-151.6,58.1333],[-151.6833,58.1333],[-151.85,58.0667],[-152.1,58.0833],[-152.2667,58.2],[-152.2167,58.1167],[-152.3667,58.0667],[-152.5,58.1],[-152.5,58.0667],[-152.6667,57.9833],[-152.6667,57.95],[-152.55,57.95],[-152.45,58.0333],[-152.4,58.0333],[-152.45,57.9833],[-152.3833,58.0],[-152.25,57.95],[-152.2833,57.9],[-152.3833,57.85],[-152.2,57.9167],[-152.1333,57.9167],[-152.1167,57.8833],[-151.9667,57.8833],[-151.8667,57.9667],[-151.7833,57.9667],[-151.55,58.0667],[-151.45,58.05],[-151.4333,58.1],[-151.4667,58.1167],[-151.4167,58.1167],[-151.4167,58.05],[-151.3833,58.05],[-151.1667,58.0833],[-151.1667,58.1333],[-151.0833,58.1],[-151.0333,58.15],[-151.0333,58.2],[-151.1333,58.2667],[-151.2833,58.2833],[-151.2833,58.25],[-151.3333,58.25],[-151.3833,58.3],[-151.45,58.3],[-151.4667,58.2667]],[[-152.419,58.5478],[-152.3937,58.6026],[-152.6011,58.5422],[-152.51,58.4948],[-152.419,58.5478]],[[-152.9469,57.1421],[-153.269,57.1707],[-153.325,57.1276],[-153.3433,57.0554],[-153.2916,57.0218],[-153.1736,57.1086],[-152.9469,57.1421]],[[-153.2738,57.85],[-153.3681,57.9228],[-153.4885,57.9502],[-153.4422,57.9183],[-153.2738,57.85]],[[-154.2486,56.5267],[-154.1428,56.5511],[-154.1364,56.5908],[-154.2939,56.5635],[-154.2486,56.5267]],[[-154.7035,56.4457],[-154.5358,56.5294],[-154.4778,56.5747],[-154.602,56.5518],[-154.7034,56.495],[-154.7454,56.4312],[-154.7035,56.4457]],[[-155.672,55.8051],[-155.5961,55.8247],[-155.5988,55.9032],[-155.7051,55.8274],[-155.672,55.8051]]],[[[-154.3167,56.0],[-154.2167,56.0333],[-154.1667,55.9833],[-154.3,55.9667],[-154.3167,56.0]]],[[[-154.3667,56.1333],[-154.3333,56.2],[-154.1833,56.2167],[-154.1333,56.0833],[-154.2167,56.05],[-154.3833,56.0667],[-154.4,56.1167],[-154.3667,56.1333]]],[[[-153.8833,56.0],[-153.95,56.0],[-153.9833,56.0333],[-153.9167,56.0667],[-153.55,56.05],[-153.55,55.9833],[-153.65,55.95],[-153.85,55.9667],[-153.8833,56.0]]],[[[-152.1667,58.0833],[-152.1667,58.05],[-152.25,58.05],[-152.25,58.0167],[-152.2,58.0167],[-152.2,57.9833],[-152.35,58.0167],[-152.35,58.05],[-152.1667,58.0833]]],[[[-152.0167,58.65],[-151.95,58.65],[-151.95,58.6],[-152.0833,58.6333],[-152.0833,58.6667],[-152.0167,58.65]]],[[[-151.9667,58.7667],[-151.9833,58.7833],[-151.9333,58.7833],[-151.8667,58.7167],[-151.8833,58.6667],[-151.9333,58.6833],[-151.9667,58.7667]]],[[[-152.3833,58.7333],[-152.4,58.75],[-152.2833,58.75],[-152.2167,58.7333],[-152.2167,58.7],[-152.3,58.6667],[-152.3833,58.7333]]]]}}]}
