{
 "features": [
  {
   "geometry": {
    "coordinates": [
     [
      [
       59.515151,
       46.276566
      ],
      [
       59.489196,
       46.305405
      ],
      [
       59.487975,
       46.306901
      ],
      [
       59.486904,
       46.308508
      ],
      [
       59.485992,
       46.310212
      ],
      [
       59.48525,
       46.311995
      ],
      [
       59.484682,
       46.313841
      ],
      [
       59.484296,
       46.315734
      ],
      [
       59.484274,
       46.315947
      ],
      [
       59.552532,
       46.32198
      ],
      [
       59.548645,
       46.23258
      ],
      [
       59.515151,
       46.276566
      ]
     ]
    ],
    "type": "Polygon"
   },
   "id": "lake-void-barsakelmes-lake-plate-302-2408",
   "properties": {
    "coordinateFrame": "WGS84-reference-coordinates",
    "correctionFeatureId": "lake-void-barsakelmes-lake-plate-302-2408",
    "emittedAreaSquareKilometres": 26.419,
    "geometryReferenceAgeMa": 0,
    "lake": "Barsakelmes Lake",
    "lakeAreaSquareKilometres": 375.587,
    "lifecycleNativeCoastChartIds": [
     "cao-coast:GPlates-b7b97dbb-0a3b-4001-a6a8-200b5347dabc:58:4"
    ],
    "naturalEarthIndex": 1347,
    "onset": {
     "ageMa": 0,
     "evidence": "present-only default",
     "sourceIds": [
      "natural-earth-lakes-10m"
     ]
    },
    "plateId": 302,
    "sourceClass": "cao-void-inside-continental-outline",
    "staticFeatureId": "GPlates-e3821237-72f5-42a3-8f7c-33a220b0dc37",
    "staticSourceOrder": 2408,
    "surfaceClass": "land",
    "touchingNativeCoastChartIds": [
     "cao-coast:GPlates-b7b97dbb-0a3b-4001-a6a8-200b5347dabc:58:4",
     "cao-coast:GPlates-e0f84ff0-5693-485e-83d3-13e157af33f4:162:0"
    ],
    "validTimeMa": {
     "oldest": 1000.0,
     "youngest": 0.0,
     "youngestExclusive": true
    },
    "voidAreaSquareKilometres": 365.261
   },
   "type": "Feature"
  },
  {
   "geometry": {
    "coordinates": [
     [
      [
       59.73444,
       46.33806
      ],
      [
       59.822231,
       46.200602
      ],
      [
       59.822231,
       46.199234
      ],
      [
       59.826203,
       46.187888
      ],
      [
       59.833502,
       46.168179
      ],
      [
       59.834145,
       46.166101
      ],
      [
       59.834559,
       46.163966
      ],
      [
       59.837504,
       46.142615
      ],
      [
       59.837679,
       46.140607
      ],
      [
       59.83765,
       46.138591
      ],
      [
       59.837419,
       46.136589
      ],
      [
       59.836987,
       46.13462
      ],
      [
       59.83257,
       46.118423
      ],
      [
       59.831985,
       46.116619
      ],
      [
       59.831232,
       46.114879
      ],
      [
       59.830317,
       46.113218
      ],
      [
       59.829249,
       46.11165
      ],
      [
       59.828037,
       46.110192
      ],
      [
       59.826693,
       46.108854
      ],
      [
       59.811232,
       46.094866
      ],
      [
       59.809825,
       46.093705
      ],
      [
       59.808317,
       46.092677
      ],
      [
       59.806723,
       46.091791
      ],
      [
       59.805054,
       46.091053
      ],
      [
       59.735894,
       46.064195
      ],
      [
       59.73397,
       46.063559
      ],
      [
       59.731992,
       46.06312
      ],
      [
       59.729979,
       46.062883
      ],
      [
       59.727953,
       46.062851
      ],
      [
       59.725934,
       46.063025
      ],
      [
       59.723943,
       46.063402
      ],
      [
       59.722,
       46.063978
      ],
      [
       59.720126,
       46.064749
      ],
      [
       59.718339,
       46.065704
      ],
      [
       59.716658,
       46.066836
      ],
      [
       59.7151,
       46.068132
      ],
      [
       59.578118,
       46.19438
      ],
      [
       59.576882,
       46.195624
      ],
      [
       59.57576,
       46.196971
      ],
      [
       59.548645,
       46.23258
      ],
      [
       59.552532,
       46.32198
      ],
      [
       59.73444,
       46.33806
      ]
     ]
    ],
    "type": "Polygon"
   },
   "id": "lake-void-barsakelmes-lake-plate-390-2220",
   "properties": {
    "coordinateFrame": "WGS84-reference-coordinates",
    "correctionFeatureId": "lake-void-barsakelmes-lake-plate-390-2220",
    "emittedAreaSquareKilometres": 453.897,
    "geometryReferenceAgeMa": 0,
    "lake": "Barsakelmes Lake",
    "lakeAreaSquareKilometres": 375.587,
    "lifecycleNativeCoastChartIds": [
     "cao-coast:GPlates-e0f84ff0-5693-485e-83d3-13e157af33f4:162:0",
     "cao-coast:GPlates-e0f84ff0-5693-485e-83d3-13e157af33f4:162:2"
    ],
    "naturalEarthIndex": 1347,
    "onset": {
     "ageMa": 0,
     "evidence": "present-only default",
     "sourceIds": [
      "natural-earth-lakes-10m"
     ]
    },
    "plateId": 390,
    "sourceClass": "cao-void-inside-continental-outline",
    "staticFeatureId": "GPlates-e0f84ff0-5693-485e-83d3-13e157af33f4",
    "staticSourceOrder": 2220,
    "surfaceClass": "land",
    "touchingNativeCoastChartIds": [
     "cao-coast:GPlates-b7b97dbb-0a3b-4001-a6a8-200b5347dabc:58:4",
     "cao-coast:GPlates-e0f84ff0-5693-485e-83d3-13e157af33f4:162:0",
     "cao-coast:GPlates-e0f84ff0-5693-485e-83d3-13e157af33f4:162:2"
    ],
    "validTimeMa": {
     "oldest": 348.0,
     "youngest": 0.0,
     "youngestExclusive": true
    },
    "voidAreaSquareKilometres": 365.261
   },
   "type": "Feature"
  },
  {
   "geometry": {
    "coordinates": [
     [
      [
       -80.390048,
       45.561106
      ],
      [
       -80.404039,
       45.54039
      ],
      [
       -80.501268,
       45.569462
      ],
      [
       -80.501281,
       45.56948
      ],
      [
       -80.40028,
       45.60667
      ],
      [
       -80.390048,
       45.561106
      ]
     ]
    ],
    "type": "Polygon"
   },
   "id": "lake-void-georgian-bay-plate-101-1842",
   "properties": {
    "coordinateFrame": "WGS84-reference-coordinates",
    "correctionFeatureId": "lake-void-georgian-bay-plate-101-1842",
    "emittedAreaSquareKilometres": 32.045,
    "geometryReferenceAgeMa": 0,
    "lake": "Georgian Bay",
    "lakeAreaSquareKilometres": 13780.399,
    "lifecycleNativeCoastChartIds": [
     "cao-coast:GPlates-57229062-955f-47b5-9f50-d0fd15818b43:440:0"
    ],
    "naturalEarthIndex": 471,
    "onset": {
     "ageMa": 0.013,
     "evidence": "observed/proxy-constrained",
     "sourceIds": [
      "larson-great-lakes-2001"
     ],
     "uncertaintyMa": 0.001
    },
    "plateId": 101,
    "sourceClass": "cao-void-inside-continental-outline",
    "staticFeatureId": "GPlates-57229062-955f-47b5-9f50-d0fd15818b43",
    "staticSourceOrder": 1842,
    "surfaceClass": "land",
    "touchingNativeCoastChartIds": [
     "cao-coast:GPlates-19577efb-23c9-4ef7-91b8-6127f0d1ad98:390:0",
     "cao-coast:GPlates-19577efb-23c9-4ef7-91b8-6127f0d1ad98:390:1",
     "cao-coast:GPlates-19577efb-23c9-4ef7-91b8-6127f0d1ad98:390:2",
     "cao-coast:GPlates-57229062-955f-47b5-9f50-d0fd15818b43:440:0",
     "cao-coast:GPlates-835b4cef-c4f9-4ccb-a376-21b52e58ab8d:421:3",
     "cao-coast:GPlates-835b4cef-c4f9-4ccb-a376-21b52e58ab8d:421:4",
     "cao-coast:GPlates-835b4cef-c4f9-4ccb-a376-21b52e58ab8d:421:5"
    ],
    "validTimeMa": {
     "oldest": 1800.0,
     "youngest": 0.013,
     "youngestExclusive": true
    },
    "voidAreaSquareKilometres": 13483.246
   },
   "type": "Feature"
  },
  {
   "geometry": {
    "coordinates": [
     [
      [
       -81.67028,
       45.94639
      ],
      [
       -81.496004,
       46.018422
      ],
      [
       -81.481964,
       46.018233
      ],
      [
       -81.469844,
       46.015052
      ],
      [
       -81.470364,
       46.013267
      ],
      [
       -81.471116,
       46.011408
      ],
      [
       -81.472049,
       46.009634
      ],
      [
       -81.474642,
       46.005255
      ],
      [
       -81.469722,
       46.007008
      ],
      [
       -81.462388,
       46.010801
      ],
      [
       -81.460221,
       46.011764
      ],
      [
       -81.459024,
       46.012212
      ],
      [
       -81.25056,
       45.9575
      ],
      [
       -81.1806,
       46.003264
      ],
      [
       -81.160428,
       46.001658
      ],
      [
       -81.15528,
       45.92583
      ],
      [
       -81.078428,
       45.931346
      ],
      [
       -81.538019,
       45.534824
      ],
      [
       -81.656387,
       45.339495
      ],
      [
       -81.74142,
       45.605373
      ],
      [
       -81.744781,
       45.615601
      ],
      [
       -81.745298,
       45.61748
      ],
      [
       -81.74563,
       45.6194
      ],
      [
       -81.745774,
       45.621343
      ],
      [
       -81.745728,
       45.623291
      ],
      [
       -81.745492,
       45.625225
      ],
      [
       -81.74507,
       45.627127
      ],
      [
       -81.744464,
       45.628979
      ],
      [
       -81.743681,
       45.630763
      ],
      [
       -81.742728,
       45.632462
      ],
      [
       -81.727421,
       45.656894
      ],
      [
       -81.726471,
       45.658279
      ],
      [
       -81.725408,
       45.659578
      ],
      [
       -81.72424,
       45.660784
      ],
      [
       -81.682172,
       45.700702
      ],
      [
       -81.682863,
       45.702157
      ],
      [
       -81.683519,
       45.703968
      ],
      [
       -81.683997,
       45.705833
      ],
      [
       -81.684293,
       45.707736
      ],
      [
       -81.684405,
       45.709658
      ],
      [
       -81.684332,
       45.711583
      ],
      [
       -81.684073,
       45.713491
      ],
      [
       -81.683633,
       45.715365
      ],
      [
       -81.683014,
       45.717189
      ],
      [
       -81.682223,
       45.718945
      ],
      [
       -81.681267,
       45.720616
      ],
      [
       -81.680154,
       45.722188
      ],
      [
       -81.678895,
       45.723645
      ],
      [
       -81.677502,
       45.724975
      ],
      [
       -81.675988,
       45.726164
      ],
      [
       -81.633305,
       45.756483
      ],
      [
       -81.631904,
       45.757392
      ],
      [
       -81.630433,
       45.758182
      ],
      [
       -81.624081,
       45.761255
      ],
      [
       -81.620787,
       45.764363
      ],
      [
       -81.61389,
       45.776821
      ],
      [
       -81.610648,
       45.785514
      ],
      [
       -81.710393,
       45.779965
      ],
      [
       -81.712333,
       45.779951
      ],
      [
       -81.714265,
       45.780126
      ],
      [
       -81.716172,
       45.780486
      ],
      [
       -81.718034,
       45.78103
      ],
      [
       -81.719835,
       45.781752
      ],
      [
       -81.721557,
       45.782644
      ],
      [
       -81.723185,
       45.7837
      ],
      [
       -81.724703,
       45.784908
      ],
      [
       -81.726097,
       45.786257
      ],
      [
       -81.727353,
       45.787736
      ],
      [
       -81.728461,
       45.789329
      ],
      [
       -81.729408,
       45.791021
      ],
      [
       -81.730188,
       45.792798
      ],
      [
       -81.730791,
       45.794642
      ],
      [
       -81.731213,
       45.796535
      ],
      [
       -81.73145,
       45.798461
      ],
      [
       -81.731499,
       45.8004
      ],
      [
       -81.731359,
       45.802335
      ],
      [
       -81.731033,
       45.804248
      ],
      [
       -81.730523,
       45.80612
      ],
      [
       -81.729835,
       45.807933
      ],
      [
       -81.728973,
       45.809672
      ],
      [
       -81.727948,
       45.811318
      ],
      [
       -81.726767,
       45.812858
      ],
      [
       -81.711313,
       45.831109
      ],
      [
       -81.709816,
       45.832693
      ],
      [
       -81.691031,
       45.850518
      ],
      [
       -81.679199,
       45.867018
      ],
      [
       -81.677408,
       45.884564
      ],
      [
       -81.679275,
       45.88811
      ],
      [
       -81.684612,
       45.889458
      ],
      [
       -81.68652,
       45.890044
      ],
      [
       -81.688361,
       45.890816
      ],
      [
       -81.690116,
       45.891768
      ],
      [
       -81.691767,
       45.892891
      ],
      [
       -81.693298,
       45.894172
      ],
      [
       -81.694694,
       45.8956
      ],
      [
       -81.69594,
       45.897159
      ],
      [
       -81.697025,
       45.898835
      ],
      [
       -81.697937,
       45.900611
      ],
      [
       -81.698667,
       45.902469
      ],
      [
       -81.699209,
       45.904391
      ],
      [
       -81.699556,
       45.906357
      ],
      [
       -81.699706,
       45.908348
      ],
      [
       -81.699656,
       45.910343
      ],
      [
       -81.699408,
       45.912324
      ],
      [
       -81.698963,
       45.914271
      ],
      [
       -81.698327,
       45.916163
      ],
      [
       -81.697505,
       45.917982
      ],
      [
       -81.696506,
       45.919711
      ],
      [
       -81.695339,
       45.921331
      ],
      [
       -81.657955,
       45.968135
      ],
      [
       -81.656788,
       45.96947
      ],
      [
       -81.655506,
       45.970697
      ],
      [
       -81.654122,
       45.971806
      ],
      [
       -81.652644,
       45.972787
      ],
      [
       -81.651085,
       45.973634
      ],
      [
       -81.557431,
       46.019246
      ],
      [
       -81.543379,
       46.019058
      ],
      [
       -81.67028,
       45.94639
      ]
     ]
    ],
    "type": "Polygon"
   },
   "id": "lake-void-georgian-bay-plate-10104-1748",
   "properties": {
    "coordinateFrame": "WGS84-reference-coordinates",
    "correctionFeatureId": "lake-void-georgian-bay-plate-10104-1748",
    "emittedAreaSquareKilometres": 1751.772,
    "geometryReferenceAgeMa": 0,
    "lake": "Georgian Bay",
    "lakeAreaSquareKilometres": 13780.399,
    "lifecycleNativeCoastChartIds": [
     "cao-coast:GPlates-835b4cef-c4f9-4ccb-a376-21b52e58ab8d:421:2",
     "cao-coast:GPlates-835b4cef-c4f9-4ccb-a376-21b52e58ab8d:421:3",
     "cao-coast:GPlates-835b4cef-c4f9-4ccb-a376-21b52e58ab8d:421:4",
     "cao-coast:GPlates-835b4cef-c4f9-4ccb-a376-21b52e58ab8d:421:5"
    ],
    "naturalEarthIndex": 471,
    "onset": {
     "ageMa": 0.013,
     "evidence": "observed/proxy-constrained",
     "sourceIds": [
      "larson-great-lakes-2001"
     ],
     "uncertaintyMa": 0.001
    },
    "plateId": 10104,
    "sourceClass": "cao-void-inside-continental-outline",
    "staticFeatureId": "GPlates-835b4cef-c4f9-4ccb-a376-21b52e58ab8d",
    "staticSourceOrder": 1748,
    "surfaceClass": "land",
    "touchingNativeCoastChartIds": [
     "cao-coast:GPlates-19577efb-23c9-4ef7-91b8-6127f0d1ad98:390:1",
     "cao-coast:GPlates-57229062-955f-47b5-9f50-d0fd15818b43:440:0",
     "cao-coast:GPlates-835b4cef-c4f9-4ccb-a376-21b52e58ab8d:421:2",
     "cao-coast:GPlates-835b4cef-c4f9-4ccb-a376-21b52e58ab8d:421:3",
     "cao-coast:GPlates-835b4cef-c4f9-4ccb-a376-21b52e58ab8d:421:4",
     "cao-coast:GPlates-835b4cef-c4f9-4ccb-a376-21b52e58ab8d:421:5"
    ],
    "validTimeMa": {
     "oldest": 1670.0,
     "youngest": 0.013,
     "youngestExclusive": true
    },
    "voidAreaSquareKilometres": 13483.246
   },
   "type": "Feature"
  },
  {
   "geometry": {
    "coordinates": [
     [
      [
       -80.92717,
       45.942201
      ],
      [
       -80.799436,
       45.936936
      ],
      [
       -80.794639,
       45.935476
      ],
      [
       -80.50139,
       45.56944
      ],
      [
       -80.501281,
       45.56948
      ],
      [
       -80.501268,
       45.569462
      ],
      [
       -80.404039,
       45.54039
      ],
      [
       -80.390048,
       45.561106
      ],
      [
       -80.375054,
       45.494341
      ],
      [
       -80.374874,
       45.48464
      ],
      [
       -80.371363,
       45.474362
      ],
      [
       -80.370338,
       45.473342
      ],
      [
       -80.35,
       45.38278
      ],
      [
       -80.33583,
       45.43556
      ],
      [
       -80.288937,
       45.39235
      ],
      [
       -80.287666,
       45.384891
      ],
      [
       -80.287411,
       45.384439
      ],
      [
       -80.284212,
       45.383891
      ],
      [
       -80.28027,
       45.384364
      ],
      [
       -80.23333,
       45.34111
      ],
      [
       -80.05944,
       45.38278
      ],
      [
       -80.12944,
       45.2375
      ],
      [
       -79.98861,
       45.14833
      ],
      [
       -80.07611,
       45.09444
      ],
      [
       -79.909288,
       44.987721
      ],
      [
       -79.910148,
       44.978984
      ],
      [
       -79.909209,
       44.973151
      ],
      [
       -79.905465,
       44.970814
      ],
      [
       -79.904766,
       44.97097
      ],
      [
       -79.891923,
       44.976612
      ],
      [
       -79.82861,
       44.93611
      ],
      [
       -79.78361,
       44.8175
      ],
      [
       -79.754361,
       44.835439
      ],
      [
       -79.754786,
       44.833172
      ],
      [
       -79.745355,
       44.833379
      ],
      [
       -79.736765,
       44.839603
      ],
      [
       -79.736605,
       44.840577
      ],
      [
       -79.74066,
       44.843842
      ],
      [
       -79.68306,
       44.87917
      ],
      [
       -79.672717,
       44.822669
      ],
      [
       -79.673262,
       44.822116
      ],
      [
       -79.67463,
       44.820955
      ],
      [
       -79.699158,
       44.801983
      ],
      [
       -79.700614,
       44.800055
      ],
      [
       -79.697437,
       44.798205
      ],
      [
       -79.666237,
       44.787272
      ],
      [
       -79.65972,
       44.75167
      ],
      [
       -79.8775,
       44.76833
      ],
      [
       -79.94583,
       44.86556
      ],
      [
       -80.10389,
       44.82
      ],
      [
       -80.092086,
       44.806084
      ],
      [
       -80.09453,
       44.805782
      ],
      [
       -80.095103,
       44.801484
      ],
      [
       -80.09403,
       44.779062
      ],
      [
       -80.091978,
       44.774058
      ],
      [
       -80.085556,
       44.77052
      ],
      [
       -80.061497,
       44.763179
      ],
      [
       -80.060062,
       44.762682
      ],
      [
       -80.05867,
       44.762076
      ],
      [
       -80.052068,
       44.758904
      ],
      [
       -79.9875,
       44.68278
      ],
      [
       -80.08972,
       44.46806
      ],
      [
       -80.58444,
       44.61222
      ],
      [
       -80.65,
       44.72611
      ],
      [
       -80.686707,
       44.708958
      ],
      [
       -80.75751,
       44.699872
      ],
      [
       -80.815244,
       44.673495
      ],
      [
       -80.87586,
       44.620576
      ],
      [
       -80.93417,
       44.59333
      ],
      [
       -80.89278,
       44.79111
      ],
      [
       -80.930644,
       44.785896
      ],
      [
       -80.940781,
       44.791302
      ],
      [
       -80.984422,
       44.795119
      ],
      [
       -81.026595,
       44.787024
      ],
      [
       -81.06728,
       44.76708
      ],
      [
       -81.13278,
       44.75806
      ],
      [
       -81.05716,
       44.842459
      ],
      [
       -81.049167,
       44.847365
      ],
      [
       -81.021728,
       44.874005
      ],
      [
       -81.01905,
       44.877754
      ],
      [
       -81.018728,
       44.879
      ],
      [
       -81.019699,
       44.884268
      ],
      [
       -80.94861,
       44.96361
      ],
      [
       -81.00795,
       44.948245
      ],
      [
       -81.001628,
       44.954412
      ],
      [
       -81.000226,
       44.955657
      ],
      [
       -80.999998,
       44.955824
      ],
      [
       -81.003108,
       44.955497
      ],
      [
       -81.019696,
       44.949391
      ],
      [
       -81.020466,
       44.948459
      ],
      [
       -81.018882,
       44.945414
      ],
      [
       -81.15028,
       44.91139
      ],
      [
       -81.11028,
       44.96028
      ],
      [
       -81.25361,
       45.00167
      ],
      [
       -81.283957,
       45.067396
      ],
      [
       -81.282852,
       45.087652
      ],
      [
       -81.284927,
       45.098277
      ],
      [
       -81.292886,
       45.106567
      ],
      [
       -81.305185,
       45.113371
      ],
      [
       -81.32556,
       45.1575
      ],
      [
       -81.28361,
       45.24917
      ],
      [
       -81.631705,
       45.262319
      ],
      [
       -81.656387,
       45.339495
      ],
      [
       -81.538019,
       45.534824
      ],
      [
       -81.078428,
       45.931346
      ],
      [
       -80.92717,
       45.942201
      ]
     ],
     [
      [
       -80.177196,
       45.27761
      ],
      [
       -80.175937,
       45.27919
      ],
      [
       -80.174525,
       45.280636
      ],
      [
       -80.172975,
       45.281932
      ],
      [
       -80.171301,
       45.283065
      ],
      [
       -80.169522,
       45.284023
      ],
      [
       -80.157747,
       45.289616
      ],
      [
       -80.155911,
       45.290378
      ],
      [
       -80.154008,
       45.290955
      ],
      [
       -80.152057,
       45.29134
      ],
      [
       -80.150077,
       45.291529
      ],
      [
       -80.148089,
       45.291521
      ],
      [
       -80.146111,
       45.291315
      ],
      [
       -80.144164,
       45.290914
      ],
      [
       -80.142265,
       45.290322
      ],
      [
       -80.140482,
       45.289564
      ],
      [
       -80.106485,
       45.308459
      ],
      [
       -80.103818,
       45.309694
      ],
      [
       -80.100364,
       45.310996
      ],
      [
       -80.099997,
       45.312437
      ],
      [
       -80.099344,
       45.314252
      ],
      [
       -80.098519,
       45.315996
      ],
      [
       -80.09753,
       45.317652
      ],
      [
       -80.096385,
       45.319205
      ],
      [
       -80.095097,
       45.320641
      ],
      [
       -80.093676,
       45.321946
      ],
      [
       -80.091676,
       45.323613
      ],
      [
       -80.091897,
       45.323744
      ],
      [
       -80.093466,
       45.324894
      ],
      [
       -80.09374,
       45.325138
      ],
      [
       -80.094535,
       45.324813
      ],
      [
       -80.102564,
       45.318263
      ],
      [
       -80.111367,
       45.309324
      ],
      [
       -80.112997,
       45.307843
      ],
      [
       -80.114779,
       45.306549
      ],
      [
       -80.116692,
       45.30546
      ],
      [
       -80.118714,
       45.304587
      ],
      [
       -80.131519,
       45.299878
      ],
      [
       -80.133462,
       45.299274
      ],
      [
       -80.135457,
       45.29887
      ],
      [
       -80.137482,
       45.298671
      ],
      [
       -80.139517,
       45.298679
      ],
      [
       -80.141541,
       45.298894
      ],
      [
       -80.15832,
       45.301543
      ],
      [
       -80.160298,
       45.301958
      ],
      [
       -80.162224,
       45.302572
      ],
      [
       -80.178708,
       45.308754
      ],
      [
       -80.180086,
       45.30933
      ],
      [
       -80.181417,
       45.310007
      ],
      [
       -80.1829,
       45.310833
      ],
      [
       -80.205353,
       45.297256
      ],
      [
       -80.205734,
       45.296346
      ],
      [
       -80.199719,
       45.281083
      ],
      [
       -80.194668,
       45.273868
      ],
      [
       -80.189318,
       45.268136
      ],
      [
       -80.185115,
       45.265626
      ],
      [
       -80.18427,
       45.265484
      ],
      [
       -80.178289,
       45.27591
      ],
      [
       -80.177196,
       45.27761
      ]
     ],
     [
      [
       -80.194051,
       44.833387
      ],
      [
       -80.193202,
       44.835214
      ],
      [
       -80.192173,
       44.836947
      ],
      [
       -80.190975,
       44.838568
      ],
      [
       -80.182228,
       44.84923
      ],
      [
       -80.213582,
       44.845196
      ],
      [
       -80.215342,
       44.845053
      ],
      [
       -80.197108,
       44.825833
      ],
      [
       -80.194051,
       44.833387
      ]
     ]
    ],
    "type": "Polygon"
   },
   "id": "lake-void-georgian-bay-plate-10105-1578",
   "properties": {
    "coordinateFrame": "WGS84-reference-coordinates",
    "correctionFeatureId": "lake-void-georgian-bay-plate-10105-1578",
    "emittedAreaSquareKilometres": 12323.39,
    "geometryReferenceAgeMa": 0,
    "lake": "Georgian Bay",
    "lakeAreaSquareKilometres": 13780.399,
    "lifecycleNativeCoastChartIds": [
     "cao-coast:GPlates-19577efb-23c9-4ef7-91b8-6127f0d1ad98:390:0",
     "cao-coast:GPlates-19577efb-23c9-4ef7-91b8-6127f0d1ad98:390:1",
     "cao-coast:GPlates-19577efb-23c9-4ef7-91b8-6127f0d1ad98:390:2"
    ],
    "naturalEarthIndex": 471,
    "onset": {
     "ageMa": 0.013,
     "evidence": "observed/proxy-constrained",
     "sourceIds": [
      "larson-great-lakes-2001"
     ],
     "uncertaintyMa": 0.001
    },
    "plateId": 10105,
    "sourceClass": "cao-void-inside-continental-outline",
    "staticFeatureId": "GPlates-19577efb-23c9-4ef7-91b8-6127f0d1ad98",
    "staticSourceOrder": 1578,
    "surfaceClass": "land",
    "touchingNativeCoastChartIds": [
     "cao-coast:GPlates-19577efb-23c9-4ef7-91b8-6127f0d1ad98:390:0",
     "cao-coast:GPlates-19577efb-23c9-4ef7-91b8-6127f0d1ad98:390:1",
     "cao-coast:GPlates-19577efb-23c9-4ef7-91b8-6127f0d1ad98:390:2",
     "cao-coast:GPlates-57229062-955f-47b5-9f50-d0fd15818b43:440:0",
     "cao-coast:GPlates-835b4cef-c4f9-4ccb-a376-21b52e58ab8d:421:5"
    ],
    "validTimeMa": {
     "oldest": 1500.0,
     "youngest": 0.013,
     "youngestExclusive": true
    },
    "voidAreaSquareKilometres": 13483.246
   },
   "type": "Feature"
  },
  {
   "geometry": {
    "coordinates": [
     [
      [
       -123.995,
       66.309722
      ],
      [
       -123.920204,
       66.329435
      ],
      [
       -122.454576,
       66.290271
      ],
      [
       -121.713412,
       66.24217
      ],
      [
       -121.245792,
       66.112575
      ],
      [
       -121.205844,
       66.051797
      ],
      [
       -121.614467,
       65.515178
      ],
      [
       -121.98028,
       64.996468
      ],
      [
       -121.974964,
       64.958392
      ],
      [
       -122.039444,
       64.938889
      ],
      [
       -123.491389,
       65.160278
      ],
      [
       -123.491944,
       65.163333
      ],
      [
       -122.864444,
       65.261667
      ],
      [
       -122.73,
       65.348333
      ],
      [
       -122.941667,
       65.490278
      ],
      [
       -122.350556,
       65.638333
      ],
      [
       -122.139722,
       65.783889
      ],
      [
       -122.531111,
       65.95
      ],
      [
       -122.785556,
       65.966389
      ],
      [
       -122.351111,
       66.011944
      ],
      [
       -121.468333,
       65.930278
      ],
      [
       -121.229167,
       66.079167
      ],
      [
       -121.561944,
       66.096944
      ],
      [
       -121.932778,
       66.253889
      ],
      [
       -123.008611,
       66.255
      ],
      [
       -123.118333,
       66.04
      ],
      [
       -123.275278,
       66.170833
      ],
      [
       -123.859722,
       66.1
      ],
      [
       -124.190556,
       66.176111
      ],
      [
       -124.580556,
       66.153333
      ],
      [
       -124.553333,
       66.008611
      ],
      [
       -124.74,
       66.046667
      ],
      [
       -124.79,
       65.908889
      ],
      [
       -125.119167,
       66.134444
      ],
      [
       -124.975556,
       66.306667
      ],
      [
       -124.469722,
       66.246667
      ],
      [
       -124.297222,
       66.365556
      ],
      [
       -124.165325,
       66.341189
      ],
      [
       -124.151977,
       66.335629
      ],
      [
       -124.132398,
       66.335106
      ],
      [
       -123.995,
       66.309722
      ]
     ]
    ],
    "type": "Polygon"
   },
   "id": "lake-void-great-bear-lake-plate-101-1736",
   "properties": {
    "coordinateFrame": "WGS84-reference-coordinates",
    "correctionFeatureId": "lake-void-great-bear-lake-plate-101-1736",
    "emittedAreaSquareKilometres": 7841.092,
    "geometryReferenceAgeMa": 0,
    "lake": "Great Bear Lake",
    "lakeAreaSquareKilometres": 30655.278,
    "lifecycleNativeCoastChartIds": [
     "cao-coast:GPlates-1ad9375f-1509-414e-beb5-663c31c75291:409:0",
     "cao-coast:GPlates-1ad9375f-1509-414e-beb5-663c31c75291:409:1",
     "cao-coast:GPlates-d37d524d-6185-4efb-b81e-576939ab26eb:411:0"
    ],
    "naturalEarthIndex": 5,
    "onset": {
     "ageMa": 0.0118,
     "evidence": "observed/proxy-constrained",
     "sourceIds": [
      "smith-lake-mcconnell-1994"
     ],
     "uncertaintyMa": 0.001
    },
    "plateId": 101,
    "sourceClass": "cao-void-inside-continental-outline",
    "staticFeatureId": "GPlates-1ad9375f-1509-414e-beb5-663c31c75291",
    "staticSourceOrder": 1736,
    "surfaceClass": "land",
    "touchingNativeCoastChartIds": [
     "cao-coast:GPlates-1ad9375f-1509-414e-beb5-663c31c75291:409:0",
     "cao-coast:GPlates-1ad9375f-1509-414e-beb5-663c31c75291:409:1",
     "cao-coast:GPlates-d37d524d-6185-4efb-b81e-576939ab26eb:411:0"
    ],
    "validTimeMa": {
     "oldest": 1800.0,
     "youngest": 0.0118,
     "youngestExclusive": true
    },
    "voidAreaSquareKilometres": 29516.094
   },
   "type": "Feature"
  },
  {
   "geometry": {
    "coordinates": [
     [
      [
       -123.088333,
       66.461111
      ],
      [
       -122.894444,
       66.548611
      ],
      [
       -122.473611,
       66.556389
      ],
      [
       -122.501389,
       66.607778
      ],
      [
       -122.335833,
       66.5575
      ],
      [
       -121.445556,
       66.726667
      ],
      [
       -121.166389,
       66.865833
      ],
      [
       -119.806389,
       67.046944
      ],
      [
       -119.778333,
       66.975833
      ],
      [
       -119.4275,
       66.993333
      ],
      [
       -119.518611,
       66.948333
      ],
      [
       -118.952778,
       66.874722
      ],
      [
       -120.120278,
       66.665
      ],
      [
       -120.451667,
       66.378333
      ],
      [
       -120.133333,
       66.405
      ],
      [
       -119.869722,
       66.322778
      ],
      [
       -119.6425,
       66.365556
      ],
      [
       -119.806389,
       66.325556
      ],
      [
       -119.623333,
       66.300556
      ],
      [
       -118.557778,
       66.331111
      ],
      [
       -118.128333,
       66.463056
      ],
      [
       -118.280278,
       66.434722
      ],
      [
       -118.070833,
       66.583333
      ],
      [
       -117.603611,
       66.674722
      ],
      [
       -117.903056,
       66.410278
      ],
      [
       -117.543056,
       66.489444
      ],
      [
       -117.463889,
       66.441389
      ],
      [
       -117.825556,
       66.175556
      ],
      [
       -117.688889,
       66.176389
      ],
      [
       -118.025833,
       66.096667
      ],
      [
       -117.775556,
       66.026111
      ],
      [
       -118.129722,
       66.018611
      ],
      [
       -118.265833,
       65.854722
      ],
      [
       -118.090833,
       65.794167
      ],
      [
       -117.780556,
       65.856389
      ],
      [
       -117.998611,
       65.779722
      ],
      [
       -117.806944,
       65.724167
      ],
      [
       -118.536111,
       65.678611
      ],
      [
       -118.511667,
       65.621944
      ],
      [
       -118.928611,
       65.791944
      ],
      [
       -119.691389,
       65.793889
      ],
      [
       -119.764444,
       65.741667
      ],
      [
       -119.592778,
       65.7075
      ],
      [
       -120.102778,
       65.621667
      ],
      [
       -119.544167,
       65.431389
      ],
      [
       -119.474722,
       65.321667
      ],
      [
       -119.885278,
       65.336667
      ],
      [
       -120.051944,
       65.191111
      ],
      [
       -121.024167,
       64.930833
      ],
      [
       -121.177222,
       64.810278
      ],
      [
       -121.365,
       64.815
      ],
      [
       -121.504722,
       64.936111
      ],
      [
       -121.084444,
       64.981111
      ],
      [
       -120.983056,
       65.115
      ],
      [
       -120.558056,
       65.266667
      ],
      [
       -120.3575,
       65.426667
      ],
      [
       -120.407778,
       65.585833
      ],
      [
       -120.794722,
       65.603611
      ],
      [
       -121.527778,
       65.39
      ],
      [
       -121.589444,
       65.075
      ],
      [
       -121.974964,
       64.958392
      ],
      [
       -121.98028,
       64.996468
      ],
      [
       -121.614467,
       65.515178
      ],
      [
       -121.205844,
       66.051797
      ],
      [
       -121.245792,
       66.112575
      ],
      [
       -121.713412,
       66.24217
      ],
      [
       -122.454576,
       66.290271
      ],
      [
       -123.920204,
       66.329435
      ],
      [
       -123.165556,
       66.528333
      ],
      [
       -123.088333,
       66.461111
      ]
     ]
    ],
    "type": "Polygon"
   },
   "id": "lake-void-great-bear-lake-plate-101-1738",
   "properties": {
    "coordinateFrame": "WGS84-reference-coordinates",
    "correctionFeatureId": "lake-void-great-bear-lake-plate-101-1738",
    "emittedAreaSquareKilometres": 23137.942,
    "geometryReferenceAgeMa": 0,
    "lake": "Great Bear Lake",
    "lakeAreaSquareKilometres": 30655.278,
    "lifecycleNativeCoastChartIds": [
     "cao-coast:GPlates-1ad9375f-1509-414e-beb5-663c31c75291:409:0",
     "cao-coast:GPlates-1ad9375f-1509-414e-beb5-663c31c75291:409:1",
     "cao-coast:GPlates-d37d524d-6185-4efb-b81e-576939ab26eb:411:0"
    ],
    "naturalEarthIndex": 5,
    "onset": {
     "ageMa": 0.0118,
     "evidence": "observed/proxy-constrained",
     "sourceIds": [
      "smith-lake-mcconnell-1994"
     ],
     "uncertaintyMa": 0.001
    },
    "plateId": 101,
    "sourceClass": "cao-void-inside-continental-outline",
    "staticFeatureId": "GPlates-d37d524d-6185-4efb-b81e-576939ab26eb",
    "staticSourceOrder": 1738,
    "surfaceClass": "land",
    "touchingNativeCoastChartIds": [
     "cao-coast:GPlates-1ad9375f-1509-414e-beb5-663c31c75291:409:0",
     "cao-coast:GPlates-1ad9375f-1509-414e-beb5-663c31c75291:409:1",
     "cao-coast:GPlates-d37d524d-6185-4efb-b81e-576939ab26eb:411:0"
    ],
    "validTimeMa": {
     "oldest": 1800.0,
     "youngest": 0.0118,
     "youngestExclusive": true
    },
    "voidAreaSquareKilometres": 29516.094
   },
   "type": "Feature"
  },
  {
   "geometry": {
    "coordinates": [
     [
      [
       [
        -113.7419,
        61.00861
       ],
       [
        -113.93183,
        60.981151
       ],
       [
        -113.911098,
        60.989398
       ],
       [
        -113.645894,
        61.116057
       ],
       [
        -113.6197,
        61.10333
       ],
       [
        -113.7419,
        61.00861
       ]
      ]
     ],
     [
      [
       [
        -112.9344,
        61.38389
       ],
       [
        -113.004165,
        61.422542
       ],
       [
        -112.935849,
        61.455169
       ],
       [
        -112.688642,
        61.492953
       ],
       [
        -112.579987,
        61.519221
       ],
       [
        -112.470822,
        61.545613
       ],
       [
        -112.262851,
        61.691938
       ],
       [
        -112.260007,
        61.693939
       ],
       [
        -112.256863,
        61.695199
       ],
       [
        -112.256511,
        61.695364
       ],
       [
        -111.743422,
        61.900793
       ],
       [
        -112.2058,
        61.61333
       ],
       [
        -112.9344,
        61.38389
       ]
      ]
     ]
    ],
    "type": "MultiPolygon"
   },
   "id": "lake-void-great-slave-lake-plate-101-1599",
   "properties": {
    "coordinateFrame": "WGS84-reference-coordinates",
    "correctionFeatureId": "lake-void-great-slave-lake-plate-101-1599",
    "emittedAreaSquareKilometres": 422.193,
    "geometryReferenceAgeMa": 0,
    "lake": "Great Slave Lake",
    "lakeAreaSquareKilometres": 25940.752,
    "lifecycleNativeCoastChartIds": [
     "cao-coast:GPlates-0b89687e-9c3e-4d03-a807-91ad16cb5fcb:395:0",
     "cao-coast:GPlates-8b5a4991-5338-448d-82fa-01e22474820f:441:11",
     "cao-coast:GPlates-8b5a4991-5338-448d-82fa-01e22474820f:441:8",
     "cao-coast:GPlates-8b5a4991-5338-448d-82fa-01e22474820f:441:9",
     "cao-coast:GPlates-d99a67ae-8dde-47d2-a28d-83a8aa403c06:418:0"
    ],
    "naturalEarthIndex": 6,
    "onset": {
     "ageMa": 0.0118,
     "evidence": "observed/proxy-constrained",
     "sourceIds": [
      "smith-lake-mcconnell-1994"
     ],
     "uncertaintyMa": 0.001
    },
    "plateId": 101,
    "sourceClass": "cao-void-inside-continental-outline",
    "staticFeatureId": "GPlates-0b89687e-9c3e-4d03-a807-91ad16cb5fcb",
    "staticSourceOrder": 1599,
    "surfaceClass": "land",
    "touchingNativeCoastChartIds": [
     "cao-coast:GPlates-0b89687e-9c3e-4d03-a807-91ad16cb5fcb:395:0",
     "cao-coast:GPlates-8b5a4991-5338-448d-82fa-01e22474820f:441:11",
     "cao-coast:GPlates-8b5a4991-5338-448d-82fa-01e22474820f:441:8",
     "cao-coast:GPlates-8b5a4991-5338-448d-82fa-01e22474820f:441:9",
     "cao-coast:GPlates-d99a67ae-8dde-47d2-a28d-83a8aa403c06:418:0"
    ],
    "validTimeMa": {
     "oldest": 1800.0,
     "youngest": 0.0118,
     "youngestExclusive": true
    },
    "voidAreaSquareKilometres": 24713.612
   },
   "type": "Feature"
  },
  {
   "geometry": {
    "coordinates": [
     [
      [
       [
        -109.956995,
        62.579703
       ],
       [
        -110.022578,
        62.673098
       ],
       [
        -109.6831,
        62.66556
       ],
       [
        -109.956995,
        62.579703
       ]
      ]
     ],
     [
      [
       [
        -109.1514,
        62.71889
       ],
       [
        -108.9008,
        62.79972
       ],
       [
        -109.201773,
        62.626666
       ],
       [
        -109.268853,
        62.608866
       ],
       [
        -109.2128,
        62.69694
       ],
       [
        -109.9531,
        62.82056
       ],
       [
        -110.12738,
        62.822345
       ],
       [
        -110.196546,
        62.920842
       ],
       [
        -109.7047,
        62.92111
       ],
       [
        -108.97,
        62.80222
       ],
       [
        -109.1514,
        62.71889
       ]
      ]
     ]
    ],
    "type": "MultiPolygon"
   },
   "id": "lake-void-great-slave-lake-plate-101-1732",
   "properties": {
    "coordinateFrame": "WGS84-reference-coordinates",
    "correctionFeatureId": "lake-void-great-slave-lake-plate-101-1732",
    "emittedAreaSquareKilometres": 956.968,
    "geometryReferenceAgeMa": 0,
    "lake": "Great Slave Lake",
    "lakeAreaSquareKilometres": 25940.752,
    "lifecycleNativeCoastChartIds": [
     "cao-coast:GPlates-00a3847b-ff71-4fac-bec6-3ba871008a2d:405:0",
     "cao-coast:GPlates-00a3847b-ff71-4fac-bec6-3ba871008a2d:405:1",
     "cao-coast:GPlates-8b5a4991-5338-448d-82fa-01e22474820f:441:0",
     "cao-coast:GPlates-8b5a4991-5338-448d-82fa-01e22474820f:441:4",
     "cao-coast:GPlates-8b5a4991-5338-448d-82fa-01e22474820f:441:5",
     "cao-coast:GPlates-8b5a4991-5338-448d-82fa-01e22474820f:441:7",
     "cao-coast:GPlates-8b5a4991-5338-448d-82fa-01e22474820f:441:8",
     "cao-coast:GPlates-d99a67ae-8dde-47d2-a28d-83a8aa403c06:418:0"
    ],
    "naturalEarthIndex": 6,
    "onset": {
     "ageMa": 0.0118,
     "evidence": "observed/proxy-constrained",
     "sourceIds": [
      "smith-lake-mcconnell-1994"
     ],
     "uncertaintyMa": 0.001
    },
    "plateId": 101,
    "sourceClass": "cao-void-inside-continental-outline",
    "staticFeatureId": "GPlates-00a3847b-ff71-4fac-bec6-3ba871008a2d",
    "staticSourceOrder": 1732,
    "surfaceClass": "land",
    "touchingNativeCoastChartIds": [
     "cao-coast:GPlates-00a3847b-ff71-4fac-bec6-3ba871008a2d:405:0",
     "cao-coast:GPlates-00a3847b-ff71-4fac-bec6-3ba871008a2d:405:1",
     "cao-coast:GPlates-8b5a4991-5338-448d-82fa-01e22474820f:441:0",
     "cao-coast:GPlates-8b5a4991-5338-448d-82fa-01e22474820f:441:4",
     "cao-coast:GPlates-8b5a4991-5338-448d-82fa-01e22474820f:441:5",
     "cao-coast:GPlates-8b5a4991-5338-448d-82fa-01e22474820f:441:7",
     "cao-coast:GPlates-8b5a4991-5338-448d-82fa-01e22474820f:441:8",
     "cao-coast:GPlates-d99a67ae-8dde-47d2-a28d-83a8aa403c06:418:0"
    ],
    "validTimeMa": {
     "oldest": 1800.0,
     "youngest": 0.0118,
     "youngestExclusive": true
    },
    "voidAreaSquareKilometres": 24713.612
   },
   "type": "Feature"
  },
  {
   "geometry": {
    "coordinates": [
     [
      [
       [
        -116.5375,
        61.02722
       ],
       [
        -117.2361,
        61.07111
       ],
       [
        -117.6839,
        61.3025
       ],
       [
        -117.0886,
        61.14306
       ],
       [
        -116.7075,
        61.21472
       ],
       [
        -116.7569,
        61.32444
       ],
       [
        -116.1931,
        61.26778
       ],
       [
        -116.113401,
        61.235049
       ],
       [
        -116.230792,
        61.181639
       ],
       [
        -116.015773,
        60.969952
       ],
       [
        -116.185429,
        60.914447
       ],
       [
        -116.5375,
        61.02722
       ]
      ]
     ],
     [
      [
       [
        -115.7653,
        61.52278
       ],
       [
        -115.5456,
        61.74917
       ],
       [
        -115.281431,
        61.74009
       ],
       [
        -115.127273,
        61.539586
       ],
       [
        -115.890497,
        61.322561
       ],
       [
        -116.0614,
        61.37417
       ],
       [
        -115.7108,
        61.43556
       ],
       [
        -115.7653,
        61.52278
       ]
      ]
     ]
    ],
    "type": "MultiPolygon"
   },
   "id": "lake-void-great-slave-lake-plate-101-1738",
   "properties": {
    "coordinateFrame": "WGS84-reference-coordinates",
    "correctionFeatureId": "lake-void-great-slave-lake-plate-101-1738",
    "emittedAreaSquareKilometres": 2556.258,
    "geometryReferenceAgeMa": 0,
    "lake": "Great Slave Lake",
    "lakeAreaSquareKilometres": 25940.752,
    "lifecycleNativeCoastChartIds": [
     "cao-coast:GPlates-8b5a4991-5338-448d-82fa-01e22474820f:441:0",
     "cao-coast:GPlates-8b5a4991-5338-448d-82fa-01e22474820f:441:10",
     "cao-coast:GPlates-8b5a4991-5338-448d-82fa-01e22474820f:441:11",
     "cao-coast:GPlates-8b5a4991-5338-448d-82fa-01e22474820f:441:6",
     "cao-coast:GPlates-d37d524d-6185-4efb-b81e-576939ab26eb:411:0"
    ],
    "naturalEarthIndex": 6,
    "onset": {
     "ageMa": 0.0118,
     "evidence": "observed/proxy-constrained",
     "sourceIds": [
      "smith-lake-mcconnell-1994"
     ],
     "uncertaintyMa": 0.001
    },
    "plateId": 101,
    "sourceClass": "cao-void-inside-continental-outline",
    "staticFeatureId": "GPlates-d37d524d-6185-4efb-b81e-576939ab26eb",
    "staticSourceOrder": 1738,
    "surfaceClass": "land",
    "touchingNativeCoastChartIds": [
     "cao-coast:GPlates-8b5a4991-5338-448d-82fa-01e22474820f:441:0",
     "cao-coast:GPlates-8b5a4991-5338-448d-82fa-01e22474820f:441:10",
     "cao-coast:GPlates-8b5a4991-5338-448d-82fa-01e22474820f:441:11",
     "cao-coast:GPlates-8b5a4991-5338-448d-82fa-01e22474820f:441:6",
     "cao-coast:GPlates-d37d524d-6185-4efb-b81e-576939ab26eb:411:0"
    ],
    "validTimeMa": {
     "oldest": 1800.0,
     "youngest": 0.0118,
     "youngestExclusive": true
    },
    "voidAreaSquareKilometres": 24713.612
   },
   "type": "Feature"
  },
  {
   "geometry": {
    "coordinates": [
     [
      [
       -110.6581,
       62.82778
      ],
      [
       -110.7422,
       62.79417
      ],
      [
       -110.585,
       62.76889
      ],
      [
       -111.3911,
       62.63194
      ],
      [
       -111.6708,
       62.35917
      ],
      [
       -111.2783,
       62.61194
      ],
      [
       -110.4978,
       62.66028
      ],
      [
       -110.4711,
       62.79583
      ],
      [
       -110.083243,
       62.75949
      ],
      [
       -110.068071,
       62.737883
      ],
      [
       -110.3725,
       62.74722
      ],
      [
       -110.4208,
       62.68194
      ],
      [
       -110.022578,
       62.673098
      ],
      [
       -109.956995,
       62.579703
      ],
      [
       -110.0358,
       62.555
      ],
      [
       -110.7714,
       62.53917
      ],
      [
       -110.6411,
       62.48778
      ],
      [
       -110.3181,
       62.5375
      ],
      [
       -110.6742,
       62.42917
      ],
      [
       -109.931155,
       62.542904
      ],
      [
       -109.925446,
       62.534774
      ],
      [
       -110.4794,
       62.38361
      ],
      [
       -110.2981,
       62.36444
      ],
      [
       -111.0625,
       62.38056
      ],
      [
       -111.7156,
       62.05139
      ],
      [
       -111.465,
       62.07389
      ],
      [
       -111.743422,
       61.900793
      ],
      [
       -112.256511,
       61.695364
      ],
      [
       -112.256863,
       61.695199
      ],
      [
       -112.260007,
       61.693939
      ],
      [
       -112.262851,
       61.691938
      ],
      [
       -112.470822,
       61.545613
      ],
      [
       -112.579987,
       61.519221
      ],
      [
       -112.688642,
       61.492953
      ],
      [
       -112.935849,
       61.455169
      ],
      [
       -113.004165,
       61.422542
      ],
      [
       -113.1189,
       61.48611
      ],
      [
       -113.665,
       61.31111
      ],
      [
       -113.7472,
       61.16528
      ],
      [
       -113.645894,
       61.116057
      ],
      [
       -113.911098,
       60.989398
      ],
      [
       -113.93183,
       60.981151
      ],
      [
       -114.0378,
       60.96583
      ],
      [
       -114.2208,
       61.0125
      ],
      [
       -115.0272,
       60.88194
      ],
      [
       -115.0219,
       60.88778
      ],
      [
       -115.9556,
       60.84083
      ],
      [
       -116.185429,
       60.914447
      ],
      [
       -116.015773,
       60.969952
      ],
      [
       -116.230792,
       61.181639
      ],
      [
       -116.113401,
       61.235049
      ],
      [
       -115.9611,
       61.1725
      ],
      [
       -116.0242,
       61.23222
      ],
      [
       -115.8489,
       61.31
      ],
      [
       -115.890497,
       61.322561
      ],
      [
       -115.127273,
       61.539586
      ],
      [
       -115.281431,
       61.74009
      ],
      [
       -115.0606,
       61.7325
      ],
      [
       -114.6214,
       61.85556
      ],
      [
       -115.0428,
       62.08972
      ],
      [
       -115.0608,
       62.19139
      ],
      [
       -115.3292,
       62.22556
      ],
      [
       -115.2583,
       62.47944
      ],
      [
       -115.6992,
       62.47833
      ],
      [
       -115.695,
       62.55333
      ],
      [
       -116.008714,
       62.685093
      ],
      [
       -116.039108,
       62.720767
      ],
      [
       -115.9925,
       62.77917
      ],
      [
       -115.6944,
       62.69944
      ],
      [
       -115.7731,
       62.65583
      ],
      [
       -115.2861,
       62.60806
      ],
      [
       -114.7031,
       62.36306
      ],
      [
       -114.2694,
       62.4125
      ],
      [
       -114.2556,
       62.31944
      ],
      [
       -113.7486,
       62.15528
      ],
      [
       -113.7408,
       62.08611
      ],
      [
       -113.3186,
       61.98972
      ],
      [
       -112.4175,
       62.07361
      ],
      [
       -111.7133,
       62.38028
      ],
      [
       -111.4414,
       62.695
      ],
      [
       -110.7158,
       62.92056
      ],
      [
       -110.196546,
       62.920842
      ],
      [
       -110.12738,
       62.822345
      ],
      [
       -110.6581,
       62.82778
      ]
     ]
    ],
    "type": "Polygon"
   },
   "id": "lake-void-great-slave-lake-plate-101-1843",
   "properties": {
    "coordinateFrame": "WGS84-reference-coordinates",
    "correctionFeatureId": "lake-void-great-slave-lake-plate-101-1843",
    "emittedAreaSquareKilometres": 24922.691,
    "geometryReferenceAgeMa": 0,
    "lake": "Great Slave Lake",
    "lakeAreaSquareKilometres": 25940.752,
    "lifecycleNativeCoastChartIds": [
     "cao-coast:GPlates-00a3847b-ff71-4fac-bec6-3ba871008a2d:405:0",
     "cao-coast:GPlates-00a3847b-ff71-4fac-bec6-3ba871008a2d:405:1",
     "cao-coast:GPlates-0b89687e-9c3e-4d03-a807-91ad16cb5fcb:395:0",
     "cao-coast:GPlates-8b5a4991-5338-448d-82fa-01e22474820f:441:0",
     "cao-coast:GPlates-8b5a4991-5338-448d-82fa-01e22474820f:441:10",
     "cao-coast:GPlates-8b5a4991-5338-448d-82fa-01e22474820f:441:11",
     "cao-coast:GPlates-8b5a4991-5338-448d-82fa-01e22474820f:441:4",
     "cao-coast:GPlates-8b5a4991-5338-448d-82fa-01e22474820f:441:5",
     "cao-coast:GPlates-8b5a4991-5338-448d-82fa-01e22474820f:441:6",
     "cao-coast:GPlates-8b5a4991-5338-448d-82fa-01e22474820f:441:7",
     "cao-coast:GPlates-8b5a4991-5338-448d-82fa-01e22474820f:441:8",
     "cao-coast:GPlates-8b5a4991-5338-448d-82fa-01e22474820f:441:9",
     "cao-coast:GPlates-d37d524d-6185-4efb-b81e-576939ab26eb:411:0",
     "cao-coast:GPlates-d99a67ae-8dde-47d2-a28d-83a8aa403c06:418:0"
    ],
    "naturalEarthIndex": 6,
    "onset": {
     "ageMa": 0.0118,
     "evidence": "observed/proxy-constrained",
     "sourceIds": [
      "smith-lake-mcconnell-1994"
     ],
     "uncertaintyMa": 0.001
    },
    "plateId": 101,
    "sourceClass": "cao-void-inside-continental-outline",
    "staticFeatureId": "GPlates-8b5a4991-5338-448d-82fa-01e22474820f",
    "staticSourceOrder": 1843,
    "surfaceClass": "land",
    "touchingNativeCoastChartIds": [
     "cao-coast:GPlates-00a3847b-ff71-4fac-bec6-3ba871008a2d:405:0",
     "cao-coast:GPlates-00a3847b-ff71-4fac-bec6-3ba871008a2d:405:1",
     "cao-coast:GPlates-0b89687e-9c3e-4d03-a807-91ad16cb5fcb:395:0",
     "cao-coast:GPlates-8b5a4991-5338-448d-82fa-01e22474820f:441:0",
     "cao-coast:GPlates-8b5a4991-5338-448d-82fa-01e22474820f:441:10",
     "cao-coast:GPlates-8b5a4991-5338-448d-82fa-01e22474820f:441:11",
     "cao-coast:GPlates-8b5a4991-5338-448d-82fa-01e22474820f:441:4",
     "cao-coast:GPlates-8b5a4991-5338-448d-82fa-01e22474820f:441:5",
     "cao-coast:GPlates-8b5a4991-5338-448d-82fa-01e22474820f:441:6",
     "cao-coast:GPlates-8b5a4991-5338-448d-82fa-01e22474820f:441:7",
     "cao-coast:GPlates-8b5a4991-5338-448d-82fa-01e22474820f:441:8",
     "cao-coast:GPlates-8b5a4991-5338-448d-82fa-01e22474820f:441:9",
     "cao-coast:GPlates-d37d524d-6185-4efb-b81e-576939ab26eb:411:0",
     "cao-coast:GPlates-d99a67ae-8dde-47d2-a28d-83a8aa403c06:418:0"
    ],
    "validTimeMa": {
     "oldest": 1800.0,
     "youngest": 0.0118,
     "youngestExclusive": true
    },
    "voidAreaSquareKilometres": 24713.612
   },
   "type": "Feature"
  },
  {
   "geometry": {
    "coordinates": [
     [
      [
       5.357417,
       52.880778
      ],
      [
       5.543809,
       52.860233
      ],
      [
       5.547271,
       52.858848
      ],
      [
       5.558067,
       52.857395
      ],
      [
       5.56499,
       52.857898
      ],
      [
       5.7125,
       52.841639
      ],
      [
       5.692853,
       52.813342
      ],
      [
       5.691231,
       52.813129
      ],
      [
       5.666849,
       52.802401
      ],
      [
       5.646137,
       52.785682
      ],
      [
       5.629666,
       52.765335
      ],
      [
       5.622817,
       52.745496
      ],
      [
       5.616371,
       52.707355
      ],
      [
       5.61652,
       52.703397
      ],
      [
       5.587528,
       52.661639
      ],
      [
       5.660678,
       52.639547
      ],
      [
       5.666448,
       52.633002
      ],
      [
       5.669598,
       52.63019
      ],
      [
       5.678141,
       52.628636
      ],
      [
       5.694944,
       52.629198
      ],
      [
       5.844139,
       52.584139
      ],
      [
       5.688772,
       52.572177
      ],
      [
       5.677884,
       52.573776
      ],
      [
       5.675731,
       52.574214
      ],
      [
       5.673639,
       52.574886
      ],
      [
       5.671633,
       52.575783
      ],
      [
       5.669738,
       52.576895
      ],
      [
       5.652229,
       52.588504
      ],
      [
       5.644578,
       52.584742
      ],
      [
       5.643012,
       52.584053
      ],
      [
       5.641393,
       52.583501
      ],
      [
       5.639732,
       52.583089
      ],
      [
       5.583714,
       52.571714
      ],
      [
       5.569531,
       52.565705
      ],
      [
       5.564419,
       52.562604
      ],
      [
       5.459889,
       52.554556
      ],
      [
       5.119111,
       52.381639
      ],
      [
       5.253278,
       52.310333
      ],
      [
       4.950152,
       52.379737
      ],
      [
       4.950337,
       52.380147
      ],
      [
       4.951329,
       52.381866
      ],
      [
       4.952486,
       52.383479
      ],
      [
       4.953798,
       52.384969
      ],
      [
       4.955251,
       52.386321
      ],
      [
       4.960843,
       52.391031
      ],
      [
       4.962574,
       52.392336
      ],
      [
       4.963393,
       52.392824
      ],
      [
       4.963495,
       52.393108
      ],
      [
       4.964336,
       52.394884
      ],
      [
       4.965347,
       52.396568
      ],
      [
       4.965696,
       52.397038
      ],
      [
       4.987313,
       52.405013
      ],
      [
       4.998678,
       52.403877
      ],
      [
       5.000716,
       52.403566
      ],
      [
       5.000848,
       52.403532
      ],
      [
       5.002228,
       52.404139
      ],
      [
       5.004141,
       52.404759
      ],
      [
       5.006106,
       52.405184
      ],
      [
       5.008104,
       52.405409
      ],
      [
       5.010115,
       52.405433
      ],
      [
       5.012117,
       52.405255
      ],
      [
       5.014092,
       52.404877
      ],
      [
       5.016019,
       52.404302
      ],
      [
       5.017878,
       52.403537
      ],
      [
       5.018897,
       52.403056
      ],
      [
       5.023838,
       52.412938
      ],
      [
       5.024837,
       52.414706
      ],
      [
       5.026011,
       52.416363
      ],
      [
       5.027346,
       52.417893
      ],
      [
       5.02883,
       52.41928
      ],
      [
       5.030447,
       52.420509
      ],
      [
       5.031774,
       52.421416
      ],
      [
       5.140806,
       52.461639
      ],
      [
       5.039083,
       52.465778
      ],
      [
       5.037222,
       52.482415
      ],
      [
       5.037766,
       52.482896
      ],
      [
       5.039381,
       52.484062
      ],
      [
       5.041104,
       52.485061
      ],
      [
       5.042919,
       52.485884
      ],
      [
       5.044806,
       52.486522
      ],
      [
       5.050596,
       52.488164
      ],
      [
       5.050596,
       52.48885
      ],
      [
       5.050779,
       52.49075
      ],
      [
       5.051142,
       52.492625
      ],
      [
       5.051682,
       52.494456
      ],
      [
       5.052395,
       52.496227
      ],
      [
       5.053273,
       52.497922
      ],
      [
       5.054309,
       52.499526
      ],
      [
       5.055493,
       52.501024
      ],
      [
       5.056814,
       52.502402
      ],
      [
       5.058261,
       52.503648
      ],
      [
       5.05982,
       52.50475
      ],
      [
       5.067268,
       52.5095
      ],
      [
       5.065125,
       52.516423
      ],
      [
       5.034161,
       52.558445
      ],
      [
       5.033079,
       52.560074
      ],
      [
       5.032162,
       52.561802
      ],
      [
       5.027151,
       52.572462
      ],
      [
       5.020722,
       52.629944
      ],
      [
       5.203222,
       52.637028
      ],
      [
       5.27085,
       52.717804
      ],
      [
       5.279568,
       52.720427
      ],
      [
       5.278448,
       52.725689
      ],
      [
       5.27818,
       52.726558
      ],
      [
       5.290806,
       52.741639
      ],
      [
       5.127472,
       52.758333
      ],
      [
       5.101367,
       52.810623
      ],
      [
       5.100409,
       52.836598
      ],
      [
       5.096643,
       52.852078
      ],
      [
       5.054572,
       52.904357
      ],
      [
       5.036583,
       52.940389
      ],
      [
       5.024335,
       52.936727
      ],
      [
       5.024336,
       52.936735
      ],
      [
       5.024739,
       52.938641
      ],
      [
       5.025325,
       52.940499
      ],
      [
       5.02609,
       52.942291
      ],
      [
       5.027025,
       52.944
      ],
      [
       5.028123,
       52.945609
      ],
      [
       5.029371,
       52.947105
      ],
      [
       5.03076,
       52.948472
      ],
      [
       5.032274,
       52.949697
      ],
      [
       5.033901,
       52.950769
      ],
      [
       5.035624,
       52.951678
      ],
      [
       5.037428,
       52.952415
      ],
      [
       5.039294,
       52.952973
      ],
      [
       5.079963,
       52.962997
      ],
      [
       5.120912,
       52.978318
      ],
      [
       5.278414,
       53.062182
      ],
      [
       5.280656,
       53.063204
      ],
      [
       5.342435,
       53.086883
      ],
      [
       5.334111,
       53.075833
      ],
      [
       5.357417,
       52.880778
      ]
     ]
    ],
    "type": "Polygon"
   },
   "id": "lake-void-ijsselmeer-plate-315-1764",
   "properties": {
    "coordinateFrame": "WGS84-reference-coordinates",
    "correctionFeatureId": "lake-void-ijsselmeer-plate-315-1764",
    "emittedAreaSquareKilometres": 1903.964,
    "geometryReferenceAgeMa": 0,
    "lake": "IJsselmeer",
    "lakeAreaSquareKilometres": 1961.596,
    "lifecycleNativeCoastChartIds": [
     "cao-coast:GPlates-b61faf46-6e2a-4775-ad66-6bec892607d5:44:0"
    ],
    "naturalEarthIndex": 1288,
    "onset": {
     "ageMa": 0,
     "evidence": "present-only default",
     "sourceIds": [
      "natural-earth-lakes-10m"
     ]
    },
    "plateId": 315,
    "sourceClass": "cao-void-inside-continental-outline",
    "staticFeatureId": "GPlates-b61faf46-6e2a-4775-ad66-6bec892607d5",
    "staticSourceOrder": 1764,
    "surfaceClass": "land",
    "touchingNativeCoastChartIds": [
     "cao-coast:GPlates-b61faf46-6e2a-4775-ad66-6bec892607d5:44:0"
    ],
    "validTimeMa": {
     "oldest": 420.0,
     "youngest": 0.0,
     "youngestExclusive": true
    },
    "voidAreaSquareKilometres": 1652.656
   },
   "type": "Feature"
  },
  {
   "geometry": {
    "coordinates": [
     [
      [
       76.268611,
       42.314444
      ],
      [
       76.2075,
       42.382222
      ],
      [
       76.203611,
       42.460556
      ],
      [
       76.453889,
       42.464722
      ],
      [
       76.690556,
       42.569167
      ],
      [
       78.005833,
       42.7125
      ],
      [
       78.005,
       42.715
      ],
      [
       78.306111,
       42.736389
      ],
      [
       78.081667,
       42.615833
      ],
      [
       78.316944,
       42.570833
      ],
      [
       77.843056,
       42.436389
      ],
      [
       77.915,
       42.368611
      ],
      [
       77.495,
       42.159444
      ],
      [
       76.940556,
       42.163611
      ],
      [
       76.409722,
       42.339167
      ],
      [
       76.268611,
       42.314444
      ]
     ]
    ],
    "type": "Polygon"
   },
   "id": "lake-void-issyk-kul-plate-459-2290",
   "properties": {
    "coordinateFrame": "WGS84-reference-coordinates",
    "correctionFeatureId": "lake-void-issyk-kul-plate-459-2290",
    "emittedAreaSquareKilometres": 6163.559,
    "geometryReferenceAgeMa": 0,
    "lake": "Issyk-Kul",
    "lakeAreaSquareKilometres": 6252.257,
    "lifecycleNativeCoastChartIds": [
     "cao-coast:GPlates-bbe13914-c586-4b52-8980-3fbce7b22d39:190:0"
    ],
    "naturalEarthIndex": 1290,
    "onset": {
     "ageMa": 3.0,
     "evidence": "observed/proxy-constrained",
     "sourceIds": [
      "roud-issyk-kul-2021"
     ],
     "uncertaintyMa": 1.0
    },
    "plateId": 459,
    "sourceClass": "cao-void-inside-continental-outline",
    "staticFeatureId": "GPlates-bbe13914-c586-4b52-8980-3fbce7b22d39",
    "staticSourceOrder": 2290,
    "surfaceClass": "land",
    "touchingNativeCoastChartIds": [
     "cao-coast:GPlates-bbe13914-c586-4b52-8980-3fbce7b22d39:190:0"
    ],
    "validTimeMa": {
     "oldest": 310.0,
     "youngest": 3.0,
     "youngestExclusive": true
    },
    "voidAreaSquareKilometres": 5884.543
   },
   "type": "Feature"
  },
  {
   "geometry": {
    "coordinates": [
     [
      [
       35.318333,
       47.558333
      ],
      [
       35.301405,
       47.472
      ],
      [
       35.300848,
       47.471761
      ],
      [
       35.299154,
       47.469583
      ],
      [
       35.299992,
       47.464795
      ],
      [
       35.293333,
       47.430833
      ],
      [
       35.251367,
       47.425698
      ],
      [
       35.250082,
       47.426197
      ],
      [
       35.248327,
       47.426977
      ],
      [
       35.246655,
       47.427922
      ],
      [
       35.234555,
       47.435549
      ],
      [
       35.230603,
       47.437185
      ],
      [
       35.224151,
       47.437635
      ],
      [
       35.218306,
       47.436299
      ],
      [
       35.198014,
       47.428072
      ],
      [
       35.19571,
       47.427297
      ],
      [
       35.193328,
       47.426808
      ],
      [
       35.180964,
       47.425042
      ],
      [
       35.17877,
       47.424851
      ],
      [
       35.176568,
       47.424903
      ],
      [
       35.10164,
       47.430795
      ],
      [
       35.088946,
       47.427071
      ],
      [
       35.074005,
       47.409096
      ],
      [
       35.072649,
       47.407621
      ],
      [
       35.071152,
       47.40629
      ],
      [
       35.069529,
       47.405115
      ],
      [
       35.067798,
       47.404108
      ],
      [
       35.065974,
       47.403279
      ],
      [
       35.064732,
       47.402859
      ],
      [
       34.936944,
       47.387222
      ],
      [
       34.756094,
       47.474922
      ],
      [
       34.747395,
       47.486646
      ],
      [
       34.727247,
       47.488911
      ],
      [
       34.623611,
       47.539167
      ],
      [
       34.444794,
       47.474504
      ],
      [
       34.388441,
       47.471558
      ],
      [
       34.36441,
       47.461546
      ],
      [
       34.355538,
       47.450817
      ],
      [
       34.347911,
       47.439469
      ],
      [
       34.273333,
       47.4125
      ],
      [
       34.044444,
       47.412222
      ],
      [
       34.030278,
       47.344167
      ],
      [
       34.188889,
       47.376667
      ],
      [
       34.1982,
       47.349369
      ],
      [
       34.196395,
       47.347951
      ],
      [
       34.199256,
       47.346273
      ],
      [
       34.213333,
       47.305
      ],
      [
       34.093997,
       47.315164
      ],
      [
       34.091421,
       47.315916
      ],
      [
       34.089609,
       47.315538
      ],
      [
       34.037222,
       47.32
      ],
      [
       33.700833,
       46.976389
      ],
      [
       33.716396,
       46.965398
      ],
      [
       33.713361,
       46.956452
      ],
      [
       33.711562,
       46.946638
      ],
      [
       33.716226,
       46.944485
      ],
      [
       33.736708,
       46.942075
      ],
      [
       33.749039,
       46.942343
      ],
      [
       33.789722,
       46.913611
      ],
      [
       33.662222,
       46.893333
      ],
      [
       33.707222,
       46.847778
      ],
      [
       33.529738,
       46.814226
      ],
      [
       33.52962,
       46.81429
      ],
      [
       33.528018,
       46.815373
      ],
      [
       33.526527,
       46.816605
      ],
      [
       33.525162,
       46.817975
      ],
      [
       33.523936,
       46.819471
      ],
      [
       33.522861,
       46.821079
      ],
      [
       33.521945,
       46.822782
      ],
      [
       33.521199,
       46.824567
      ],
      [
       33.520628,
       46.826414
      ],
      [
       33.520238,
       46.828309
      ],
      [
       33.520033,
       46.830232
      ],
      [
       33.520015,
       46.832166
      ],
      [
       33.520184,
       46.834093
      ],
      [
       33.520538,
       46.835994
      ],
      [
       33.521074,
       46.837852
      ],
      [
       33.521787,
       46.83965
      ],
      [
       33.521834,
       46.839742
      ],
      [
       33.573611,
       46.851111
      ],
      [
       33.645278,
       46.984167
      ],
      [
       33.577778,
       47.011667
      ],
      [
       33.610366,
       47.036749
      ],
      [
       33.613325,
       47.036703
      ],
      [
       33.613598,
       47.038096
      ],
      [
       33.614037,
       47.039574
      ],
      [
       33.675725,
       47.087053
      ],
      [
       33.676032,
       47.086705
      ],
      [
       33.677195,
       47.085088
      ],
      [
       33.678191,
       47.083362
      ],
      [
       33.684078,
       47.071882
      ],
      [
       33.684941,
       47.069956
      ],
      [
       33.685596,
       47.06795
      ],
      [
       33.685756,
       47.067198
      ],
      [
       33.760831,
       47.13363
      ],
      [
       33.767663,
       47.143195
      ],
      [
       33.769402,
       47.149884
      ],
      [
       33.768291,
       47.15544
      ],
      [
       33.767376,
       47.156324
      ],
      [
       33.766245,
       47.156723
      ],
      [
       33.973333,
       47.316111
      ],
      [
       33.960299,
       47.386415
      ],
      [
       33.964062,
       47.386917
      ],
      [
       33.961211,
       47.390321
      ],
      [
       33.959244,
       47.392103
      ],
      [
       33.928889,
       47.555833
      ],
      [
       34.206389,
       47.518056
      ],
      [
       34.213038,
       47.548071
      ],
      [
       34.230654,
       47.56379
      ],
      [
       34.218718,
       47.573714
      ],
      [
       34.225833,
       47.605833
      ],
      [
       34.397222,
       47.533889
      ],
      [
       34.595833,
       47.606667
      ],
      [
       34.791452,
       47.581895
      ],
      [
       34.898497,
       47.566682
      ],
      [
       34.912301,
       47.566591
      ],
      [
       34.999444,
       47.555556
      ],
      [
       35.1325,
       47.721389
      ],
      [
       35.097883,
       47.861148
      ],
      [
       35.10024,
       47.863202
      ],
      [
       35.10181,
       47.864437
      ],
      [
       35.103496,
       47.865509
      ],
      [
       35.105279,
       47.866408
      ],
      [
       35.107144,
       47.867124
      ],
      [
       35.109071,
       47.867651
      ],
      [
       35.111041,
       47.867983
      ],
      [
       35.113034,
       47.868117
      ],
      [
       35.11503,
       47.868051
      ],
      [
       35.11701,
       47.867787
      ],
      [
       35.118954,
       47.867326
      ],
      [
       35.119169,
       47.867252
      ],
      [
       35.111944,
       47.845278
      ],
      [
       35.318333,
       47.558333
      ]
     ]
    ],
    "type": "Polygon"
   },
   "id": "lake-void-kakhovka-reservoir-plate-302-2391",
   "properties": {
    "coordinateFrame": "WGS84-reference-coordinates",
    "correctionFeatureId": "lake-void-kakhovka-reservoir-plate-302-2391",
    "emittedAreaSquareKilometres": 2253.404,
    "geometryReferenceAgeMa": 0,
    "lake": "Kakhovka Reservoir",
    "lakeAreaSquareKilometres": 2045.55,
    "lifecycleNativeCoastChartIds": [
     "cao-coast:GPlates-504847b5-8cf1-4d28-856c-42232e7b9374:1933:0",
     "cao-coast:GPlates-b7b97dbb-0a3b-4001-a6a8-200b5347dabc:1932:0"
    ],
    "naturalEarthIndex": 1173,
    "onset": {
     "ageMa": 0,
     "evidence": "present-only default",
     "sourceIds": [
      "natural-earth-lakes-10m"
     ]
    },
    "plateId": 302,
    "sourceClass": "cao-void-inside-continental-outline",
    "staticFeatureId": "GPlates-9cc915ca-26f0-46c9-9a52-60baf4ee773f",
    "staticSourceOrder": 2391,
    "surfaceClass": "land",
    "touchingNativeCoastChartIds": [
     "cao-coast:GPlates-504847b5-8cf1-4d28-856c-42232e7b9374:1933:0",
     "cao-coast:GPlates-b7b97dbb-0a3b-4001-a6a8-200b5347dabc:1932:0"
    ],
    "validTimeMa": {
     "oldest": 1000.0,
     "youngest": 0.0,
     "youngestExclusive": true
    },
    "voidAreaSquareKilometres": 1859.999
   },
   "type": "Feature"
  },
  {
   "geometry": {
    "coordinates": [
     [
      [
       19.901404,
       54.647397
      ],
      [
       19.914084,
       54.651808
      ],
      [
       19.915797,
       54.652319
      ],
      [
       19.917549,
       54.652675
      ],
      [
       19.919325,
       54.652874
      ],
      [
       19.92729,
       54.653405
      ],
      [
       19.9249,
       54.665133
      ],
      [
       19.924661,
       54.666715
      ],
      [
       19.998278,
       54.727861
      ],
      [
       20.081611,
       54.651278
      ],
      [
       20.4125,
       54.677472
      ],
      [
       19.986667,
       54.576194
      ],
      [
       19.81313,
       54.475514
      ],
      [
       19.776378,
       54.532607
      ],
      [
       19.775377,
       54.534349
      ],
      [
       19.774555,
       54.536183
      ],
      [
       19.773922,
       54.53809
      ],
      [
       19.773483,
       54.540051
      ],
      [
       19.773243,
       54.542046
      ],
      [
       19.773205,
       54.544055
      ],
      [
       19.773368,
       54.546057
      ],
      [
       19.773732,
       54.548034
      ],
      [
       19.774292,
       54.549964
      ],
      [
       19.775042,
       54.551828
      ],
      [
       19.775977,
       54.553607
      ],
      [
       19.777084,
       54.555283
      ],
      [
       19.778355,
       54.55684
      ],
      [
       19.779775,
       54.558261
      ],
      [
       19.781331,
       54.559533
      ],
      [
       19.881009,
       54.632979
      ],
      [
       19.885706,
       54.637429
      ],
      [
       19.886855,
       54.638437
      ],
      [
       19.888077,
       54.639354
      ],
      [
       19.890404,
       54.640965
      ],
      [
       19.889889,
       54.637833
      ],
      [
       19.901404,
       54.647397
      ]
     ]
    ],
    "type": "Polygon"
   },
   "id": "lake-void-kaliningradskiy-zaliv-plate-30202-2402",
   "properties": {
    "coordinateFrame": "WGS84-reference-coordinates",
    "correctionFeatureId": "lake-void-kaliningradskiy-zaliv-plate-30202-2402",
    "emittedAreaSquareKilometres": 302.862,
    "geometryReferenceAgeMa": 0,
    "lake": "Kaliningradskiy Zaliv",
    "lakeAreaSquareKilometres": 399.547,
    "lifecycleNativeCoastChartIds": [
     "cao-coast:GPlates-851e34ec-5160-4196-b1b0-e92426dbfe86:1921:1"
    ],
    "naturalEarthIndex": 1292,
    "onset": {
     "ageMa": 0,
     "evidence": "present-only default",
     "sourceIds": [
      "natural-earth-lakes-10m"
     ]
    },
    "plateId": 30202,
    "sourceClass": "cao-void-inside-continental-outline",
    "staticFeatureId": "GPlates-65bb6924-4b2d-499e-acbf-438ba2cdad20",
    "staticSourceOrder": 2402,
    "surfaceClass": "land",
    "touchingNativeCoastChartIds": [
     "cao-coast:GPlates-851e34ec-5160-4196-b1b0-e92426dbfe86:1921:1",
     "cao-coast:GPlates-b7b97dbb-0a3b-4001-a6a8-200b5347dabc:1920:1"
    ],
    "validTimeMa": {
     "oldest": 1800.0,
     "youngest": 0.0,
     "youngestExclusive": true
    },
    "voidAreaSquareKilometres": 257.051
   },
   "type": "Feature"
  },
  {
   "geometry": {
    "coordinates": [
     [
      [
       33.191768,
       49.050427
      ],
      [
       33.189257,
       49.048936
      ],
      [
       33.175006,
       49.025119
      ],
      [
       33.187676,
       49.008829
      ],
      [
       33.183611,
       48.9675
      ],
      [
       33.146546,
       48.968506
      ],
      [
       33.146128,
       48.969085
      ],
      [
       33.140557,
       48.977693
      ],
      [
       33.134475,
       48.984347
      ],
      [
       33.127033,
       48.988463
      ],
      [
       33.122533,
       48.98895
      ],
      [
       33.073266,
       48.982453
      ],
      [
       33.040417,
       48.971386
      ],
      [
       32.978889,
       48.973056
      ],
      [
       33.023425,
       49.014646
      ],
      [
       33.073672,
       49.032291
      ],
      [
       33.078442,
       49.034608
      ],
      [
       33.07691,
       49.037782
      ],
      [
       33.076141,
       49.039596
      ],
      [
       33.075556,
       49.041478
      ],
      [
       33.073201,
       49.050603
      ],
      [
       33.072807,
       49.052507
      ],
      [
       33.0726,
       49.054441
      ],
      [
       33.072581,
       49.056385
      ],
      [
       33.072752,
       49.058322
      ],
      [
       33.07311,
       49.060234
      ],
      [
       33.073432,
       49.061344
      ],
      [
       33.088056,
       49.075
      ],
      [
       32.779722,
       49.078333
      ],
      [
       32.648333,
       49.200278
      ],
      [
       31.907221,
       49.519291
      ],
      [
       31.875546,
       49.53789
      ],
      [
       31.873892,
       49.538975
      ],
      [
       31.872352,
       49.540218
      ],
      [
       31.870944,
       49.541608
      ],
      [
       31.869679,
       49.543129
      ],
      [
       31.868571,
       49.544768
      ],
      [
       31.86763,
       49.546508
      ],
      [
       31.866866,
       49.548333
      ],
      [
       31.866286,
       49.550225
      ],
      [
       31.865895,
       49.552164
      ],
      [
       31.865698,
       49.554133
      ],
      [
       31.865697,
       49.556112
      ],
      [
       31.865891,
       49.55808
      ],
      [
       31.866278,
       49.560021
      ],
      [
       31.86635,
       49.560257
      ],
      [
       31.990833,
       49.600278
      ],
      [
       32.074054,
       49.568916
      ],
      [
       32.091415,
       49.551128
      ],
      [
       32.117668,
       49.54019
      ],
      [
       32.184792,
       49.526321
      ],
      [
       32.186946,
       49.526372
      ],
      [
       32.665278,
       49.346111
      ],
      [
       32.746944,
       49.366667
      ],
      [
       32.615,
       49.460833
      ],
      [
       32.678503,
       49.523851
      ],
      [
       32.709586,
       49.504431
      ],
      [
       32.703333,
       49.476667
      ],
      [
       32.794684,
       49.451265
      ],
      [
       32.932925,
       49.364897
      ],
      [
       32.945553,
       49.352583
      ],
      [
       32.953671,
       49.343884
      ],
      [
       32.955757,
       49.342633
      ],
      [
       33.218157,
       49.086762
      ],
      [
       33.206013,
       49.066698
      ],
      [
       33.193611,
       49.069167
      ],
      [
       33.191768,
       49.050427
      ]
     ]
    ],
    "type": "Polygon"
   },
   "id": "lake-void-kremenchuk-reservoir-plate-302-2391",
   "properties": {
    "coordinateFrame": "WGS84-reference-coordinates",
    "correctionFeatureId": "lake-void-kremenchuk-reservoir-plate-302-2391",
    "emittedAreaSquareKilometres": 1984.582,
    "geometryReferenceAgeMa": 0,
    "lake": "Kremenchuk Reservoir",
    "lakeAreaSquareKilometres": 1896.944,
    "lifecycleNativeCoastChartIds": [
     "cao-coast:GPlates-504847b5-8cf1-4d28-856c-42232e7b9374:1933:0",
     "cao-coast:GPlates-504847b5-8cf1-4d28-856c-42232e7b9374:1933:1",
     "cao-coast:GPlates-504847b5-8cf1-4d28-856c-42232e7b9374:1933:2",
     "cao-coast:GPlates-b7b97dbb-0a3b-4001-a6a8-200b5347dabc:1932:0",
     "cao-coast:GPlates-b7b97dbb-0a3b-4001-a6a8-200b5347dabc:1932:1",
     "cao-coast:GPlates-b7b97dbb-0a3b-4001-a6a8-200b5347dabc:1932:2",
     "cao-coast:GPlates-b7b97dbb-0a3b-4001-a6a8-200b5347dabc:58:4"
    ],
    "naturalEarthIndex": 1174,
    "onset": {
     "ageMa": 0,
     "evidence": "present-only default",
     "sourceIds": [
      "natural-earth-lakes-10m"
     ]
    },
    "plateId": 302,
    "sourceClass": "cao-void-inside-continental-outline",
    "staticFeatureId": "GPlates-9cc915ca-26f0-46c9-9a52-60baf4ee773f",
    "staticSourceOrder": 2391,
    "surfaceClass": "land",
    "touchingNativeCoastChartIds": [
     "cao-coast:GPlates-504847b5-8cf1-4d28-856c-42232e7b9374:1933:0",
     "cao-coast:GPlates-504847b5-8cf1-4d28-856c-42232e7b9374:1933:1",
     "cao-coast:GPlates-504847b5-8cf1-4d28-856c-42232e7b9374:1933:2",
     "cao-coast:GPlates-b7b97dbb-0a3b-4001-a6a8-200b5347dabc:1932:0",
     "cao-coast:GPlates-b7b97dbb-0a3b-4001-a6a8-200b5347dabc:1932:1",
     "cao-coast:GPlates-b7b97dbb-0a3b-4001-a6a8-200b5347dabc:1932:2",
     "cao-coast:GPlates-b7b97dbb-0a3b-4001-a6a8-200b5347dabc:58:4"
    ],
    "validTimeMa": {
     "oldest": 1000.0,
     "youngest": 0.0,
     "youngestExclusive": true
    },
    "voidAreaSquareKilometres": 1795.722
   },
   "type": "Feature"
  },
  {
   "geometry": {
    "coordinates": [
     [
      [
       29.151667,
       -8.659722
      ],
      [
       29.090833,
       -8.832778
      ],
      [
       28.713333,
       -9.315
      ],
      [
       28.720833,
       -9.446944
      ],
      [
       28.523056,
       -9.431667
      ],
      [
       28.493056,
       -9.368889
      ],
      [
       28.461667,
       -9.473056
      ],
      [
       28.524167,
       -9.510278
      ],
      [
       28.315833,
       -9.523333
      ],
      [
       28.315833,
       -9.521944
      ],
      [
       28.336667,
       -9.085278
      ],
      [
       28.885833,
       -8.488333
      ],
      [
       29.105556,
       -8.601667
      ],
      [
       29.151667,
       -8.659722
      ]
     ]
    ],
    "type": "Polygon"
   },
   "id": "lake-void-lac-moeru-plate-701-1653",
   "properties": {
    "coordinateFrame": "WGS84-reference-coordinates",
    "correctionFeatureId": "lake-void-lac-moeru-plate-701-1653",
    "emittedAreaSquareKilometres": 5206.239,
    "geometryReferenceAgeMa": 0,
    "lake": "Lac Moeru",
    "lakeAreaSquareKilometres": 5056.489,
    "lifecycleNativeCoastChartIds": [
     "cao-coast:GPlates-e6a8f84b-468a-44d6-ae84-e66ab65c17d2:296:1"
    ],
    "naturalEarthIndex": 491,
    "onset": {
     "ageMa": 0,
     "evidence": "present-only default",
     "sourceIds": [
      "natural-earth-lakes-10m"
     ]
    },
    "plateId": 701,
    "sourceClass": "cao-void-inside-continental-outline",
    "staticFeatureId": "GPlates-e6a8f84b-468a-44d6-ae84-e66ab65c17d2",
    "staticSourceOrder": 1653,
    "surfaceClass": "land",
    "touchingNativeCoastChartIds": [
     "cao-coast:GPlates-e6a8f84b-468a-44d6-ae84-e66ab65c17d2:296:1"
    ],
    "validTimeMa": {
     "oldest": 1800.0,
     "youngest": 0.0,
     "youngestExclusive": true
    },
    "voidAreaSquareKilometres": 4926.335
   },
   "type": "Feature"
  },
  {
   "geometry": {
    "coordinates": [
     [
      [
       -84.78,
       11.071944
      ],
      [
       -84.901389,
       11.025
      ],
      [
       -85.251389,
       11.100833
      ],
      [
       -85.735,
       11.351944
      ],
      [
       -85.914167,
       11.710556
      ],
      [
       -85.936944,
       11.950556
      ],
      [
       -85.873611,
       12.090278
      ],
      [
       -85.770556,
       12.113056
      ],
      [
       -85.77,
       12.112778
      ],
      [
       -85.186944,
       11.751389
      ],
      [
       -84.789722,
       11.269722
      ],
      [
       -84.78,
       11.071944
      ]
     ]
    ],
    "type": "Polygon"
   },
   "id": "lake-void-lago-de-nicaragua-plate-212-1876",
   "properties": {
    "coordinateFrame": "WGS84-reference-coordinates",
    "correctionFeatureId": "lake-void-lago-de-nicaragua-plate-212-1876",
    "emittedAreaSquareKilometres": 8181.121,
    "geometryReferenceAgeMa": 0,
    "lake": "Lago de Nicaragua",
    "lakeAreaSquareKilometres": 7852.439,
    "lifecycleNativeCoastChartIds": [
     "cao-coast:GPlates-20aa2e27-96ff-4362-b042-a057a2907e3f:446:0"
    ],
    "naturalEarthIndex": 13,
    "onset": {
     "ageMa": 0,
     "evidence": "present-only default",
     "sourceIds": [
      "natural-earth-lakes-10m"
     ]
    },
    "plateId": 212,
    "sourceClass": "cao-void-inside-continental-outline",
    "staticFeatureId": "GPlates-20aa2e27-96ff-4362-b042-a057a2907e3f",
    "staticSourceOrder": 1876,
    "surfaceClass": "land",
    "touchingNativeCoastChartIds": [
     "cao-coast:GPlates-20aa2e27-96ff-4362-b042-a057a2907e3f:446:0"
    ],
    "validTimeMa": {
     "oldest": 145.0,
     "youngest": 0.0,
     "youngestExclusive": true
    },
    "voidAreaSquareKilometres": 7617.596
   },
   "type": "Feature"
  },
  {
   "geometry": {
    "coordinates": [
     [
      [
       -69.265,
       -15.677778
      ],
      [
       -69.161389,
       -15.675
      ],
      [
       -69.032778,
       -15.798889
      ],
      [
       -69.017778,
       -15.930556
      ],
      [
       -68.775833,
       -15.963611
      ],
      [
       -68.911944,
       -16.073611
      ],
      [
       -68.841667,
       -16.223333
      ],
      [
       -68.576944,
       -16.243889
      ],
      [
       -68.586667,
       -16.3325
      ],
      [
       -68.695556,
       -16.308611
      ],
      [
       -68.769167,
       -16.420278
      ],
      [
       -68.953611,
       -16.440556
      ],
      [
       -68.856944,
       -16.474167
      ],
      [
       -68.859167,
       -16.599444
      ],
      [
       -69.095833,
       -16.49
      ],
      [
       -69.028611,
       -16.390833
      ],
      [
       -69.076389,
       -16.261111
      ],
      [
       -68.946667,
       -16.210278
      ],
      [
       -68.842778,
       -16.254167
      ],
      [
       -69.027222,
       -16.101667
      ],
      [
       -69.132222,
       -16.056389
      ],
      [
       -69.105833,
       -16.238889
      ],
      [
       -69.28,
       -16.286667
      ],
      [
       -69.379722,
       -16.188333
      ],
      [
       -69.508056,
       -16.199167
      ],
      [
       -69.433611,
       -16.014444
      ],
      [
       -69.673056,
       -15.976944
      ],
      [
       -69.805278,
       -15.788611
      ],
      [
       -69.873333,
       -15.8625
      ],
      [
       -69.807222,
       -15.922778
      ],
      [
       -70.023333,
       -15.845833
      ],
      [
       -70.039444,
       -15.721944
      ],
      [
       -69.972778,
       -15.706667
      ],
      [
       -69.945556,
       -15.571944
      ],
      [
       -69.755278,
       -15.725
      ],
      [
       -69.948611,
       -15.416111
      ],
      [
       -69.807222,
       -15.351111
      ],
      [
       -69.884167,
       -15.307778
      ],
      [
       -69.713056,
       -15.301667
      ],
      [
       -69.720556,
       -15.243056
      ],
      [
       -69.525833,
       -15.391944
      ],
      [
       -69.517222,
       -15.400278
      ],
      [
       -69.436111,
       -15.498056
      ],
      [
       -69.366389,
       -15.478611
      ],
      [
       -69.265,
       -15.677778
      ]
     ]
    ],
    "type": "Polygon"
   },
   "id": "lake-void-lago-titicaca-plate-201-1568",
   "properties": {
    "coordinateFrame": "WGS84-reference-coordinates",
    "correctionFeatureId": "lake-void-lago-titicaca-plate-201-1568",
    "emittedAreaSquareKilometres": 7972.258,
    "geometryReferenceAgeMa": 0,
    "lake": "Lago Titicaca",
    "lakeAreaSquareKilometres": 8134.951,
    "lifecycleNativeCoastChartIds": [
     "cao-coast:GPlates-c331d5c0-7a86-4d69-bd04-7b1e3ec9cfe5:518:0"
    ],
    "naturalEarthIndex": 483,
    "onset": {
     "ageMa": 2.5,
     "evidence": "observed/proxy-constrained",
     "sourceIds": [
      "lavenu-titicaca-1992"
     ],
     "uncertaintyMa": 0.5
    },
    "plateId": 201,
    "sourceClass": "cao-void-inside-continental-outline",
    "staticFeatureId": "GPlates-c331d5c0-7a86-4d69-bd04-7b1e3ec9cfe5",
    "staticSourceOrder": 1568,
    "surfaceClass": "land",
    "touchingNativeCoastChartIds": [
     "cao-coast:GPlates-c331d5c0-7a86-4d69-bd04-7b1e3ec9cfe5:518:0"
    ],
    "validTimeMa": {
     "oldest": 450.0,
     "youngest": 2.5,
     "youngestExclusive": true
    },
    "voidAreaSquareKilometres": 7617.752
   },
   "type": "Feature"
  },
  {
   "geometry": {
    "coordinates": [
     [
      [
       -97.761413,
       24.406894
      ],
      [
       -97.761882,
       24.406612
      ],
      [
       -97.844946,
       24.4343
      ],
      [
       -97.855155,
       24.458666
      ],
      [
       -97.854456,
       24.466361
      ],
      [
       -97.809611,
       24.5175
      ],
      [
       -97.866278,
       24.525
      ],
      [
       -97.847988,
       24.550442
      ],
      [
       -97.846335,
       24.551316
      ],
      [
       -97.84676,
       24.55215
      ],
      [
       -97.825861,
       24.581222
      ],
      [
       -97.741278,
       24.486667
      ],
      [
       -97.740809,
       24.520199
      ],
      [
       -97.736596,
       24.50993
      ],
      [
       -97.735033,
       24.52203
      ],
      [
       -97.734665,
       24.524054
      ],
      [
       -97.734091,
       24.52603
      ],
      [
       -97.698386,
       24.628826
      ],
      [
       -97.695997,
       24.654492
      ],
      [
       -97.696079,
       24.65453
      ],
      [
       -97.711239,
       24.662478
      ],
      [
       -97.712887,
       24.663445
      ],
      [
       -97.714435,
       24.664565
      ],
      [
       -97.715869,
       24.665827
      ],
      [
       -97.717176,
       24.667221
      ],
      [
       -97.718345,
       24.668733
      ],
      [
       -97.719363,
       24.67035
      ],
      [
       -97.720223,
       24.672057
      ],
      [
       -97.72979,
       24.693546
      ],
      [
       -97.730478,
       24.695311
      ],
      [
       -97.730996,
       24.697134
      ],
      [
       -97.731338,
       24.698998
      ],
      [
       -97.731503,
       24.700886
      ],
      [
       -97.731489,
       24.702781
      ],
      [
       -97.731295,
       24.704666
      ],
      [
       -97.730924,
       24.706524
      ],
      [
       -97.730378,
       24.708338
      ],
      [
       -97.729663,
       24.710093
      ],
      [
       -97.728786,
       24.711773
      ],
      [
       -97.727753,
       24.713362
      ],
      [
       -97.719069,
       24.72543
      ],
      [
       -97.71776,
       24.727061
      ],
      [
       -97.716289,
       24.728547
      ],
      [
       -97.711564,
       24.732842
      ],
      [
       -97.713863,
       24.745338
      ],
      [
       -97.730658,
       24.784807
      ],
      [
       -97.731308,
       24.786557
      ],
      [
       -97.731792,
       24.788361
      ],
      [
       -97.732106,
       24.790202
      ],
      [
       -97.732247,
       24.792064
      ],
      [
       -97.732213,
       24.793932
      ],
      [
       -97.732005,
       24.795788
      ],
      [
       -97.731626,
       24.797616
      ],
      [
       -97.731077,
       24.799401
      ],
      [
       -97.730364,
       24.801127
      ],
      [
       -97.729874,
       24.802171
      ],
      [
       -97.736612,
       24.807031
      ],
      [
       -97.736799,
       24.807181
      ],
      [
       -97.735761,
       24.881483
      ],
      [
       -97.73495,
       24.881951
      ],
      [
       -97.73322,
       24.88274
      ],
      [
       -97.731423,
       24.883361
      ],
      [
       -97.729576,
       24.883808
      ],
      [
       -97.727694,
       24.884079
      ],
      [
       -97.725795,
       24.884169
      ],
      [
       -97.724136,
       24.884169
      ],
      [
       -97.708333,
       24.856222
      ],
      [
       -97.68171,
       24.884169
      ],
      [
       -97.677666,
       24.884169
      ],
      [
       -97.674766,
       24.884861
      ],
      [
       -97.672324,
       24.886942
      ],
      [
       -97.666962,
       24.894401
      ],
      [
       -97.668056,
       24.896809
      ],
      [
       -97.668528,
       24.898007
      ],
      [
       -97.639639,
       24.928333
      ],
      [
       -97.752111,
       24.979139
      ],
      [
       -97.694611,
       25.151639
      ],
      [
       -97.714761,
       25.147532
      ],
      [
       -97.707396,
       25.157091
      ],
      [
       -97.705214,
       25.162482
      ],
      [
       -97.705274,
       25.163187
      ],
      [
       -97.669583,
       25.176639
      ],
      [
       -97.711802,
       25.201254
      ],
      [
       -97.7138,
       25.209923
      ],
      [
       -97.720974,
       25.229454
      ],
      [
       -97.721963,
       25.229157
      ],
      [
       -97.723814,
       25.228697
      ],
      [
       -97.7257,
       25.228415
      ],
      [
       -97.727605,
       25.228314
      ],
      [
       -97.729511,
       25.228395
      ],
      [
       -97.7314,
       25.228658
      ],
      [
       -97.733256,
       25.229099
      ],
      [
       -97.747532,
       25.23322
      ],
      [
       -97.749663,
       25.233968
      ],
      [
       -97.763033,
       25.239526
      ],
      [
       -97.772391,
       25.24174
      ],
      [
       -97.773881,
       25.241667
      ],
      [
       -97.779111,
       25.240496
      ],
      [
       -97.809611,
       25.258278
      ],
      [
       -97.720444,
       25.254972
      ],
      [
       -97.712878,
       25.322155
      ],
      [
       -97.709535,
       25.324978
      ],
      [
       -97.709502,
       25.325013
      ],
      [
       -97.705784,
       25.347509
      ],
      [
       -97.708501,
       25.352185
      ],
      [
       -97.709317,
       25.353769
      ],
      [
       -97.706158,
       25.381825
      ],
      [
       -97.705415,
       25.382638
      ],
      [
       -97.703895,
       25.383994
      ],
      [
       -97.702246,
       25.385189
      ],
      [
       -97.700483,
       25.386209
      ],
      [
       -97.698626,
       25.387045
      ],
      [
       -97.696694,
       25.387688
      ],
      [
       -97.687127,
       25.390338
      ],
      [
       -97.684978,
       25.390808
      ],
      [
       -97.68279,
       25.391039
      ],
      [
       -97.68059,
       25.391028
      ],
      [
       -97.678405,
       25.390776
      ],
      [
       -97.673254,
       25.389892
      ],
      [
       -97.67169,
       25.389559
      ],
      [
       -97.669884,
       25.389098
      ],
      [
       -97.601625,
       25.337476
      ],
      [
       -97.602207,
       25.336593
      ],
      [
       -97.603438,
       25.335071
      ],
      [
       -97.603996,
       25.334505
      ],
      [
       -97.60393,
       25.334252
      ],
      [
       -97.603621,
       25.332303
      ],
      [
       -97.603523,
       25.33065
      ],
      [
       -97.603114,
       25.330662
      ],
      [
       -97.594665,
       25.332212
      ],
      [
       -97.535028,
       25.287111
      ],
      [
       -97.558523,
       25.361878
      ],
      [
       -97.551242,
       25.373793
      ],
      [
       -97.482944,
       25.361694
      ],
      [
       -97.548688,
       25.470282
      ],
      [
       -97.547622,
       25.471098
      ],
      [
       -97.546025,
       25.472097
      ],
      [
       -97.536753,
       25.477309
      ],
      [
       -97.410028,
       25.424611
      ],
      [
       -97.450444,
       25.357528
      ],
      [
       -97.401884,
       25.359203
      ],
      [
       -97.402099,
       25.357756
      ],
      [
       -97.402567,
       25.355874
      ],
      [
       -97.403217,
       25.354046
      ],
      [
       -97.405428,
       25.348661
      ],
      [
       -97.406054,
       25.341156
      ],
      [
       -97.405301,
       25.333252
      ],
      [
       -97.403017,
       25.327232
      ],
      [
       -97.402465,
       25.325558
      ],
      [
       -97.402063,
       25.323841
      ],
      [
       -97.401813,
       25.322096
      ],
      [
       -97.401718,
       25.320335
      ],
      [
       -97.401559,
       25.304079
      ],
      [
       -97.442499,
       25.210234
      ],
      [
       -97.47025,
       25.16838
      ],
      [
       -97.471416,
       25.166797
      ],
      [
       -97.472731,
       25.165336
      ],
      [
       -97.474183,
       25.164012
      ],
      [
       -97.475758,
       25.162836
      ],
      [
       -97.47744,
       25.161821
      ],
      [
       -97.479215,
       25.160975
      ],
      [
       -97.481054,
       25.160312
      ],
      [
       -97.489472,
       25.119817
      ],
      [
       -97.488323,
       25.116484
      ],
      [
       -97.487764,
       25.114555
      ],
      [
       -97.487402,
       25.11258
      ],
      [
       -97.487239,
       25.110579
      ],
      [
       -97.487279,
       25.108571
      ],
      [
       -97.487442,
       25.107212
      ],
      [
       -97.492125,
       25.096478
      ],
      [
       -97.521523,
       25.050803
      ],
      [
       -97.521523,
       25.037095
      ],
      [
       -97.520345,
       25.031791
      ],
      [
       -97.5275,
       25.015389
      ],
      [
       -97.519904,
       25.029806
      ],
      [
       -97.51729,
       25.018043
      ],
      [
       -97.516926,
       25.015819
      ],
      [
       -97.516814,
       25.013568
      ],
      [
       -97.516961,
       24.99208
      ],
      [
       -97.517081,
       24.990027
      ],
      [
       -97.517411,
       24.987998
      ],
      [
       -97.517948,
       24.986013
      ],
      [
       -97.518685,
       24.984093
      ],
      [
       -97.519616,
       24.982259
      ],
      [
       -97.52073,
       24.980531
      ],
      [
       -97.539761,
       24.954098
      ],
      [
       -97.541167,
       24.948769
      ],
      [
       -97.544112,
       24.913714
      ],
      [
       -97.544382,
       24.911714
      ],
      [
       -97.544853,
       24.909751
      ],
      [
       -97.545519,
       24.907846
      ],
      [
       -97.546373,
       24.906017
      ],
      [
       -97.551525,
       24.896303
      ],
      [
       -97.552281,
       24.895
      ],
      [
       -97.553132,
       24.893757
      ],
      [
       -97.559158,
       24.885635
      ],
      [
       -97.56402,
       24.877015
      ],
      [
       -97.574606,
       24.84405
      ],
      [
       -97.596888,
       24.717349
      ],
      [
       -97.5974,
       24.715167
      ],
      [
       -97.645342,
       24.552251
      ],
      [
       -97.665308,
       24.381444
      ],
      [
       -97.66546,
       24.380388
      ],
      [
       -97.671074,
       24.347628
      ],
      [
       -97.688578,
       24.362089
      ],
      [
       -97.675833,
       24.520389
      ],
      [
       -97.69534,
       24.367676
      ],
      [
       -97.729337,
       24.395764
      ],
      [
       -97.740957,
       24.399637
      ],
      [
       -97.734094,
       24.423763
      ],
      [
       -97.733182,
       24.430573
      ],
      [
       -97.737456,
       24.427504
      ],
      [
       -97.749245,
       24.415053
      ],
      [
       -97.750551,
       24.413794
      ],
      [
       -97.751966,
       24.412657
      ],
      [
       -97.752466,
       24.412326
      ],
      [
       -97.744583,
       24.450806
      ],
      [
       -97.761413,
       24.406894
      ]
     ]
    ],
    "type": "Polygon"
   },
   "id": "lake-void-laguna-madre-plate-101-1815",
   "properties": {
    "coordinateFrame": "WGS84-reference-coordinates",
    "correctionFeatureId": "lake-void-laguna-madre-plate-101-1815",
    "emittedAreaSquareKilometres": 2059.157,
    "geometryReferenceAgeMa": 0,
    "lake": "Laguna Madre",
    "lakeAreaSquareKilometres": 1750.737,
    "lifecycleNativeCoastChartIds": [
     "cao-coast:GPlates-275b6d35-2ec6-4b86-ab16-9f2a5706c52d:1808:0",
     "cao-coast:GPlates-275b6d35-2ec6-4b86-ab16-9f2a5706c52d:436:0",
     "cao-coast:GPlates-275b6d35-2ec6-4b86-ab16-9f2a5706c52d:436:2"
    ],
    "naturalEarthIndex": 1279,
    "onset": {
     "ageMa": 0,
     "evidence": "present-only default",
     "sourceIds": [
      "natural-earth-lakes-10m"
     ]
    },
    "plateId": 101,
    "sourceClass": "cao-void-inside-continental-outline",
    "staticFeatureId": "GPlates-275b6d35-2ec6-4b86-ab16-9f2a5706c52d",
    "staticSourceOrder": 1815,
    "surfaceClass": "land",
    "touchingNativeCoastChartIds": [
     "cao-coast:GPlates-275b6d35-2ec6-4b86-ab16-9f2a5706c52d:1808:0",
     "cao-coast:GPlates-275b6d35-2ec6-4b86-ab16-9f2a5706c52d:436:0",
     "cao-coast:GPlates-275b6d35-2ec6-4b86-ab16-9f2a5706c52d:436:2",
     "cao-coast:GPlates-9c549cb8-44ff-4de6-92c5-a5c518dcae69:1809:0",
     "cao-coast:GPlates-9c549cb8-44ff-4de6-92c5-a5c518dcae69:477:0"
    ],
    "validTimeMa": {
     "oldest": 600.0,
     "youngest": 0.0,
     "youngestExclusive": true
    },
    "voidAreaSquareKilometres": 1655.477
   },
   "type": "Feature"
  },
  {
   "geometry": {
    "coordinates": [
     [
      [
       [
        -97.721604,
        23.819689
       ],
       [
        -97.721855,
        23.817725
       ],
       [
        -97.722298,
        23.815795
       ],
       [
        -97.722931,
        23.813919
       ],
       [
        -97.723745,
        23.812114
       ],
       [
        -97.729779,
        23.80034
       ],
       [
        -97.730744,
        23.798663
       ],
       [
        -97.731866,
        23.797087
       ],
       [
        -97.733136,
        23.795627
       ],
       [
        -97.734271,
        23.79455
       ],
       [
        -97.688578,
        24.362089
       ],
       [
        -97.671074,
        24.347628
       ],
       [
        -97.688559,
        24.245596
       ],
       [
        -97.721604,
        23.819689
       ]
      ]
     ],
     [
      [
       [
        -97.73641,
        23.792889
       ],
       [
        -97.737701,
        23.792071
       ],
       [
        -97.739427,
        23.791198
       ],
       [
        -97.74123,
        23.790496
       ],
       [
        -97.743093,
        23.789971
       ],
       [
        -97.744997,
        23.789629
       ],
       [
        -97.746926,
        23.789473
       ],
       [
        -97.74886,
        23.789503
       ],
       [
        -97.750783,
        23.78972
       ],
       [
        -97.752676,
        23.790123
       ],
       [
        -97.75452,
        23.790706
       ],
       [
        -97.7563,
        23.791464
       ],
       [
        -97.757999,
        23.792391
       ],
       [
        -97.759599,
        23.793478
       ],
       [
        -97.761088,
        23.794715
       ],
       [
        -97.76245,
        23.796089
       ],
       [
        -97.763672,
        23.797589
       ],
       [
        -97.764744,
        23.799199
       ],
       [
        -97.765656,
        23.800906
       ],
       [
        -97.766398,
        23.802693
       ],
       [
        -97.766964,
        23.804543
       ],
       [
        -97.767348,
        23.806439
       ],
       [
        -97.767548,
        23.808364
       ],
       [
        -97.772186,
        23.892716
       ],
       [
        -97.779473,
        23.931494
       ],
       [
        -97.791087,
        23.949726
       ],
       [
        -97.792034,
        23.951383
       ],
       [
        -97.792819,
        23.953123
       ],
       [
        -97.793435,
        23.95493
       ],
       [
        -97.793876,
        23.956787
       ],
       [
        -97.794137,
        23.958678
       ],
       [
        -97.794218,
        23.960586
       ],
       [
        -97.794116,
        23.962492
       ],
       [
        -97.793832,
        23.96438
       ],
       [
        -97.79337,
        23.966232
       ],
       [
        -97.792734,
        23.968031
       ],
       [
        -97.791929,
        23.969762
       ],
       [
        -97.790962,
        23.971408
       ],
       [
        -97.780816,
        23.986941
       ],
       [
        -97.774545,
        24.010819
       ],
       [
        -97.773938,
        24.026755
       ],
       [
        -97.774903,
        24.027104
       ],
       [
        -97.776711,
        24.027973
       ],
       [
        -97.778424,
        24.02902
       ],
       [
        -97.780023,
        24.030232
       ],
       [
        -97.790178,
        24.038768
       ],
       [
        -97.791607,
        24.040094
       ],
       [
        -97.792901,
        24.041552
       ],
       [
        -97.794046,
        24.04313
       ],
       [
        -97.795033,
        24.044811
       ],
       [
        -97.795851,
        24.046581
       ],
       [
        -97.796493,
        24.048422
       ],
       [
        -97.803263,
        24.071383
       ],
       [
        -97.803728,
        24.073307
       ],
       [
        -97.804,
        24.075268
       ],
       [
        -97.804078,
        24.077247
       ],
       [
        -97.803959,
        24.079223
       ],
       [
        -97.801016,
        24.10601
       ],
       [
        -97.80071,
        24.107934
       ],
       [
        -97.800217,
        24.109818
       ],
       [
        -97.799544,
        24.111646
       ],
       [
        -97.798696,
        24.113399
       ],
       [
        -97.797682,
        24.115062
       ],
       [
        -97.79651,
        24.116618
       ],
       [
        -97.795193,
        24.118053
       ],
       [
        -97.793743,
        24.119353
       ],
       [
        -97.792172,
        24.120505
       ],
       [
        -97.790498,
        24.1215
       ],
       [
        -97.788734,
        24.122326
       ],
       [
        -97.786899,
        24.122978
       ],
       [
        -97.785008,
        24.123448
       ],
       [
        -97.783081,
        24.123731
       ],
       [
        -97.781136,
        24.123826
       ],
       [
        -97.774218,
        24.123826
       ],
       [
        -97.772294,
        24.123733
       ],
       [
        -97.770388,
        24.123456
       ],
       [
        -97.769039,
        24.123124
       ],
       [
        -97.765286,
        24.16366
       ],
       [
        -97.765081,
        24.165208
       ],
       [
        -97.764756,
        24.166736
       ],
       [
        -97.755357,
        24.203771
       ],
       [
        -97.744139,
        24.386756
       ],
       [
        -97.74389,
        24.3889
       ],
       [
        -97.743413,
        24.391004
       ],
       [
        -97.740957,
        24.399637
       ],
       [
        -97.729337,
        24.395764
       ],
       [
        -97.69534,
        24.367676
       ],
       [
        -97.742306,
        24.0
       ],
       [
        -97.742583,
        23.996333
       ],
       [
        -97.73641,
        23.792889
       ]
      ]
     ]
    ],
    "type": "MultiPolygon"
   },
   "id": "lake-void-laguna-madre-plate-104-2013",
   "properties": {
    "coordinateFrame": "WGS84-reference-coordinates",
    "correctionFeatureId": "lake-void-laguna-madre-plate-104-2013",
    "emittedAreaSquareKilometres": 366.443,
    "geometryReferenceAgeMa": 0,
    "lake": "Laguna Madre",
    "lakeAreaSquareKilometres": 1750.737,
    "lifecycleNativeCoastChartIds": [
     "cao-coast:GPlates-9c549cb8-44ff-4de6-92c5-a5c518dcae69:1809:0",
     "cao-coast:GPlates-9c549cb8-44ff-4de6-92c5-a5c518dcae69:477:0"
    ],
    "naturalEarthIndex": 1279,
    "onset": {
     "ageMa": 0,
     "evidence": "present-only default",
     "sourceIds": [
      "natural-earth-lakes-10m"
     ]
    },
    "plateId": 104,
    "sourceClass": "cao-void-inside-continental-outline",
    "staticFeatureId": "GPlates-9c549cb8-44ff-4de6-92c5-a5c518dcae69",
    "staticSourceOrder": 2013,
    "surfaceClass": "land",
    "touchingNativeCoastChartIds": [
     "cao-coast:GPlates-275b6d35-2ec6-4b86-ab16-9f2a5706c52d:1808:0",
     "cao-coast:GPlates-275b6d35-2ec6-4b86-ab16-9f2a5706c52d:436:0",
     "cao-coast:GPlates-275b6d35-2ec6-4b86-ab16-9f2a5706c52d:436:2",
     "cao-coast:GPlates-9c549cb8-44ff-4de6-92c5-a5c518dcae69:1809:0",
     "cao-coast:GPlates-9c549cb8-44ff-4de6-92c5-a5c518dcae69:477:0"
    ],
    "validTimeMa": {
     "oldest": 250.0,
     "youngest": 0.0,
     "youngestExclusive": true
    },
    "voidAreaSquareKilometres": 1655.477
   },
   "type": "Feature"
  },
  {
   "geometry": {
    "coordinates": [
     [
      [
       31.155706,
       2.049071
      ],
      [
       30.438984,
       1.399769
      ],
      [
       30.498889,
       1.506944
      ],
      [
       31.155706,
       2.049071
      ]
     ]
    ],
    "type": "Polygon"
   },
   "id": "lake-void-lake-albert-plate-701-1796",
   "properties": {
    "coordinateFrame": "WGS84-reference-coordinates",
    "correctionFeatureId": "lake-void-lake-albert-plate-701-1796",
    "emittedAreaSquareKilometres": 234.167,
    "geometryReferenceAgeMa": 0,
    "lake": "Lake Albert",
    "lakeAreaSquareKilometres": 5404.602,
    "lifecycleNativeCoastChartIds": [
     "cao-coast:GPlates-35574e83-cf8d-4d05-8a1e-ec6ed650229f:357:0"
    ],
    "naturalEarthIndex": 475,
    "onset": {
     "ageMa": 8.0,
     "evidence": "observed/proxy-constrained",
     "sourceIds": [
      "simon-albert-basin-2017"
     ],
     "uncertaintyMa": 4.0
    },
    "plateId": 701,
    "sourceClass": "cao-void-inside-continental-outline",
    "staticFeatureId": "GPlates-35574e83-cf8d-4d05-8a1e-ec6ed650229f",
    "staticSourceOrder": 1796,
    "surfaceClass": "land",
    "touchingNativeCoastChartIds": [
     "cao-coast:GPlates-35574e83-cf8d-4d05-8a1e-ec6ed650229f:357:0",
     "cao-coast:GPlates-5f2273a8-3b1b-4d07-bcd4-c9aae775c264:358:0",
     "cao-coast:GPlates-5f2273a8-3b1b-4d07-bcd4-c9aae775c264:358:1"
    ],
    "validTimeMa": {
     "oldest": 1800.0,
     "youngest": 8.0,
     "youngestExclusive": true
    },
    "voidAreaSquareKilometres": 4970.377
   },
   "type": "Feature"
  },
  {
   "geometry": {
    "coordinates": [
     [
      [
       30.438984,
       1.399769
      ],
      [
       31.155706,
       2.049071
      ],
      [
       31.238611,
       2.1175
      ],
      [
       31.260333,
       2.143857
      ],
      [
       31.36041,
       2.234519
      ],
      [
       31.414167,
       1.916389
      ],
      [
       31.292222,
       1.699444
      ],
      [
       30.948889,
       1.518333
      ],
      [
       30.603333,
       1.026389
      ],
      [
       30.530556,
       1.008611
      ],
      [
       30.531944,
       1.009444
      ],
      [
       30.506667,
       1.211111
      ],
      [
       30.386944,
       1.306667
      ],
      [
       30.438984,
       1.399769
      ]
     ]
    ],
    "type": "Polygon"
   },
   "id": "lake-void-lake-albert-plate-712-1797",
   "properties": {
    "coordinateFrame": "WGS84-reference-coordinates",
    "correctionFeatureId": "lake-void-lake-albert-plate-712-1797",
    "emittedAreaSquareKilometres": 4845.865,
    "geometryReferenceAgeMa": 0,
    "lake": "Lake Albert",
    "lakeAreaSquareKilometres": 5404.602,
    "lifecycleNativeCoastChartIds": [
     "cao-coast:GPlates-5f2273a8-3b1b-4d07-bcd4-c9aae775c264:358:0",
     "cao-coast:GPlates-5f2273a8-3b1b-4d07-bcd4-c9aae775c264:358:1"
    ],
    "naturalEarthIndex": 475,
    "onset": {
     "ageMa": 8.0,
     "evidence": "observed/proxy-constrained",
     "sourceIds": [
      "simon-albert-basin-2017"
     ],
     "uncertaintyMa": 4.0
    },
    "plateId": 712,
    "sourceClass": "cao-void-inside-continental-outline",
    "staticFeatureId": "GPlates-5f2273a8-3b1b-4d07-bcd4-c9aae775c264",
    "staticSourceOrder": 1797,
    "surfaceClass": "land",
    "touchingNativeCoastChartIds": [
     "cao-coast:GPlates-35574e83-cf8d-4d05-8a1e-ec6ed650229f:357:0",
     "cao-coast:GPlates-5f2273a8-3b1b-4d07-bcd4-c9aae775c264:358:0",
     "cao-coast:GPlates-5f2273a8-3b1b-4d07-bcd4-c9aae775c264:358:1"
    ],
    "validTimeMa": {
     "oldest": 1800.0,
     "youngest": 8.0,
     "youngestExclusive": true
    },
    "voidAreaSquareKilometres": 4970.377
   },
   "type": "Feature"
  },
  {
   "geometry": {
    "coordinates": [
     [
      [
       -110.571573,
       59.090324
      ],
      [
       -109.855917,
       58.993014
      ],
      [
       -110.203056,
       58.903611
      ],
      [
       -110.448333,
       58.738889
      ],
      [
       -110.375278,
       58.623056
      ],
      [
       -110.775833,
       58.625
      ],
      [
       -110.841389,
       58.47
      ],
      [
       -110.836111,
       58.631389
      ],
      [
       -110.947222,
       58.639167
      ],
      [
       -111.0725,
       58.498056
      ],
      [
       -111.075556,
       58.616111
      ],
      [
       -111.280556,
       58.695278
      ],
      [
       -111.284444,
       58.695833
      ],
      [
       -111.273889,
       58.791389
      ],
      [
       -111.133056,
       58.766667
      ],
      [
       -111.157222,
       58.698056
      ],
      [
       -110.826111,
       58.831111
      ],
      [
       -110.571573,
       59.090324
      ]
     ]
    ],
    "type": "Polygon"
   },
   "id": "lake-void-lake-athabasca-plate-101-1745",
   "properties": {
    "coordinateFrame": "WGS84-reference-coordinates",
    "correctionFeatureId": "lake-void-lake-athabasca-plate-101-1745",
    "emittedAreaSquareKilometres": 1912.845,
    "geometryReferenceAgeMa": 0,
    "lake": "Lake Athabasca",
    "lakeAreaSquareKilometres": 8046.662,
    "lifecycleNativeCoastChartIds": [
     "cao-coast:GPlates-6f0323b6-8315-4fa8-9ec1-f9501faa3a81:444:0",
     "cao-coast:GPlates-d99a67ae-8dde-47d2-a28d-83a8aa403c06:418:0"
    ],
    "naturalEarthIndex": 21,
    "onset": {
     "ageMa": 0.0118,
     "evidence": "observed/proxy-constrained",
     "sourceIds": [
      "smith-lake-mcconnell-1994"
     ],
     "uncertaintyMa": 0.001
    },
    "plateId": 101,
    "sourceClass": "cao-void-inside-continental-outline",
    "staticFeatureId": "GPlates-d99a67ae-8dde-47d2-a28d-83a8aa403c06",
    "staticSourceOrder": 1745,
    "surfaceClass": "land",
    "touchingNativeCoastChartIds": [
     "cao-coast:GPlates-6f0323b6-8315-4fa8-9ec1-f9501faa3a81:444:0",
     "cao-coast:GPlates-d99a67ae-8dde-47d2-a28d-83a8aa403c06:418:0"
    ],
    "validTimeMa": {
     "oldest": 1800.0,
     "youngest": 0.0118,
     "youngestExclusive": true
    },
    "voidAreaSquareKilometres": 7455.402
   },
   "type": "Feature"
  },
  {
   "geometry": {
    "coordinates": [
     [
      [
       -110.571573,
       59.090324
      ],
      [
       -110.553889,
       59.108333
      ],
      [
       -109.831667,
       59.351111
      ],
      [
       -109.506111,
       59.604167
      ],
      [
       -109.208056,
       59.616111
      ],
      [
       -109.035,
       59.473889
      ],
      [
       -108.810556,
       59.523056
      ],
      [
       -108.935833,
       59.371667
      ],
      [
       -108.161944,
       59.474444
      ],
      [
       -107.215556,
       59.318056
      ],
      [
       -106.015833,
       59.273889
      ],
      [
       -106.685,
       59.245
      ],
      [
       -107.747222,
       59.338611
      ],
      [
       -107.818333,
       59.201111
      ],
      [
       -108.181389,
       59.150833
      ],
      [
       -109.106667,
       59.079722
      ],
      [
       -109.291667,
       59.138333
      ],
      [
       -109.855917,
       58.993014
      ],
      [
       -110.571573,
       59.090324
      ]
     ]
    ],
    "type": "Polygon"
   },
   "id": "lake-void-lake-athabasca-plate-101-1846",
   "properties": {
    "coordinateFrame": "WGS84-reference-coordinates",
    "correctionFeatureId": "lake-void-lake-athabasca-plate-101-1846",
    "emittedAreaSquareKilometres": 6019.215,
    "geometryReferenceAgeMa": 0,
    "lake": "Lake Athabasca",
    "lakeAreaSquareKilometres": 8046.662,
    "lifecycleNativeCoastChartIds": [
     "cao-coast:GPlates-6f0323b6-8315-4fa8-9ec1-f9501faa3a81:444:0",
     "cao-coast:GPlates-d99a67ae-8dde-47d2-a28d-83a8aa403c06:418:0"
    ],
    "naturalEarthIndex": 21,
    "onset": {
     "ageMa": 0.0118,
     "evidence": "observed/proxy-constrained",
     "sourceIds": [
      "smith-lake-mcconnell-1994"
     ],
     "uncertaintyMa": 0.001
    },
    "plateId": 101,
    "sourceClass": "cao-void-inside-continental-outline",
    "staticFeatureId": "GPlates-6f0323b6-8315-4fa8-9ec1-f9501faa3a81",
    "staticSourceOrder": 1846,
    "surfaceClass": "land",
    "touchingNativeCoastChartIds": [
     "cao-coast:GPlates-6f0323b6-8315-4fa8-9ec1-f9501faa3a81:444:0",
     "cao-coast:GPlates-d99a67ae-8dde-47d2-a28d-83a8aa403c06:418:0"
    ],
    "validTimeMa": {
     "oldest": 1800.0,
     "youngest": 0.0118,
     "youngestExclusive": true
    },
    "voidAreaSquareKilometres": 7455.402
   },
   "type": "Feature"
  },
  {
   "geometry": {
    "coordinates": [
     [
      [
       [
        105.40738,
        51.954641
       ],
       [
        105.251925,
        51.930483
       ],
       [
        105.569823,
        52.104924
       ],
       [
        105.40738,
        51.954641
       ]
      ]
     ],
     [
      [
       [
        107.619527,
        53.577966
       ],
       [
        107.610875,
        53.573008
       ],
       [
        107.647778,
        53.635833
       ],
       [
        107.827963,
        53.728071
       ],
       [
        107.619527,
        53.577966
       ]
      ]
     ]
    ],
    "type": "MultiPolygon"
   },
   "id": "lake-void-lake-baikal-plate-401-2322",
   "properties": {
    "coordinateFrame": "WGS84-reference-coordinates",
    "correctionFeatureId": "lake-void-lake-baikal-plate-401-2322",
    "emittedAreaSquareKilometres": 104.165,
    "geometryReferenceAgeMa": 0,
    "lake": "Lake Baikal",
    "lakeAreaSquareKilometres": 31419.059,
    "lifecycleNativeCoastChartIds": [
     "cao-coast:GPlates-1adaca31-127b-42f0-b5b9-ca26c1c24e9c:216:1",
     "cao-coast:GPlates-20d4fcc1-c6ff-42b6-8097-85cfdac580ab:252:0",
     "cao-coast:GPlates-b0d8e1f5-f346-4bff-a88a-d1027319fdaa:213:0",
     "cao-coast:GPlates-ea4cae14-155a-4696-bc23-c535c793609a:225:1",
     "cao-coast:GPlates-ea4cae14-155a-4696-bc23-c535c793609a:225:4",
     "cao-coast:GPlates-ea4cae14-155a-4696-bc23-c535c793609a:225:8"
    ],
    "naturalEarthIndex": 474,
    "onset": {
     "ageMa": 30.0,
     "evidence": "observed/proxy-constrained",
     "sourceIds": [
      "mats-baikal-rift-2011"
     ],
     "uncertaintyMa": 5.0
    },
    "plateId": 401,
    "sourceClass": "cao-void-inside-continental-outline",
    "staticFeatureId": "GPlates-b0d8e1f5-f346-4bff-a88a-d1027319fdaa",
    "staticSourceOrder": 2322,
    "surfaceClass": "land",
    "touchingNativeCoastChartIds": [
     "cao-coast:GPlates-1adaca31-127b-42f0-b5b9-ca26c1c24e9c:216:1",
     "cao-coast:GPlates-20d4fcc1-c6ff-42b6-8097-85cfdac580ab:252:0",
     "cao-coast:GPlates-b0d8e1f5-f346-4bff-a88a-d1027319fdaa:213:0",
     "cao-coast:GPlates-ea4cae14-155a-4696-bc23-c535c793609a:225:1",
     "cao-coast:GPlates-ea4cae14-155a-4696-bc23-c535c793609a:225:4",
     "cao-coast:GPlates-ea4cae14-155a-4696-bc23-c535c793609a:225:8"
    ],
    "validTimeMa": {
     "oldest": 600.0,
     "youngest": 30.0,
     "youngestExclusive": true
    },
    "voidAreaSquareKilometres": 30541.741
   },
   "type": "Feature"
  },
  {
   "geometry": {
    "coordinates": [
     [
      [
       105.224722,
       51.915556
      ],
      [
       105.251925,
       51.930483
      ],
      [
       105.40738,
       51.954641
      ],
      [
       105.817032,
       51.856145
      ],
      [
       106.089068,
       51.862685
      ],
      [
       105.919444,
       51.728056
      ],
      [
       104.759167,
       51.464722
      ],
      [
       104.269722,
       51.500556
      ],
      [
       103.74,
       51.662222
      ],
      [
       103.737646,
       51.698711
      ],
      [
       103.866319,
       51.702998
      ],
      [
       104.136191,
       51.748525
      ],
      [
       104.628611,
       51.780556
      ],
      [
       104.725889,
       51.848005
      ],
      [
       104.780942,
       51.857292
      ],
      [
       105.003282,
       51.891844
      ],
      [
       105.224722,
       51.915556
      ]
     ]
    ],
    "type": "Polygon"
   },
   "id": "lake-void-lake-baikal-plate-401-2325",
   "properties": {
    "coordinateFrame": "WGS84-reference-coordinates",
    "correctionFeatureId": "lake-void-lake-baikal-plate-401-2325",
    "emittedAreaSquareKilometres": 4485.816,
    "geometryReferenceAgeMa": 0,
    "lake": "Lake Baikal",
    "lakeAreaSquareKilometres": 31419.059,
    "lifecycleNativeCoastChartIds": [
     "cao-coast:GPlates-1adaca31-127b-42f0-b5b9-ca26c1c24e9c:216:0",
     "cao-coast:GPlates-1adaca31-127b-42f0-b5b9-ca26c1c24e9c:216:1",
     "cao-coast:GPlates-1adaca31-127b-42f0-b5b9-ca26c1c24e9c:216:2",
     "cao-coast:GPlates-20d4fcc1-c6ff-42b6-8097-85cfdac580ab:252:0",
     "cao-coast:GPlates-b0d8e1f5-f346-4bff-a88a-d1027319fdaa:213:0",
     "cao-coast:GPlates-ea4cae14-155a-4696-bc23-c535c793609a:225:7"
    ],
    "naturalEarthIndex": 474,
    "onset": {
     "ageMa": 30.0,
     "evidence": "observed/proxy-constrained",
     "sourceIds": [
      "mats-baikal-rift-2011"
     ],
     "uncertaintyMa": 5.0
    },
    "plateId": 401,
    "sourceClass": "cao-void-inside-continental-outline",
    "staticFeatureId": "GPlates-1adaca31-127b-42f0-b5b9-ca26c1c24e9c",
    "staticSourceOrder": 2325,
    "surfaceClass": "land",
    "touchingNativeCoastChartIds": [
     "cao-coast:GPlates-1adaca31-127b-42f0-b5b9-ca26c1c24e9c:216:0",
     "cao-coast:GPlates-1adaca31-127b-42f0-b5b9-ca26c1c24e9c:216:1",
     "cao-coast:GPlates-1adaca31-127b-42f0-b5b9-ca26c1c24e9c:216:2",
     "cao-coast:GPlates-20d4fcc1-c6ff-42b6-8097-85cfdac580ab:252:0",
     "cao-coast:GPlates-b0d8e1f5-f346-4bff-a88a-d1027319fdaa:213:0",
     "cao-coast:GPlates-ea4cae14-155a-4696-bc23-c535c793609a:225:7"
    ],
    "validTimeMa": {
     "oldest": 600.0,
     "youngest": 30.0,
     "youngestExclusive": true
    },
    "voidAreaSquareKilometres": 30541.741
   },
   "type": "Feature"
  },
  {
   "geometry": {
    "coordinates": [
     [
      [
       105.586667,
       52.114167
      ],
      [
       105.701187,
       52.226455
      ],
      [
       105.787807,
       52.306592
      ],
      [
       105.803866,
       52.327133
      ],
      [
       105.957222,
       52.4775
      ],
      [
       106.575278,
       52.722778
      ],
      [
       106.914167,
       52.985556
      ],
      [
       106.741389,
       53.013611
      ],
      [
       106.895833,
       53.136944
      ],
      [
       107.523611,
       53.424444
      ],
      [
       107.610875,
       53.573008
      ],
      [
       107.619527,
       53.577966
      ],
      [
       107.827963,
       53.728071
      ],
      [
       108.207778,
       53.9225
      ],
      [
       108.417742,
       54.192305
      ],
      [
       109.521656,
       54.556389
      ],
      [
       109.537299,
       54.38653
      ],
      [
       109.40564,
       54.001424
      ],
      [
       109.185,
       53.798611
      ],
      [
       109.179226,
       53.745724
      ],
      [
       109.073895,
       53.629783
      ],
      [
       108.983611,
       53.636389
      ],
      [
       109.073333,
       53.815278
      ],
      [
       108.925556,
       53.855833
      ],
      [
       108.5275,
       53.509444
      ],
      [
       108.891944,
       53.596111
      ],
      [
       108.926698,
       53.482571
      ],
      [
       108.658509,
       53.28384
      ],
      [
       108.619444,
       53.290556
      ],
      [
       108.115605,
       52.89619
      ],
      [
       107.794312,
       52.73536
      ],
      [
       107.559638,
       52.672765
      ],
      [
       107.372094,
       52.641364
      ],
      [
       107.33565,
       52.61302
      ],
      [
       107.131667,
       52.558611
      ],
      [
       106.813611,
       52.321667
      ],
      [
       106.5575,
       52.383889
      ],
      [
       106.333333,
       52.338889
      ],
      [
       106.192778,
       51.945
      ],
      [
       106.089068,
       51.862685
      ],
      [
       105.817032,
       51.856145
      ],
      [
       105.40738,
       51.954641
      ],
      [
       105.569823,
       52.104924
      ],
      [
       105.586667,
       52.114167
      ]
     ]
    ],
    "type": "Polygon"
   },
   "id": "lake-void-lake-baikal-plate-401-2334",
   "properties": {
    "coordinateFrame": "WGS84-reference-coordinates",
    "correctionFeatureId": "lake-void-lake-baikal-plate-401-2334",
    "emittedAreaSquareKilometres": 20208.98,
    "geometryReferenceAgeMa": 0,
    "lake": "Lake Baikal",
    "lakeAreaSquareKilometres": 31419.059,
    "lifecycleNativeCoastChartIds": [
     "cao-coast:GPlates-1adaca31-127b-42f0-b5b9-ca26c1c24e9c:216:0",
     "cao-coast:GPlates-9ec3eab4-4ad2-485a-b50c-02db30d657ba:226:0",
     "cao-coast:GPlates-b0d8e1f5-f346-4bff-a88a-d1027319fdaa:213:0",
     "cao-coast:GPlates-ea4cae14-155a-4696-bc23-c535c793609a:225:0",
     "cao-coast:GPlates-ea4cae14-155a-4696-bc23-c535c793609a:225:1",
     "cao-coast:GPlates-ea4cae14-155a-4696-bc23-c535c793609a:225:2",
     "cao-coast:GPlates-ea4cae14-155a-4696-bc23-c535c793609a:225:3",
     "cao-coast:GPlates-ea4cae14-155a-4696-bc23-c535c793609a:225:4",
     "cao-coast:GPlates-ea4cae14-155a-4696-bc23-c535c793609a:225:5",
     "cao-coast:GPlates-ea4cae14-155a-4696-bc23-c535c793609a:225:6",
     "cao-coast:GPlates-ea4cae14-155a-4696-bc23-c535c793609a:225:7",
     "cao-coast:GPlates-ea4cae14-155a-4696-bc23-c535c793609a:225:8",
     "cao-coast:GPlates-f5d67c37-af17-4c16-9763-214c8f6f6cdd:227:0"
    ],
    "naturalEarthIndex": 474,
    "onset": {
     "ageMa": 30.0,
     "evidence": "observed/proxy-constrained",
     "sourceIds": [
      "mats-baikal-rift-2011"
     ],
     "uncertaintyMa": 5.0
    },
    "plateId": 401,
    "sourceClass": "cao-void-inside-continental-outline",
    "staticFeatureId": "GPlates-ea4cae14-155a-4696-bc23-c535c793609a",
    "staticSourceOrder": 2334,
    "surfaceClass": "land",
    "touchingNativeCoastChartIds": [
     "cao-coast:GPlates-1adaca31-127b-42f0-b5b9-ca26c1c24e9c:216:0",
     "cao-coast:GPlates-9ec3eab4-4ad2-485a-b50c-02db30d657ba:226:0",
     "cao-coast:GPlates-b0d8e1f5-f346-4bff-a88a-d1027319fdaa:213:0",
     "cao-coast:GPlates-ea4cae14-155a-4696-bc23-c535c793609a:225:0",
     "cao-coast:GPlates-ea4cae14-155a-4696-bc23-c535c793609a:225:1",
     "cao-coast:GPlates-ea4cae14-155a-4696-bc23-c535c793609a:225:2",
     "cao-coast:GPlates-ea4cae14-155a-4696-bc23-c535c793609a:225:3",
     "cao-coast:GPlates-ea4cae14-155a-4696-bc23-c535c793609a:225:4",
     "cao-coast:GPlates-ea4cae14-155a-4696-bc23-c535c793609a:225:5",
     "cao-coast:GPlates-ea4cae14-155a-4696-bc23-c535c793609a:225:6",
     "cao-coast:GPlates-ea4cae14-155a-4696-bc23-c535c793609a:225:7",
     "cao-coast:GPlates-ea4cae14-155a-4696-bc23-c535c793609a:225:8",
     "cao-coast:GPlates-f5d67c37-af17-4c16-9763-214c8f6f6cdd:227:0"
    ],
    "validTimeMa": {
     "oldest": 600.0,
     "youngest": 30.0,
     "youngestExclusive": true
    },
    "voidAreaSquareKilometres": 30541.741
   },
   "type": "Feature"
  },
  {
   "geometry": {
    "coordinates": [
     [
      [
       108.824722,
       54.715278
      ],
      [
       108.903333,
       54.955
      ],
      [
       109.106389,
       55.051667
      ],
      [
       109.1975,
       55.550278
      ],
      [
       109.485556,
       55.725278
      ],
      [
       109.485556,
       55.724444
      ],
      [
       109.816389,
       55.735
      ],
      [
       109.611389,
       55.785556
      ],
      [
       109.803611,
       55.7825
      ],
      [
       109.965,
       55.671944
      ],
      [
       109.826111,
       55.543611
      ],
      [
       109.899444,
       55.461944
      ],
      [
       109.637222,
       54.691667
      ],
      [
       109.516667,
       54.610556
      ],
      [
       109.521656,
       54.556389
      ],
      [
       108.417742,
       54.192305
      ],
      [
       108.824722,
       54.715278
      ]
     ]
    ],
    "type": "Polygon"
   },
   "id": "lake-void-lake-baikal-plate-401-2335",
   "properties": {
    "coordinateFrame": "WGS84-reference-coordinates",
    "correctionFeatureId": "lake-void-lake-baikal-plate-401-2335",
    "emittedAreaSquareKilometres": 7031.064,
    "geometryReferenceAgeMa": 0,
    "lake": "Lake Baikal",
    "lakeAreaSquareKilometres": 31419.059,
    "lifecycleNativeCoastChartIds": [
     "cao-coast:GPlates-9ec3eab4-4ad2-485a-b50c-02db30d657ba:226:0",
     "cao-coast:GPlates-b0d8e1f5-f346-4bff-a88a-d1027319fdaa:213:0",
     "cao-coast:GPlates-ea4cae14-155a-4696-bc23-c535c793609a:225:0",
     "cao-coast:GPlates-ea4cae14-155a-4696-bc23-c535c793609a:225:1"
    ],
    "naturalEarthIndex": 474,
    "onset": {
     "ageMa": 30.0,
     "evidence": "observed/proxy-constrained",
     "sourceIds": [
      "mats-baikal-rift-2011"
     ],
     "uncertaintyMa": 5.0
    },
    "plateId": 401,
    "sourceClass": "cao-void-inside-continental-outline",
    "staticFeatureId": "GPlates-9ec3eab4-4ad2-485a-b50c-02db30d657ba",
    "staticSourceOrder": 2335,
    "surfaceClass": "land",
    "touchingNativeCoastChartIds": [
     "cao-coast:GPlates-9ec3eab4-4ad2-485a-b50c-02db30d657ba:226:0",
     "cao-coast:GPlates-b0d8e1f5-f346-4bff-a88a-d1027319fdaa:213:0",
     "cao-coast:GPlates-ea4cae14-155a-4696-bc23-c535c793609a:225:0",
     "cao-coast:GPlates-ea4cae14-155a-4696-bc23-c535c793609a:225:1"
    ],
    "validTimeMa": {
     "oldest": 600.0,
     "youngest": 30.0,
     "youngestExclusive": true
    },
    "voidAreaSquareKilometres": 30541.741
   },
   "type": "Feature"
  },
  {
   "geometry": {
    "coordinates": [
     [
      [
       [
        107.794312,
        52.73536
       ],
       [
        108.115605,
        52.89619
       ],
       [
        107.97,
        52.782222
       ],
       [
        107.794312,
        52.73536
       ]
      ]
     ],
     [
      [
       [
        108.658509,
        53.28384
       ],
       [
        108.926698,
        53.482571
       ],
       [
        108.965833,
        53.354722
       ],
       [
        108.751944,
        53.267778
       ],
       [
        108.658509,
        53.28384
       ]
      ]
     ],
     [
      [
       [
        109.165833,
        53.623056
       ],
       [
        109.073895,
        53.629783
       ],
       [
        109.179226,
        53.745724
       ],
       [
        109.165833,
        53.623056
       ]
      ]
     ],
     [
      [
       [
        109.40564,
        54.001424
       ],
       [
        109.537299,
        54.38653
       ],
       [
        109.559722,
        54.143056
       ],
       [
        109.40564,
        54.001424
       ]
      ]
     ]
    ],
    "type": "MultiPolygon"
   },
   "id": "lake-void-lake-baikal-plate-401-2336",
   "properties": {
    "coordinateFrame": "WGS84-reference-coordinates",
    "correctionFeatureId": "lake-void-lake-baikal-plate-401-2336",
    "emittedAreaSquareKilometres": 437.225,
    "geometryReferenceAgeMa": 0,
    "lake": "Lake Baikal",
    "lakeAreaSquareKilometres": 31419.059,
    "lifecycleNativeCoastChartIds": [
     "cao-coast:GPlates-ea4cae14-155a-4696-bc23-c535c793609a:225:0",
     "cao-coast:GPlates-ea4cae14-155a-4696-bc23-c535c793609a:225:2",
     "cao-coast:GPlates-ea4cae14-155a-4696-bc23-c535c793609a:225:3",
     "cao-coast:GPlates-ea4cae14-155a-4696-bc23-c535c793609a:225:5",
     "cao-coast:GPlates-ea4cae14-155a-4696-bc23-c535c793609a:225:6",
     "cao-coast:GPlates-ea4cae14-155a-4696-bc23-c535c793609a:225:7",
     "cao-coast:GPlates-f5d67c37-af17-4c16-9763-214c8f6f6cdd:227:0"
    ],
    "naturalEarthIndex": 474,
    "onset": {
     "ageMa": 30.0,
     "evidence": "observed/proxy-constrained",
     "sourceIds": [
      "mats-baikal-rift-2011"
     ],
     "uncertaintyMa": 5.0
    },
    "plateId": 401,
    "sourceClass": "cao-void-inside-continental-outline",
    "staticFeatureId": "GPlates-f5d67c37-af17-4c16-9763-214c8f6f6cdd",
    "staticSourceOrder": 2336,
    "surfaceClass": "land",
    "touchingNativeCoastChartIds": [
     "cao-coast:GPlates-ea4cae14-155a-4696-bc23-c535c793609a:225:0",
     "cao-coast:GPlates-ea4cae14-155a-4696-bc23-c535c793609a:225:2",
     "cao-coast:GPlates-ea4cae14-155a-4696-bc23-c535c793609a:225:3",
     "cao-coast:GPlates-ea4cae14-155a-4696-bc23-c535c793609a:225:5",
     "cao-coast:GPlates-ea4cae14-155a-4696-bc23-c535c793609a:225:6",
     "cao-coast:GPlates-ea4cae14-155a-4696-bc23-c535c793609a:225:7",
     "cao-coast:GPlates-f5d67c37-af17-4c16-9763-214c8f6f6cdd:227:0"
    ],
    "validTimeMa": {
     "oldest": 600.0,
     "youngest": 30.0,
     "youngestExclusive": true
    },
    "voidAreaSquareKilometres": 30541.741
   },
   "type": "Feature"
  },
  {
   "geometry": {
    "coordinates": [
     [
      [
       103.736111,
       51.7225
      ],
      [
       104.136191,
       51.748525
      ],
      [
       103.866319,
       51.702998
      ],
      [
       103.737646,
       51.698711
      ],
      [
       103.736111,
       51.7225
      ]
     ]
    ],
    "type": "Polygon"
   },
   "id": "lake-void-lake-baikal-plate-401-2361",
   "properties": {
    "coordinateFrame": "WGS84-reference-coordinates",
    "correctionFeatureId": "lake-void-lake-baikal-plate-401-2361",
    "emittedAreaSquareKilometres": 54.828,
    "geometryReferenceAgeMa": 0,
    "lake": "Lake Baikal",
    "lakeAreaSquareKilometres": 31419.059,
    "lifecycleNativeCoastChartIds": [
     "cao-coast:GPlates-1adaca31-127b-42f0-b5b9-ca26c1c24e9c:216:0",
     "cao-coast:GPlates-1adaca31-127b-42f0-b5b9-ca26c1c24e9c:216:2",
     "cao-coast:GPlates-20d4fcc1-c6ff-42b6-8097-85cfdac580ab:252:0",
     "cao-coast:GPlates-b0d8e1f5-f346-4bff-a88a-d1027319fdaa:213:0"
    ],
    "naturalEarthIndex": 474,
    "onset": {
     "ageMa": 30.0,
     "evidence": "observed/proxy-constrained",
     "sourceIds": [
      "mats-baikal-rift-2011"
     ],
     "uncertaintyMa": 5.0
    },
    "plateId": 401,
    "sourceClass": "cao-void-inside-continental-outline",
    "staticFeatureId": "GPlates-20d4fcc1-c6ff-42b6-8097-85cfdac580ab",
    "staticSourceOrder": 2361,
    "surfaceClass": "land",
    "touchingNativeCoastChartIds": [
     "cao-coast:GPlates-1adaca31-127b-42f0-b5b9-ca26c1c24e9c:216:0",
     "cao-coast:GPlates-1adaca31-127b-42f0-b5b9-ca26c1c24e9c:216:2",
     "cao-coast:GPlates-20d4fcc1-c6ff-42b6-8097-85cfdac580ab:252:0",
     "cao-coast:GPlates-b0d8e1f5-f346-4bff-a88a-d1027319fdaa:213:0"
    ],
    "validTimeMa": {
     "oldest": 600.0,
     "youngest": 30.0,
     "youngestExclusive": true
    },
    "voidAreaSquareKilometres": 30541.741
   },
   "type": "Feature"
  },
  {
   "geometry": {
    "coordinates": [
     [
      [
       74.064167,
       45.502222
      ],
      [
       74.072222,
       45.34
      ],
      [
       74.165556,
       45.329444
      ],
      [
       74.168056,
       45.076389
      ],
      [
       74.068333,
       45.046667
      ],
      [
       74.134722,
       44.959167
      ],
      [
       73.998889,
       44.998611
      ],
      [
       74.005,
       45.212222
      ],
      [
       73.884167,
       45.216111
      ],
      [
       73.628056,
       45.504167
      ],
      [
       73.450211,
       45.570724
      ],
      [
       73.72975,
       45.626524
      ],
      [
       74.137247,
       45.542935
      ],
      [
       74.064167,
       45.502222
      ]
     ]
    ],
    "type": "Polygon"
   },
   "id": "lake-void-lake-balkhash-plate-460-2295",
   "properties": {
    "coordinateFrame": "WGS84-reference-coordinates",
    "correctionFeatureId": "lake-void-lake-balkhash-plate-460-2295",
    "emittedAreaSquareKilometres": 1619.267,
    "geometryReferenceAgeMa": 0,
    "lake": "Lake Balkhash",
    "lakeAreaSquareKilometres": 17550.653,
    "lifecycleNativeCoastChartIds": [
     "cao-coast:GPlates-735f6f99-fca4-4785-b972-6e1ff99481c4:195:0"
    ],
    "naturalEarthIndex": 473,
    "onset": {
     "ageMa": 0.5,
     "evidence": "observed/proxy-constrained",
     "sourceIds": [
      "sala-balkhash-2020"
     ],
     "uncertaintyMa": 0.3
    },
    "plateId": 460,
    "sourceClass": "cao-void-inside-continental-outline",
    "staticFeatureId": "GPlates-735f6f99-fca4-4785-b972-6e1ff99481c4",
    "staticSourceOrder": 2295,
    "surfaceClass": "land",
    "touchingNativeCoastChartIds": [
     "cao-coast:GPlates-735f6f99-fca4-4785-b972-6e1ff99481c4:195:0",
     "cao-coast:GPlates-735f6f99-fca4-4785-b972-6e1ff99481c4:196:0",
     "cao-coast:GPlates-d9c1db1a-0964-4192-834c-177e8b81bfaf:166:1"
    ],
    "validTimeMa": {
     "oldest": 1000.0,
     "youngest": 0.5,
     "youngestExclusive": true
    },
    "voidAreaSquareKilometres": 16556.738
   },
   "type": "Feature"
  },
  {
   "geometry": {
    "coordinates": [
     [
      [
       73.444722,
       45.572778
      ],
      [
       73.439722,
       45.672778
      ],
      [
       73.532679,
       45.729752
      ],
      [
       73.72975,
       45.626524
      ],
      [
       73.450211,
       45.570724
      ],
      [
       73.444722,
       45.572778
      ]
     ]
    ],
    "type": "Polygon"
   },
   "id": "lake-void-lake-balkhash-plate-4601-2296",
   "properties": {
    "coordinateFrame": "WGS84-reference-coordinates",
    "correctionFeatureId": "lake-void-lake-balkhash-plate-4601-2296",
    "emittedAreaSquareKilometres": 218.108,
    "geometryReferenceAgeMa": 0,
    "lake": "Lake Balkhash",
    "lakeAreaSquareKilometres": 17550.653,
    "lifecycleNativeCoastChartIds": [
     "cao-coast:GPlates-735f6f99-fca4-4785-b972-6e1ff99481c4:196:0"
    ],
    "naturalEarthIndex": 473,
    "onset": {
     "ageMa": 0.5,
     "evidence": "observed/proxy-constrained",
     "sourceIds": [
      "sala-balkhash-2020"
     ],
     "uncertaintyMa": 0.3
    },
    "plateId": 4601,
    "sourceClass": "cao-void-inside-continental-outline",
    "staticFeatureId": "GPlates-735f6f99-fca4-4785-b972-6e1ff99481c4",
    "staticSourceOrder": 2296,
    "surfaceClass": "land",
    "touchingNativeCoastChartIds": [
     "cao-coast:GPlates-735f6f99-fca4-4785-b972-6e1ff99481c4:195:0",
     "cao-coast:GPlates-735f6f99-fca4-4785-b972-6e1ff99481c4:196:0",
     "cao-coast:GPlates-d9c1db1a-0964-4192-834c-177e8b81bfaf:166:0"
    ],
    "validTimeMa": {
     "oldest": 310.0,
     "youngest": 0.5,
     "youngestExclusive": true
    },
    "voidAreaSquareKilometres": 16556.738
   },
   "type": "Feature"
  },
  {
   "geometry": {
    "coordinates": [
     [
      [
       73.532679,
       45.729752
      ],
      [
       73.560278,
       45.746667
      ],
      [
       73.4175,
       45.8
      ],
      [
       73.576389,
       45.8075
      ],
      [
       73.6525,
       45.985833
      ],
      [
       73.751944,
       45.974444
      ],
      [
       73.633056,
       46.076667
      ],
      [
       73.678611,
       46.181111
      ],
      [
       73.755556,
       46.226389
      ],
      [
       73.829722,
       46.162222
      ],
      [
       73.989722,
       46.175833
      ],
      [
       74.050278,
       46.224444
      ],
      [
       73.943333,
       46.300278
      ],
      [
       74.190278,
       46.429722
      ],
      [
       74.189722,
       46.428889
      ],
      [
       74.533611,
       46.595833
      ],
      [
       74.612222,
       46.768056
      ],
      [
       74.972778,
       46.830833
      ],
      [
       75.005833,
       46.769167
      ],
      [
       75.075,
       46.843889
      ],
      [
       75.145151,
       46.804721
      ],
      [
       75.4383,
       46.491119
      ],
      [
       75.447741,
       46.483109
      ],
      [
       75.355833,
       46.451111
      ],
      [
       75.306111,
       46.531389
      ],
      [
       75.230833,
       46.413611
      ],
      [
       75.083889,
       46.434167
      ],
      [
       75.131944,
       46.492222
      ],
      [
       75.002778,
       46.378333
      ],
      [
       74.898889,
       46.406111
      ],
      [
       74.786944,
       46.104167
      ],
      [
       74.523056,
       45.987778
      ],
      [
       74.434444,
       46.040278
      ],
      [
       74.231944,
       45.9775
      ],
      [
       74.320556,
       45.784722
      ],
      [
       74.226667,
       45.718889
      ],
      [
       74.333889,
       45.6725
      ],
      [
       74.250833,
       45.682778
      ],
      [
       74.263611,
       45.613333
      ],
      [
       74.137247,
       45.542935
      ],
      [
       73.72975,
       45.626524
      ],
      [
       73.532679,
       45.729752
      ]
     ]
    ],
    "type": "Polygon"
   },
   "id": "lake-void-lake-balkhash-plate-461-2224",
   "properties": {
    "coordinateFrame": "WGS84-reference-coordinates",
    "correctionFeatureId": "lake-void-lake-balkhash-plate-461-2224",
    "emittedAreaSquareKilometres": 8346.384,
    "geometryReferenceAgeMa": 0,
    "lake": "Lake Balkhash",
    "lakeAreaSquareKilometres": 17550.653,
    "lifecycleNativeCoastChartIds": [
     "cao-coast:GPlates-d9c1db1a-0964-4192-834c-177e8b81bfaf:166:0",
     "cao-coast:GPlates-d9c1db1a-0964-4192-834c-177e8b81bfaf:166:1"
    ],
    "naturalEarthIndex": 473,
    "onset": {
     "ageMa": 0.5,
     "evidence": "observed/proxy-constrained",
     "sourceIds": [
      "sala-balkhash-2020"
     ],
     "uncertaintyMa": 0.3
    },
    "plateId": 461,
    "sourceClass": "cao-void-inside-continental-outline",
    "staticFeatureId": "GPlates-d9c1db1a-0964-4192-834c-177e8b81bfaf",
    "staticSourceOrder": 2224,
    "surfaceClass": "land",
    "touchingNativeCoastChartIds": [
     "cao-coast:GPlates-44a495da-911e-47e4-863d-b9ec58120ec1:167:0",
     "cao-coast:GPlates-44a495da-911e-47e4-863d-b9ec58120ec1:167:1",
     "cao-coast:GPlates-735f6f99-fca4-4785-b972-6e1ff99481c4:195:0",
     "cao-coast:GPlates-735f6f99-fca4-4785-b972-6e1ff99481c4:196:0",
     "cao-coast:GPlates-d9c1db1a-0964-4192-834c-177e8b81bfaf:166:0",
     "cao-coast:GPlates-d9c1db1a-0964-4192-834c-177e8b81bfaf:166:1"
    ],
    "validTimeMa": {
     "oldest": 310.0,
     "youngest": 0.5,
     "youngestExclusive": true
    },
    "voidAreaSquareKilometres": 16556.738
   },
   "type": "Feature"
  },
  {
   "geometry": {
    "coordinates": [
     [
      [
       75.296389,
       46.720278
      ],
      [
       75.920556,
       46.829444
      ],
      [
       75.956111,
       46.761944
      ],
      [
       76.170833,
       46.8
      ],
      [
       76.365833,
       46.733333
      ],
      [
       76.399444,
       46.636389
      ],
      [
       76.718889,
       46.679167
      ],
      [
       76.928333,
       46.559167
      ],
      [
       76.837778,
       46.686111
      ],
      [
       77.140278,
       46.545278
      ],
      [
       77.61,
       46.664167
      ],
      [
       77.886389,
       46.658056
      ],
      [
       78.149167,
       46.605278
      ],
      [
       78.314167,
       46.455556
      ],
      [
       78.317719,
       46.473569
      ],
      [
       78.428865,
       46.303581
      ],
      [
       78.425,
       46.279722
      ],
      [
       78.309722,
       46.3625
      ],
      [
       78.050833,
       46.315833
      ],
      [
       77.849444,
       46.429722
      ],
      [
       77.699722,
       46.3725
      ],
      [
       77.406667,
       46.502778
      ],
      [
       76.915833,
       46.445
      ],
      [
       76.773889,
       46.524167
      ],
      [
       76.267222,
       46.575278
      ],
      [
       75.5475,
       46.465833
      ],
      [
       75.465,
       46.620833
      ],
      [
       75.581389,
       46.660556
      ],
      [
       75.477222,
       46.6725
      ],
      [
       75.396111,
       46.598611
      ],
      [
       75.468333,
       46.490278
      ],
      [
       75.447741,
       46.483109
      ],
      [
       75.4383,
       46.491119
      ],
      [
       75.145151,
       46.804721
      ],
      [
       75.296389,
       46.720278
      ]
     ]
    ],
    "type": "Polygon"
   },
   "id": "lake-void-lake-balkhash-plate-463-2225",
   "properties": {
    "coordinateFrame": "WGS84-reference-coordinates",
    "correctionFeatureId": "lake-void-lake-balkhash-plate-463-2225",
    "emittedAreaSquareKilometres": 5113.213,
    "geometryReferenceAgeMa": 0,
    "lake": "Lake Balkhash",
    "lakeAreaSquareKilometres": 17550.653,
    "lifecycleNativeCoastChartIds": [
     "cao-coast:GPlates-44a495da-911e-47e4-863d-b9ec58120ec1:167:0",
     "cao-coast:GPlates-44a495da-911e-47e4-863d-b9ec58120ec1:167:1"
    ],
    "naturalEarthIndex": 473,
    "onset": {
     "ageMa": 0.5,
     "evidence": "observed/proxy-constrained",
     "sourceIds": [
      "sala-balkhash-2020"
     ],
     "uncertaintyMa": 0.3
    },
    "plateId": 463,
    "sourceClass": "cao-void-inside-continental-outline",
    "staticFeatureId": "GPlates-44a495da-911e-47e4-863d-b9ec58120ec1",
    "staticSourceOrder": 2225,
    "surfaceClass": "land",
    "touchingNativeCoastChartIds": [
     "cao-coast:GPlates-44a495da-911e-47e4-863d-b9ec58120ec1:167:0",
     "cao-coast:GPlates-44a495da-911e-47e4-863d-b9ec58120ec1:167:1",
     "cao-coast:GPlates-48c298ae-a19d-4fc4-906f-e1380952a9d1:168:0",
     "cao-coast:GPlates-d9c1db1a-0964-4192-834c-177e8b81bfaf:166:0",
     "cao-coast:GPlates-d9c1db1a-0964-4192-834c-177e8b81bfaf:166:1"
    ],
    "validTimeMa": {
     "oldest": 280.0,
     "youngest": 0.5,
     "youngestExclusive": true
    },
    "voidAreaSquareKilometres": 16556.738
   },
   "type": "Feature"
  },
  {
   "geometry": {
    "coordinates": [
     [
      [
       78.317719,
       46.473569
      ],
      [
       78.356667,
       46.671111
      ],
      [
       78.404167,
       46.602778
      ],
      [
       78.462222,
       46.671111
      ],
      [
       78.456667,
       46.599722
      ],
      [
       78.601944,
       46.748889
      ],
      [
       78.766667,
       46.7225
      ],
      [
       78.796111,
       46.617222
      ],
      [
       78.923056,
       46.622778
      ],
      [
       78.782222,
       46.785
      ],
      [
       79.024722,
       46.739722
      ],
      [
       79.022778,
       46.816667
      ],
      [
       79.127778,
       46.809722
      ],
      [
       79.254167,
       46.6625
      ],
      [
       79.075556,
       46.595556
      ],
      [
       78.939722,
       46.375278
      ],
      [
       78.444167,
       46.398056
      ],
      [
       78.428865,
       46.303581
      ],
      [
       78.317719,
       46.473569
      ]
     ]
    ],
    "type": "Polygon"
   },
   "id": "lake-void-lake-balkhash-plate-464-2226",
   "properties": {
    "coordinateFrame": "WGS84-reference-coordinates",
    "correctionFeatureId": "lake-void-lake-balkhash-plate-464-2226",
    "emittedAreaSquareKilometres": 2105.172,
    "geometryReferenceAgeMa": 0,
    "lake": "Lake Balkhash",
    "lakeAreaSquareKilometres": 17550.653,
    "lifecycleNativeCoastChartIds": [
     "cao-coast:GPlates-48c298ae-a19d-4fc4-906f-e1380952a9d1:168:0"
    ],
    "naturalEarthIndex": 473,
    "onset": {
     "ageMa": 0.5,
     "evidence": "observed/proxy-constrained",
     "sourceIds": [
      "sala-balkhash-2020"
     ],
     "uncertaintyMa": 0.3
    },
    "plateId": 464,
    "sourceClass": "cao-void-inside-continental-outline",
    "staticFeatureId": "GPlates-48c298ae-a19d-4fc4-906f-e1380952a9d1",
    "staticSourceOrder": 2226,
    "surfaceClass": "land",
    "touchingNativeCoastChartIds": [
     "cao-coast:GPlates-44a495da-911e-47e4-863d-b9ec58120ec1:167:0",
     "cao-coast:GPlates-44a495da-911e-47e4-863d-b9ec58120ec1:167:1",
     "cao-coast:GPlates-48c298ae-a19d-4fc4-906f-e1380952a9d1:168:0"
    ],
    "validTimeMa": {
     "oldest": 280.0,
     "youngest": 0.5,
     "youngestExclusive": true
    },
    "voidAreaSquareKilometres": 16556.738
   },
   "type": "Feature"
  },
  {
   "geometry": {
    "coordinates": [
     [
      [
       14.33534,
       13.180681
      ],
      [
       14.341216,
       13.17878
      ],
      [
       14.344336,
       13.178488
      ],
      [
       14.344278,
       13.17901
      ],
      [
       14.34425,
       13.180967
      ],
      [
       14.344414,
       13.182917
      ],
      [
       14.344768,
       13.184842
      ],
      [
       14.345308,
       13.186723
      ],
      [
       14.34593,
       13.188291
      ],
      [
       14.583361,
       13.243034
      ],
      [
       14.583625,
       13.242826
      ],
      [
       14.584876,
       13.241654
      ],
      [
       14.595226,
       13.231085
      ],
      [
       14.595879,
       13.231777
      ],
      [
       14.597369,
       13.233075
      ],
      [
       14.598981,
       13.234218
      ],
      [
       14.600697,
       13.235197
      ],
      [
       14.602502,
       13.236002
      ],
      [
       14.604377,
       13.236625
      ],
      [
       14.606305,
       13.23706
      ],
      [
       14.608266,
       13.237303
      ],
      [
       14.610241,
       13.237351
      ],
      [
       14.612212,
       13.237203
      ],
      [
       14.614158,
       13.236862
      ],
      [
       14.632253,
       13.232761
      ],
      [
       14.647665,
       13.235563
      ],
      [
       14.649514,
       13.235811
      ],
      [
       14.651379,
       13.235886
      ],
      [
       14.653242,
       13.235786
      ],
      [
       14.655088,
       13.235513
      ],
      [
       14.6569,
       13.235069
      ],
      [
       14.658663,
       13.234459
      ],
      [
       14.660362,
       13.233686
      ],
      [
       14.661981,
       13.232759
      ],
      [
       14.678171,
       13.222456
      ],
      [
       14.679704,
       13.221376
      ],
      [
       14.68113,
       13.220157
      ],
      [
       14.682435,
       13.21881
      ],
      [
       14.683608,
       13.217346
      ],
      [
       14.684639,
       13.21578
      ],
      [
       14.685518,
       13.214123
      ],
      [
       14.686239,
       13.212391
      ],
      [
       14.69242,
       13.195318
      ],
      [
       14.692998,
       13.193436
      ],
      [
       14.693388,
       13.191506
      ],
      [
       14.693587,
       13.189547
      ],
      [
       14.693592,
       13.187578
      ],
      [
       14.693404,
       13.185619
      ],
      [
       14.693024,
       13.183687
      ],
      [
       14.692455,
       13.181802
      ],
      [
       14.691704,
       13.179981
      ],
      [
       14.690778,
       13.178244
      ],
      [
       14.689686,
       13.176606
      ],
      [
       14.688525,
       13.17504
      ],
      [
       14.689224,
       13.172893
      ],
      [
       14.689319,
       13.172741
      ],
      [
       14.70157,
       13.16672
      ],
      [
       14.703276,
       13.165776
      ],
      [
       14.704882,
       13.164669
      ],
      [
       14.706373,
       13.163412
      ],
      [
       14.707734,
       13.162015
      ],
      [
       14.708953,
       13.160493
      ],
      [
       14.715803,
       13.151023
      ],
      [
       14.726774,
       13.146148
      ],
      [
       14.728564,
       13.145242
      ],
      [
       14.730255,
       13.144161
      ],
      [
       14.731829,
       13.142916
      ],
      [
       14.733271,
       13.14152
      ],
      [
       14.734565,
       13.139986
      ],
      [
       14.735699,
       13.138331
      ],
      [
       14.736661,
       13.13657
      ],
      [
       14.737442,
       13.134722
      ],
      [
       14.738034,
       13.132804
      ],
      [
       14.738431,
       13.130837
      ],
      [
       14.739314,
       13.124949
      ],
      [
       14.739507,
       13.123033
      ],
      [
       14.739801,
       13.117441
      ],
      [
       14.739804,
       13.115386
      ],
      [
       14.739595,
       13.113341
      ],
      [
       14.739178,
       13.111328
      ],
      [
       14.738556,
       13.109369
      ],
      [
       14.737688,
       13.107054
      ],
      [
       14.737926,
       13.105336
      ],
      [
       14.739918,
       13.101876
      ],
      [
       14.7445,
       13.097866
      ],
      [
       14.751666,
       13.094743
      ],
      [
       14.773072,
       13.089254
      ],
      [
       14.774934,
       13.088679
      ],
      [
       14.776731,
       13.087925
      ],
      [
       14.778445,
       13.087
      ],
      [
       14.780062,
       13.085913
      ],
      [
       14.781565,
       13.084674
      ],
      [
       14.782941,
       13.083294
      ],
      [
       14.784175,
       13.081786
      ],
      [
       14.785258,
       13.080166
      ],
      [
       14.786177,
       13.078448
      ],
      [
       14.786925,
       13.076649
      ],
      [
       14.787494,
       13.074786
      ],
      [
       14.787879,
       13.072876
      ],
      [
       14.788077,
       13.070938
      ],
      [
       14.788085,
       13.068989
      ],
      [
       14.787904,
       13.06705
      ],
      [
       14.787534,
       13.065137
      ],
      [
       14.78698,
       13.063269
      ],
      [
       14.786247,
       13.061463
      ],
      [
       14.785342,
       13.059738
      ],
      [
       14.784273,
       13.058109
      ],
      [
       14.783051,
       13.056592
      ],
      [
       14.781687,
       13.0552
      ],
      [
       14.780194,
       13.053948
      ],
      [
       14.778587,
       13.052848
      ],
      [
       14.77688,
       13.051909
      ],
      [
       14.775089,
       13.05114
      ],
      [
       14.728628,
       13.033825
      ],
      [
       14.716333,
       13.027794
      ],
      [
       14.709996,
       13.004323
      ],
      [
       14.709414,
       13.002516
      ],
      [
       14.708665,
       13.000772
      ],
      [
       14.707753,
       12.999108
      ],
      [
       14.706688,
       12.997537
      ],
      [
       14.70554,
       12.996007
      ],
      [
       14.704304,
       12.993947
      ],
      [
       14.703277,
       12.992402
      ],
      [
       14.70229,
       12.991181
      ],
      [
       14.702732,
       12.990119
      ],
      [
       14.703308,
       12.988235
      ],
      [
       14.703696,
       12.986304
      ],
      [
       14.703892,
       12.984344
      ],
      [
       14.703894,
       12.982374
      ],
      [
       14.703702,
       12.980414
      ],
      [
       14.703318,
       12.978482
      ],
      [
       14.702747,
       12.976597
      ],
      [
       14.701992,
       12.974777
      ],
      [
       14.699343,
       12.969184
      ],
      [
       14.698395,
       12.967416
      ],
      [
       14.697274,
       12.965752
      ],
      [
       14.695992,
       12.964209
      ],
      [
       14.694561,
       12.962802
      ],
      [
       14.692997,
       12.961546
      ],
      [
       14.691315,
       12.960452
      ],
      [
       14.689532,
       12.959532
      ],
      [
       14.687666,
       12.958796
      ],
      [
       14.685735,
       12.95825
      ],
      [
       14.671605,
       12.955012
      ],
      [
       14.669791,
       12.954684
      ],
      [
       14.667954,
       12.954524
      ],
      [
       14.654955,
       12.953993
      ],
      [
       14.64841,
       12.952781
      ],
      [
       14.646694,
       12.952539
      ],
      [
       14.644964,
       12.952447
      ],
      [
       14.643232,
       12.952505
      ],
      [
       14.635578,
       12.953094
      ],
      [
       14.633619,
       12.953343
      ],
      [
       14.631693,
       12.953783
      ],
      [
       14.629821,
       12.954412
      ],
      [
       14.628019,
       12.955222
      ],
      [
       14.626306,
       12.956206
      ],
      [
       14.624699,
       12.957354
      ],
      [
       14.623213,
       12.958655
      ],
      [
       14.60849,
       12.972887
      ],
      [
       14.603671,
       12.97473
      ],
      [
       14.601193,
       12.975281
      ],
      [
       14.601085,
       12.97523
      ],
      [
       14.598921,
       12.972459
      ],
      [
       14.59765,
       12.968331
      ],
      [
       14.596956,
       12.966424
      ],
      [
       14.596072,
       12.964598
      ],
      [
       14.595008,
       12.962871
      ],
      [
       14.593774,
       12.96126
      ],
      [
       14.592383,
       12.959783
      ],
      [
       14.59085,
       12.958454
      ],
      [
       14.58919,
       12.957287
      ],
      [
       14.58742,
       12.956295
      ],
      [
       14.585559,
       12.955487
      ],
      [
       14.578494,
       12.952837
      ],
      [
       14.57664,
       12.952243
      ],
      [
       14.574737,
       12.951832
      ],
      [
       14.572803,
       12.951607
      ],
      [
       14.570856,
       12.951572
      ],
      [
       14.568916,
       12.951727
      ],
      [
       14.566999,
       12.952069
      ],
      [
       14.565125,
       12.952596
      ],
      [
       14.563311,
       12.953303
      ],
      [
       14.561574,
       12.954183
      ],
      [
       14.559931,
       12.955227
      ],
      [
       14.558397,
       12.956427
      ],
      [
       14.551921,
       12.96202
      ],
      [
       14.550394,
       12.963487
      ],
      [
       14.5491,
       12.965026
      ],
      [
       14.545437,
       12.964164
      ],
      [
       14.544321,
       12.963935
      ],
      [
       14.51608,
       12.958966
      ],
      [
       14.508885,
       12.954743
      ],
      [
       14.501205,
       12.94503
      ],
      [
       14.499579,
       12.943213
      ],
      [
       14.497745,
       12.941608
      ],
      [
       14.496466,
       12.94062
      ],
      [
       14.495915,
       12.938693
      ],
      [
       14.495445,
       12.937254
      ],
      [
       14.494866,
       12.935855
      ],
      [
       14.491628,
       12.92879
      ],
      [
       14.49072,
       12.927041
      ],
      [
       14.489644,
       12.92539
      ],
      [
       14.48841,
       12.923852
      ],
      [
       14.487031,
       12.922444
      ],
      [
       14.48552,
       12.921178
      ],
      [
       14.483892,
       12.920067
      ],
      [
       14.482162,
       12.919122
      ],
      [
       14.480348,
       12.918351
      ],
      [
       14.478467,
       12.917763
      ],
      [
       14.476536,
       12.917363
      ],
      [
       14.474576,
       12.917155
      ],
      [
       14.472605,
       12.917141
      ],
      [
       14.470642,
       12.917321
      ],
      [
       14.468707,
       12.917693
      ],
      [
       14.466966,
       12.91821
      ],
      [
       14.466278,
       12.91695
      ],
      [
       14.465225,
       12.915231
      ],
      [
       14.464004,
       12.913626
      ],
      [
       14.462628,
       12.912153
      ],
      [
       14.46111,
       12.910826
      ],
      [
       14.459467,
       12.909659
      ],
      [
       14.457714,
       12.908662
      ],
      [
       14.45587,
       12.907848
      ],
      [
       14.453953,
       12.907223
      ],
      [
       14.451983,
       12.906794
      ],
      [
       14.44998,
       12.906566
      ],
      [
       14.447964,
       12.90654
      ],
      [
       14.445956,
       12.906718
      ],
      [
       14.443976,
       12.907097
      ],
      [
       14.442044,
       12.907673
      ],
      [
       14.44018,
       12.908441
      ],
      [
       14.438402,
       12.909393
      ],
      [
       14.43673,
       12.910519
      ],
      [
       14.435179,
       12.911807
      ],
      [
       14.433742,
       12.91313
      ],
      [
       14.429329,
       12.908881
      ],
      [
       14.427769,
       12.907527
      ],
      [
       14.426232,
       12.906326
      ],
      [
       14.427274,
       12.904787
      ],
      [
       14.428245,
       12.902976
      ],
      [
       14.429025,
       12.901076
      ],
      [
       14.429606,
       12.899106
      ],
      [
       14.429982,
       12.897087
      ],
      [
       14.430149,
       12.895039
      ],
      [
       14.430105,
       12.892986
      ],
      [
       14.429851,
       12.890947
      ],
      [
       14.429389,
       12.888946
      ],
      [
       14.425857,
       12.876583
      ],
      [
       14.425216,
       12.874701
      ],
      [
       14.424392,
       12.872892
      ],
      [
       14.423393,
       12.871174
      ],
      [
       14.422228,
       12.869564
      ],
      [
       14.420909,
       12.868077
      ],
      [
       14.419449,
       12.866728
      ],
      [
       14.417862,
       12.865531
      ],
      [
       14.416164,
       12.864498
      ],
      [
       14.414372,
       12.863638
      ],
      [
       14.412503,
       12.86296
      ],
      [
       14.410577,
       12.862471
      ],
      [
       14.408611,
       12.862176
      ],
      [
       14.406626,
       12.862077
      ],
      [
       14.400444,
       12.862077
      ],
      [
       14.398474,
       12.862174
      ],
      [
       14.396523,
       12.862465
      ],
      [
       14.394153,
       12.862939
      ],
      [
       14.38311,
       12.85601
      ],
      [
       14.381414,
       12.855058
      ],
      [
       14.379634,
       12.854274
      ],
      [
       14.377786,
       12.853668
      ],
      [
       14.375887,
       12.853243
      ],
      [
       14.373957,
       12.853006
      ],
      [
       14.372012,
       12.852956
      ],
      [
       14.370072,
       12.853096
      ],
      [
       14.360358,
       12.854274
      ],
      [
       14.358604,
       12.854567
      ],
      [
       14.356883,
       12.855014
      ],
      [
       14.355208,
       12.855612
      ],
      [
       14.353593,
       12.856356
      ],
      [
       14.348523,
       12.858973
      ],
      [
       14.346277,
       12.859036
      ],
      [
       14.32541,
       12.851493
      ],
      [
       14.323544,
       12.85092
      ],
      [
       14.321632,
       12.850532
      ],
      [
       14.319692,
       12.850331
      ],
      [
       14.31774,
       12.850321
      ],
      [
       14.315798,
       12.850501
      ],
      [
       14.313882,
       12.850869
      ],
      [
       14.312011,
       12.851423
      ],
      [
       14.310202,
       12.852156
      ],
      [
       14.308474,
       12.853061
      ],
      [
       14.306842,
       12.854131
      ],
      [
       14.305323,
       12.855355
      ],
      [
       14.300025,
       12.860065
      ],
      [
       14.298694,
       12.861363
      ],
      [
       14.29749,
       12.86278
      ],
      [
       14.296422,
       12.864302
      ],
      [
       14.295501,
       12.865917
      ],
      [
       14.294733,
       12.86761
      ],
      [
       14.294677,
       12.867773
      ],
      [
       14.268491,
       12.868261
      ],
      [
       14.266539,
       12.868394
      ],
      [
       14.264609,
       12.868716
      ],
      [
       14.262719,
       12.869225
      ],
      [
       14.260889,
       12.869917
      ],
      [
       14.259135,
       12.870784
      ],
      [
       14.257474,
       12.871818
      ],
      [
       14.255922,
       12.87301
      ],
      [
       14.254494,
       12.874347
      ],
      [
       14.253204,
       12.875818
      ],
      [
       14.252063,
       12.877408
      ],
      [
       14.251083,
       12.879101
      ],
      [
       14.250274,
       12.880883
      ],
      [
       14.249642,
       12.882734
      ],
      [
       14.249194,
       12.884639
      ],
      [
       14.248935,
       12.886578
      ],
      [
       14.248866,
       12.888534
      ],
      [
       14.248989,
       12.890487
      ],
      [
       14.249301,
       12.892418
      ],
      [
       14.249802,
       12.89431
      ],
      [
       14.250484,
       12.896143
      ],
      [
       14.251343,
       12.897902
      ],
      [
       14.252369,
       12.899568
      ],
      [
       14.259433,
       12.909871
      ],
      [
       14.260737,
       12.91157
      ],
      [
       14.262216,
       12.91312
      ],
      [
       14.262317,
       12.913206
      ],
      [
       14.254912,
       12.930383
      ],
      [
       14.254209,
       12.932272
      ],
      [
       14.253699,
       12.934222
      ],
      [
       14.253388,
       12.936213
      ],
      [
       14.253279,
       12.938225
      ],
      [
       14.253373,
       12.940239
      ],
      [
       14.253669,
       12.942232
      ],
      [
       14.254165,
       12.944186
      ],
      [
       14.254854,
       12.946079
      ],
      [
       14.25573,
       12.947894
      ],
      [
       14.256785,
       12.949611
      ],
      [
       14.258007,
       12.951214
      ],
      [
       14.259384,
       12.952685
      ],
      [
       14.260903,
       12.954011
      ],
      [
       14.262546,
       12.955176
      ],
      [
       14.262792,
       12.955316
      ],
      [
       14.258818,
       12.95871
      ],
      [
       14.257295,
       12.960156
      ],
      [
       14.255932,
       12.961753
      ],
      [
       14.254744,
       12.963484
      ],
      [
       14.253745,
       12.96533
      ],
      [
       14.252944,
       12.967271
      ],
      [
       14.252351,
       12.969285
      ],
      [
       14.250879,
       12.975467
      ],
      [
       14.250792,
       12.975924
      ],
      [
       14.249964,
       12.976657
      ],
      [
       14.239946,
       12.980665
      ],
      [
       14.238114,
       12.981507
      ],
      [
       14.236376,
       12.98253
      ],
      [
       14.23475,
       12.983723
      ],
      [
       14.233252,
       12.985073
      ],
      [
       14.231897,
       12.986567
      ],
      [
       14.230701,
       12.98819
      ],
      [
       14.229673,
       12.989926
      ],
      [
       14.228826,
       12.991756
      ],
      [
       14.228167,
       12.993662
      ],
      [
       14.227703,
       12.995625
      ],
      [
       14.22744,
       12.997624
      ],
      [
       14.227379,
       12.99964
      ],
      [
       14.227522,
       13.001652
      ],
      [
       14.227866,
       13.003639
      ],
      [
       14.228409,
       13.005581
      ],
      [
       14.229144,
       13.007459
      ],
      [
       14.230065,
       13.009253
      ],
      [
       14.231162,
       13.010945
      ],
      [
       14.234989,
       13.016243
      ],
      [
       14.236062,
       13.0176
      ],
      [
       14.237247,
       13.018859
      ],
      [
       14.238537,
       13.020011
      ],
      [
       14.245013,
       13.02531
      ],
      [
       14.246538,
       13.026441
      ],
      [
       14.248163,
       13.027423
      ],
      [
       14.249874,
       13.028246
      ],
      [
       14.251656,
       13.028903
      ],
      [
       14.257249,
       13.030669
      ],
      [
       14.25949,
       13.031236
      ],
      [
       14.261782,
       13.031542
      ],
      [
       14.271687,
       13.032281
      ],
      [
       14.271455,
       13.03373
      ],
      [
       14.268179,
       13.035724
      ],
      [
       14.26654,
       13.036837
      ],
      [
       14.265019,
       13.038106
      ],
      [
       14.263631,
       13.03952
      ],
      [
       14.258921,
       13.044818
      ],
      [
       14.257674,
       13.046369
      ],
      [
       14.256587,
       13.048038
      ],
      [
       14.255672,
       13.049805
      ],
      [
       14.254937,
       13.051655
      ],
      [
       14.254389,
       13.053569
      ],
      [
       14.254035,
       13.055528
      ],
      [
       14.253877,
       13.057513
      ],
      [
       14.253917,
       13.059503
      ],
      [
       14.254155,
       13.06148
      ],
      [
       14.254588,
       13.063423
      ],
      [
       14.255212,
       13.065313
      ],
      [
       14.256021,
       13.067132
      ],
      [
       14.257006,
       13.068862
      ],
      [
       14.258159,
       13.070485
      ],
      [
       14.259468,
       13.071985
      ],
      [
       14.260919,
       13.073348
      ],
      [
       14.262498,
       13.07456
      ],
      [
       14.26419,
       13.075609
      ],
      [
       14.265978,
       13.076484
      ],
      [
       14.267844,
       13.077177
      ],
      [
       14.27903,
       13.08071
      ],
      [
       14.281046,
       13.081233
      ],
      [
       14.283105,
       13.081544
      ],
      [
       14.285184,
       13.081639
      ],
      [
       14.287263,
       13.081517
      ],
      [
       14.292885,
       13.080892
      ],
      [
       14.288247,
       13.089723
      ],
      [
       14.287093,
       13.092367
      ],
      [
       14.284342,
       13.100162
      ],
      [
       14.282252,
       13.103402
      ],
      [
       14.27447,
       13.10807
      ],
      [
       14.272698,
       13.109267
      ],
      [
       14.271063,
       13.110646
      ],
      [
       14.269585,
       13.112192
      ],
      [
       14.268281,
       13.113887
      ],
      [
       14.267164,
       13.115711
      ],
      [
       14.261277,
       13.126603
      ],
      [
       14.260419,
       13.128401
      ],
      [
       14.259743,
       13.130274
      ],
      [
       14.259257,
       13.132206
      ],
      [
       14.258966,
       13.134177
      ],
      [
       14.258872,
       13.136166
      ],
      [
       14.258977,
       13.138155
      ],
      [
       14.259278,
       13.140124
      ],
      [
       14.259775,
       13.142053
      ],
      [
       14.26046,
       13.143923
      ],
      [
       14.261328,
       13.145716
      ],
      [
       14.262371,
       13.147414
      ],
      [
       14.263576,
       13.148999
      ],
      [
       14.264934,
       13.150456
      ],
      [
       14.26643,
       13.151772
      ],
      [
       14.268049,
       13.152932
      ],
      [
       14.269776,
       13.153925
      ],
      [
       14.271593,
       13.154741
      ],
      [
       14.273482,
       13.155373
      ],
      [
       14.275424,
       13.155814
      ],
      [
       14.277401,
       13.156059
      ],
      [
       14.279392,
       13.156106
      ],
      [
       14.281378,
       13.155955
      ],
      [
       14.28334,
       13.155608
      ],
      [
       14.285257,
       13.155067
      ],
      [
       14.286587,
       13.154618
      ],
      [
       14.285801,
       13.155872
      ],
      [
       14.284843,
       13.157856
      ],
      [
       14.281899,
       13.164921
      ],
      [
       14.281232,
       13.166774
      ],
      [
       14.28075,
       13.168684
      ],
      [
       14.280459,
       13.170631
      ],
      [
       14.28036,
       13.172598
      ],
      [
       14.280388,
       13.173179
      ],
      [
       14.32897,
       13.18438
      ],
      [
       14.33534,
       13.180681
      ]
     ]
    ],
    "type": "Polygon"
   },
   "id": "lake-void-lake-chad-plate-715-1674",
   "properties": {
    "coordinateFrame": "WGS84-reference-coordinates",
    "correctionFeatureId": "lake-void-lake-chad-plate-715-1674",
    "emittedAreaSquareKilometres": 1671.32,
    "geometryReferenceAgeMa": 0,
    "lake": "Lake Chad",
    "lakeAreaSquareKilometres": 1293.098,
    "lifecycleNativeCoastChartIds": [
     "cao-coast:GPlates-08d7aaa5-cc4a-4c90-a300-8a4a147b1b2e:317:0",
     "cao-coast:GPlates-08d7aaa5-cc4a-4c90-a300-8a4a147b1b2e:317:1"
    ],
    "naturalEarthIndex": 479,
    "onset": {
     "ageMa": 7.0,
     "evidence": "observed/proxy-constrained",
     "sourceIds": [
      "schuster-chad-basin-2009"
     ],
     "uncertaintyMa": 3.0
    },
    "plateId": 715,
    "sourceClass": "cao-void-inside-continental-outline",
    "staticFeatureId": "GPlates-08d7aaa5-cc4a-4c90-a300-8a4a147b1b2e",
    "staticSourceOrder": 1674,
    "surfaceClass": "land",
    "touchingNativeCoastChartIds": [
     "cao-coast:GPlates-08d7aaa5-cc4a-4c90-a300-8a4a147b1b2e:317:0",
     "cao-coast:GPlates-08d7aaa5-cc4a-4c90-a300-8a4a147b1b2e:317:1"
    ],
    "validTimeMa": {
     "oldest": 1050.0,
     "youngest": 7.0,
     "youngestExclusive": true
    },
    "voidAreaSquareKilometres": 1264.935
   },
   "type": "Feature"
  },
  {
   "geometry": {
    "coordinates": [
     [
      [
       -79.07861,
       43.09222
      ],
      [
       -78.88806,
       43.04944
      ],
      [
       -78.87139,
       42.78639
      ],
      [
       -79.14472,
       42.57028
      ],
      [
       -80.29333,
       42.05139
      ],
      [
       -81.34778,
       41.72694
      ],
      [
       -81.72444,
       41.49694
      ],
      [
       -82.04667,
       41.51028
      ],
      [
       -82.46667,
       41.3875
      ],
      [
       -82.68,
       41.49583
      ],
      [
       -82.61,
       41.42694
      ],
      [
       -82.80444,
       41.47889
      ],
      [
       -82.92528,
       41.42861
      ],
      [
       -83.05944,
       41.46167
      ],
      [
       -82.7025,
       41.54139
      ],
      [
       -82.83361,
       41.58889
      ],
      [
       -82.95639,
       41.52944
      ],
      [
       -83.46167,
       41.72194
      ],
      [
       -83.17861,
       42.015
      ],
      [
       -83.11778,
       42.27556
      ],
      [
       -82.88778,
       42.39806
      ],
      [
       -82.81556,
       42.6425
      ],
      [
       -82.71861,
       42.69278
      ],
      [
       -82.62806,
       42.675
      ],
      [
       -82.60194,
       42.5125
      ],
      [
       -82.41889,
       42.49833
      ],
      [
       -82.40194,
       42.3875
      ],
      [
       -82.485,
       42.31361
      ],
      [
       -83.042184,
       42.304784
      ],
      [
       -83.1225,
       42.06472
      ],
      [
       -82.9175,
       41.98528
      ],
      [
       -82.62778,
       42.03528
      ],
      [
       -82.50167,
       41.91389
      ],
      [
       -82.41639,
       42.10528
      ],
      [
       -81.8575,
       42.32083
      ],
      [
       -81.85639,
       42.25639
      ],
      [
       -81.65583,
       42.47833
      ],
      [
       -81.65472,
       42.47806
      ],
      [
       -81.44583,
       42.61
      ],
      [
       -81.13972,
       42.67306
      ],
      [
       -80.10056,
       42.54306
      ],
      [
       -80.44944,
       42.62333
      ],
      [
       -80.19667,
       42.79194
      ],
      [
       -79.45472,
       42.8775
      ],
      [
       -79.0925,
       42.84194
      ],
      [
       -78.91528,
       42.92417
      ],
      [
       -79.07861,
       43.09222
      ]
     ]
    ],
    "type": "Polygon"
   },
   "id": "lake-void-lake-erie-plate-10105-1578",
   "properties": {
    "coordinateFrame": "WGS84-reference-coordinates",
    "correctionFeatureId": "lake-void-lake-erie-plate-10105-1578",
    "emittedAreaSquareKilometres": 26866.186,
    "geometryReferenceAgeMa": 0,
    "lake": "Lake Erie",
    "lakeAreaSquareKilometres": 25695.588,
    "lifecycleNativeCoastChartIds": [
     "cao-coast:GPlates-19577efb-23c9-4ef7-91b8-6127f0d1ad98:390:0"
    ],
    "naturalEarthIndex": 9,
    "onset": {
     "ageMa": 0.0155,
     "evidence": "observed/proxy-constrained",
     "sourceIds": [
      "larson-great-lakes-2001"
     ],
     "uncertaintyMa": 0.001
    },
    "plateId": 10105,
    "sourceClass": "cao-void-inside-continental-outline",
    "staticFeatureId": "GPlates-19577efb-23c9-4ef7-91b8-6127f0d1ad98",
    "staticSourceOrder": 1578,
    "surfaceClass": "land",
    "touchingNativeCoastChartIds": [
     "cao-coast:GPlates-19577efb-23c9-4ef7-91b8-6127f0d1ad98:390:0"
    ],
    "validTimeMa": {
     "oldest": 1500.0,
     "youngest": 0.0155,
     "youngestExclusive": true
    },
    "voidAreaSquareKilometres": 24939.155
   },
   "type": "Feature"
  },
  {
   "geometry": {
    "coordinates": [
     [
      [
       [
        -85.375648,
        44.937912
       ],
       [
        -85.448378,
        45.404514
       ],
       [
        -85.497182,
        45.534487
       ],
       [
        -85.507691,
        45.54611
       ],
       [
        -85.582247,
        45.628568
       ],
       [
        -86.161037,
        45.946691
       ],
       [
        -85.67361,
        45.97417
       ],
       [
        -85.52889,
        46.10139
       ],
       [
        -85.015,
        46.02111
       ],
       [
        -84.7525,
        45.85083
       ],
       [
        -84.64333,
        46.05611
       ],
       [
        -84.52806,
        45.98083
       ],
       [
        -84.018453,
        45.971763
       ],
       [
        -83.995247,
        45.82539
       ],
       [
        -84.020711,
        45.666041
       ],
       [
        -84.138284,
        45.531169
       ],
       [
        -84.32083,
        45.67167
       ],
       [
        -84.47528,
        45.66444
       ],
       [
        -84.7625,
        45.80389
       ],
       [
        -84.99028,
        45.77333
       ],
       [
        -84.94194,
        45.72472
       ],
       [
        -85.10583,
        45.52833
       ],
       [
        -84.91222,
        45.41139
       ],
       [
        -85.38583,
        45.26778
       ],
       [
        -85.393297,
        45.05114
       ],
       [
        -85.375648,
        44.937912
       ],
       [
        -85.418618,
        44.579372
       ],
       [
        -85.450327,
        44.04329
       ],
       [
        -85.418618,
        44.579372
       ],
       [
        -85.375648,
        44.937912
       ]
      ]
     ],
     [
      [
       [
        -84.17861,
        46.25667
       ],
       [
        -84.32306,
        46.49806
       ],
       [
        -84.56194,
        46.41972
       ],
       [
        -84.65389,
        46.49444
       ],
       [
        -85.02444,
        46.49167
       ],
       [
        -84.95639,
        46.78528
       ],
       [
        -85.50083,
        46.68361
       ],
       [
        -86.145,
        46.68556
       ],
       [
        -86.64722,
        46.43083
       ],
       [
        -86.693784,
        46.445868
       ],
       [
        -86.626878,
        46.631846
       ],
       [
        -86.54159,
        46.810894
       ],
       [
        -86.528196,
        46.83305
       ],
       [
        -86.50437,
        46.884877
       ],
       [
        -86.409463,
        47.048531
       ],
       [
        -86.358391,
        47.127714
       ],
       [
        -86.252556,
        47.276434
       ],
       [
        -86.133603,
        47.414886
       ],
       [
        -86.002523,
        47.541915
       ],
       [
        -85.860407,
        47.656465
       ],
       [
        -85.708439,
        47.757581
       ],
       [
        -85.707683,
        47.758036
       ],
       [
        -85.666672,
        47.716702
       ],
       [
        -85.067799,
        47.421521
       ],
       [
        -84.725269,
        47.220742
       ],
       [
        -84.686806,
        47.127085
       ],
       [
        -84.678612,
        47.107132
       ],
       [
        -84.653992,
        47.047182
       ],
       [
        -84.646528,
        47.029009
       ],
       [
        -84.639568,
        47.012061
       ],
       [
        -84.619568,
        46.963359
       ],
       [
        -84.615249,
        46.952844
       ],
       [
        -84.578919,
        46.86438
       ],
       [
        -84.487428,
        46.806612
       ],
       [
        -84.454447,
        46.785787
       ],
       [
        -84.199003,
        46.57972
       ],
       [
        -84.188652,
        46.557242
       ],
       [
        -84.07065,
        46.301001
       ],
       [
        -84.046297,
        46.147397
       ],
       [
        -84.26194,
        46.20806
       ],
       [
        -84.17861,
        46.25667
       ]
      ]
     ]
    ],
    "type": "MultiPolygon"
   },
   "id": "lake-void-lake-huron-plate-101-1756",
   "properties": {
    "coordinateFrame": "WGS84-reference-coordinates",
    "correctionFeatureId": "lake-void-lake-huron-plate-101-1756",
    "emittedAreaSquareKilometres": 20999.41,
    "geometryReferenceAgeMa": 0,
    "lake": "Lake Huron",
    "lakeAreaSquareKilometres": 59804.058,
    "lifecycleNativeCoastChartIds": [
     "cao-coast:GPlates-57229062-955f-47b5-9f50-d0fd15818b43:440:0",
     "cao-coast:GPlates-ca40378a-df29-4898-b48f-5a4435ead955:428:5",
     "cao-coast:GPlates-ca40378a-df29-4898-b48f-5a4435ead955:428:6"
    ],
    "naturalEarthIndex": 467,
    "onset": {
     "ageMa": 0.013,
     "evidence": "observed/proxy-constrained",
     "sourceIds": [
      "larson-great-lakes-2001"
     ],
     "uncertaintyMa": 0.001
    },
    "plateId": 101,
    "sourceClass": "cao-void-inside-continental-outline",
    "staticFeatureId": "GPlates-ca40378a-df29-4898-b48f-5a4435ead955",
    "staticSourceOrder": 1756,
    "surfaceClass": "land",
    "touchingNativeCoastChartIds": [
     "cao-coast:GPlates-57229062-955f-47b5-9f50-d0fd15818b43:440:0",
     "cao-coast:GPlates-835b4cef-c4f9-4ccb-a376-21b52e58ab8d:421:0",
     "cao-coast:GPlates-835b4cef-c4f9-4ccb-a376-21b52e58ab8d:421:6",
     "cao-coast:GPlates-ca40378a-df29-4898-b48f-5a4435ead955:428:5",
     "cao-coast:GPlates-ca40378a-df29-4898-b48f-5a4435ead955:428:6"
    ],
    "validTimeMa": {
     "oldest": 1800.0,
     "youngest": 0.013,
     "youngestExclusive": true
    },
    "voidAreaSquareKilometres": 58592.76
   },
   "type": "Feature"
  },
  {
   "geometry": {
    "coordinates": [
     [
      [
       [
        -80.390048,
        45.561106
       ],
       [
        -80.404039,
        45.54039
       ],
       [
        -80.501268,
        45.569462
       ],
       [
        -80.501281,
        45.56948
       ],
       [
        -80.40028,
        45.60667
       ],
       [
        -80.390048,
        45.561106
       ]
      ]
     ],
     [
      [
       [
        -81.737182,
        46.021659
       ],
       [
        -81.749095,
        46.022519
       ],
       [
        -81.62139,
        46.12306
       ],
       [
        -81.54333,
        46.06
       ],
       [
        -81.678288,
        46.020868
       ],
       [
        -81.737182,
        46.021659
       ]
      ]
     ],
     [
      [
       [
        -84.04972,
        46.32611
       ],
       [
        -83.04806,
        46.17694
       ],
       [
        -82.32222,
        46.19028
       ],
       [
        -82.135,
        46.11694
       ],
       [
        -81.71444,
        46.10417
       ],
       [
        -81.756009,
        46.023018
       ],
       [
        -83.318559,
        46.135846
       ],
       [
        -84.07065,
        46.301001
       ],
       [
        -84.188652,
        46.557242
       ],
       [
        -84.185316,
        46.549997
       ],
       [
        -84.17306,
        46.5525
       ],
       [
        -84.075,
        46.50361
       ],
       [
        -84.04972,
        46.32611
       ]
      ]
     ],
     [
      [
       [
        -84.487428,
        46.806612
       ],
       [
        -84.578919,
        46.86438
       ],
       [
        -84.615249,
        46.952844
       ],
       [
        -84.612265,
        46.945577
       ],
       [
        -84.35111,
        46.88278
       ],
       [
        -84.525432,
        46.830608
       ],
       [
        -84.487428,
        46.806612
       ]
      ]
     ],
     [
      [
       [
        -84.84861,
        47.95278
       ],
       [
        -85.02778,
        47.61139
       ],
       [
        -84.57889,
        47.28889
       ],
       [
        -84.686806,
        47.127085
       ],
       [
        -84.725269,
        47.220742
       ],
       [
        -85.067799,
        47.421521
       ],
       [
        -85.666672,
        47.716702
       ],
       [
        -85.707683,
        47.758036
       ],
       [
        -85.687392,
        47.770239
       ],
       [
        -85.567728,
        47.834585
       ],
       [
        -85.528203,
        47.872084
       ],
       [
        -85.454342,
        47.929521
       ],
       [
        -84.84861,
        47.95278
       ]
      ]
     ]
    ],
    "type": "MultiPolygon"
   },
   "id": "lake-void-lake-huron-plate-101-1842",
   "properties": {
    "coordinateFrame": "WGS84-reference-coordinates",
    "correctionFeatureId": "lake-void-lake-huron-plate-101-1842",
    "emittedAreaSquareKilometres": 4614.802,
    "geometryReferenceAgeMa": 0,
    "lake": "Lake Huron",
    "lakeAreaSquareKilometres": 59804.058,
    "lifecycleNativeCoastChartIds": [
     "cao-coast:GPlates-57229062-955f-47b5-9f50-d0fd15818b43:440:0"
    ],
    "naturalEarthIndex": 467,
    "onset": {
     "ageMa": 0.013,
     "evidence": "observed/proxy-constrained",
     "sourceIds": [
      "larson-great-lakes-2001"
     ],
     "uncertaintyMa": 0.001
    },
    "plateId": 101,
    "sourceClass": "cao-void-inside-continental-outline",
    "staticFeatureId": "GPlates-57229062-955f-47b5-9f50-d0fd15818b43",
    "staticSourceOrder": 1842,
    "surfaceClass": "land",
    "touchingNativeCoastChartIds": [
     "cao-coast:GPlates-19577efb-23c9-4ef7-91b8-6127f0d1ad98:390:0",
     "cao-coast:GPlates-19577efb-23c9-4ef7-91b8-6127f0d1ad98:390:1",
     "cao-coast:GPlates-19577efb-23c9-4ef7-91b8-6127f0d1ad98:390:2",
     "cao-coast:GPlates-57229062-955f-47b5-9f50-d0fd15818b43:440:0",
     "cao-coast:GPlates-835b4cef-c4f9-4ccb-a376-21b52e58ab8d:421:1",
     "cao-coast:GPlates-835b4cef-c4f9-4ccb-a376-21b52e58ab8d:421:2",
     "cao-coast:GPlates-835b4cef-c4f9-4ccb-a376-21b52e58ab8d:421:3",
     "cao-coast:GPlates-835b4cef-c4f9-4ccb-a376-21b52e58ab8d:421:4",
     "cao-coast:GPlates-835b4cef-c4f9-4ccb-a376-21b52e58ab8d:421:5"
    ],
    "validTimeMa": {
     "oldest": 1800.0,
     "youngest": 0.013,
     "youngestExclusive": true
    },
    "voidAreaSquareKilometres": 58592.76
   },
   "type": "Feature"
  },
  {
   "geometry": {
    "coordinates": [
     [
      [
       -84.018453,
       45.971763
      ],
      [
       -83.90361,
       45.96972
      ],
      [
       -84.02889,
       46.1425
      ],
      [
       -84.046297,
       46.147397
      ],
      [
       -84.07065,
       46.301001
      ],
      [
       -83.318559,
       46.135846
      ],
      [
       -81.756009,
       46.023018
      ],
      [
       -81.76111,
       46.01306
      ],
      [
       -81.749095,
       46.022519
      ],
      [
       -81.737182,
       46.021659
      ],
      [
       -81.678288,
       46.020868
      ],
      [
       -81.70139,
       46.01417
      ],
      [
       -81.655482,
       46.020562
      ],
      [
       -81.543379,
       46.019058
      ],
      [
       -81.67028,
       45.94639
      ],
      [
       -81.496004,
       46.018422
      ],
      [
       -81.481964,
       46.018233
      ],
      [
       -81.25056,
       45.9575
      ],
      [
       -81.1806,
       46.003264
      ],
      [
       -81.160428,
       46.001658
      ],
      [
       -81.15528,
       45.92583
      ],
      [
       -81.078428,
       45.931346
      ],
      [
       -81.538019,
       45.534824
      ],
      [
       -81.681544,
       45.297982
      ],
      [
       -81.78755,
       45.072487
      ],
      [
       -81.665567,
       44.679432
      ],
      [
       -81.86733,
       44.341654
      ],
      [
       -82.235684,
       43.790107
      ],
      [
       -82.557824,
       43.529287
      ],
      [
       -82.63028,
       43.79056
      ],
      [
       -82.79278,
       44.02056
      ],
      [
       -82.9525,
       44.06694
      ],
      [
       -83.39694,
       43.92139
      ],
      [
       -83.33861,
       43.89444
      ],
      [
       -83.47306,
       43.71639
      ],
      [
       -83.67194,
       43.60167
      ],
      [
       -83.94639,
       43.73
      ],
      [
       -83.85361,
       43.99167
      ],
      [
       -83.59444,
       44.05611
      ],
      [
       -83.53861,
       44.25528
      ],
      [
       -83.33333,
       44.33556
      ],
      [
       -83.30389,
       44.82417
      ],
      [
       -83.46056,
       45.00611
      ],
      [
       -83.41222,
       45.07444
      ],
      [
       -83.26722,
       45.0375
      ],
      [
       -83.38889,
       45.28111
      ],
      [
       -84.10861,
       45.50833
      ],
      [
       -84.138284,
       45.531169
      ],
      [
       -84.020711,
       45.666041
      ],
      [
       -83.995247,
       45.82539
      ],
      [
       -84.018453,
       45.971763
      ]
     ]
    ],
    "type": "Polygon"
   },
   "id": "lake-void-lake-huron-plate-10104-1748",
   "properties": {
    "coordinateFrame": "WGS84-reference-coordinates",
    "correctionFeatureId": "lake-void-lake-huron-plate-10104-1748",
    "emittedAreaSquareKilometres": 38959.408,
    "geometryReferenceAgeMa": 0,
    "lake": "Lake Huron",
    "lakeAreaSquareKilometres": 59804.058,
    "lifecycleNativeCoastChartIds": [
     "cao-coast:GPlates-835b4cef-c4f9-4ccb-a376-21b52e58ab8d:421:0",
     "cao-coast:GPlates-835b4cef-c4f9-4ccb-a376-21b52e58ab8d:421:1",
     "cao-coast:GPlates-835b4cef-c4f9-4ccb-a376-21b52e58ab8d:421:2",
     "cao-coast:GPlates-835b4cef-c4f9-4ccb-a376-21b52e58ab8d:421:3",
     "cao-coast:GPlates-835b4cef-c4f9-4ccb-a376-21b52e58ab8d:421:4",
     "cao-coast:GPlates-835b4cef-c4f9-4ccb-a376-21b52e58ab8d:421:5",
     "cao-coast:GPlates-835b4cef-c4f9-4ccb-a376-21b52e58ab8d:421:6"
    ],
    "naturalEarthIndex": 467,
    "onset": {
     "ageMa": 0.013,
     "evidence": "observed/proxy-constrained",
     "sourceIds": [
      "larson-great-lakes-2001"
     ],
     "uncertaintyMa": 0.001
    },
    "plateId": 10104,
    "sourceClass": "cao-void-inside-continental-outline",
    "staticFeatureId": "GPlates-835b4cef-c4f9-4ccb-a376-21b52e58ab8d",
    "staticSourceOrder": 1748,
    "surfaceClass": "land",
    "touchingNativeCoastChartIds": [
     "cao-coast:GPlates-19577efb-23c9-4ef7-91b8-6127f0d1ad98:390:0",
     "cao-coast:GPlates-19577efb-23c9-4ef7-91b8-6127f0d1ad98:390:1",
     "cao-coast:GPlates-57229062-955f-47b5-9f50-d0fd15818b43:440:0",
     "cao-coast:GPlates-835b4cef-c4f9-4ccb-a376-21b52e58ab8d:421:0",
     "cao-coast:GPlates-835b4cef-c4f9-4ccb-a376-21b52e58ab8d:421:1",
     "cao-coast:GPlates-835b4cef-c4f9-4ccb-a376-21b52e58ab8d:421:2",
     "cao-coast:GPlates-835b4cef-c4f9-4ccb-a376-21b52e58ab8d:421:3",
     "cao-coast:GPlates-835b4cef-c4f9-4ccb-a376-21b52e58ab8d:421:4",
     "cao-coast:GPlates-835b4cef-c4f9-4ccb-a376-21b52e58ab8d:421:5",
     "cao-coast:GPlates-835b4cef-c4f9-4ccb-a376-21b52e58ab8d:421:6",
     "cao-coast:GPlates-ca40378a-df29-4898-b48f-5a4435ead955:428:5",
     "cao-coast:GPlates-ca40378a-df29-4898-b48f-5a4435ead955:428:6"
    ],
    "validTimeMa": {
     "oldest": 1670.0,
     "youngest": 0.013,
     "youngestExclusive": true
    },
    "voidAreaSquareKilometres": 58592.76
   },
   "type": "Feature"
  },
  {
   "geometry": {
    "coordinates": [
     [
      [
       -80.92717,
       45.942201
      ],
      [
       -80.799436,
       45.936936
      ],
      [
       -80.794639,
       45.935476
      ],
      [
       -80.50139,
       45.56944
      ],
      [
       -80.501281,
       45.56948
      ],
      [
       -80.501268,
       45.569462
      ],
      [
       -80.404039,
       45.54039
      ],
      [
       -80.390048,
       45.561106
      ],
      [
       -80.35,
       45.38278
      ],
      [
       -80.33583,
       45.43556
      ],
      [
       -80.23333,
       45.34111
      ],
      [
       -80.05944,
       45.38278
      ],
      [
       -80.12944,
       45.2375
      ],
      [
       -79.98861,
       45.14833
      ],
      [
       -80.07611,
       45.09444
      ],
      [
       -79.82861,
       44.93611
      ],
      [
       -79.78361,
       44.8175
      ],
      [
       -79.68306,
       44.87917
      ],
      [
       -79.65972,
       44.75167
      ],
      [
       -79.8775,
       44.76833
      ],
      [
       -79.94583,
       44.86556
      ],
      [
       -80.10389,
       44.82
      ],
      [
       -79.9875,
       44.68278
      ],
      [
       -80.08972,
       44.46806
      ],
      [
       -80.58444,
       44.61222
      ],
      [
       -80.65,
       44.72611
      ],
      [
       -80.93417,
       44.59333
      ],
      [
       -80.89278,
       44.79111
      ],
      [
       -81.13278,
       44.75806
      ],
      [
       -80.94861,
       44.96361
      ],
      [
       -81.15028,
       44.91139
      ],
      [
       -81.11028,
       44.96028
      ],
      [
       -81.25361,
       45.00167
      ],
      [
       -81.32556,
       45.1575
      ],
      [
       -81.28361,
       45.24917
      ],
      [
       -81.69528,
       45.26472
      ],
      [
       -81.34972,
       44.97306
      ],
      [
       -81.26583,
       44.62333
      ],
      [
       -81.745,
       44.08389
      ],
      [
       -81.74556,
       43.34583
      ],
      [
       -82.17556,
       43.07167
      ],
      [
       -82.41528,
       43.01528
      ],
      [
       -82.557824,
       43.529287
      ],
      [
       -82.235684,
       43.790107
      ],
      [
       -81.86733,
       44.341654
      ],
      [
       -81.665567,
       44.679432
      ],
      [
       -81.78755,
       45.072487
      ],
      [
       -81.681544,
       45.297982
      ],
      [
       -81.538019,
       45.534824
      ],
      [
       -81.078428,
       45.931346
      ],
      [
       -80.92717,
       45.942201
      ]
     ]
    ],
    "type": "Polygon"
   },
   "id": "lake-void-lake-huron-plate-10105-1578",
   "properties": {
    "coordinateFrame": "WGS84-reference-coordinates",
    "correctionFeatureId": "lake-void-lake-huron-plate-10105-1578",
    "emittedAreaSquareKilometres": 21105.923,
    "geometryReferenceAgeMa": 0,
    "lake": "Lake Huron",
    "lakeAreaSquareKilometres": 59804.058,
    "lifecycleNativeCoastChartIds": [
     "cao-coast:GPlates-19577efb-23c9-4ef7-91b8-6127f0d1ad98:390:0",
     "cao-coast:GPlates-19577efb-23c9-4ef7-91b8-6127f0d1ad98:390:1",
     "cao-coast:GPlates-19577efb-23c9-4ef7-91b8-6127f0d1ad98:390:2"
    ],
    "naturalEarthIndex": 467,
    "onset": {
     "ageMa": 0.013,
     "evidence": "observed/proxy-constrained",
     "sourceIds": [
      "larson-great-lakes-2001"
     ],
     "uncertaintyMa": 0.001
    },
    "plateId": 10105,
    "sourceClass": "cao-void-inside-continental-outline",
    "staticFeatureId": "GPlates-19577efb-23c9-4ef7-91b8-6127f0d1ad98",
    "staticSourceOrder": 1578,
    "surfaceClass": "land",
    "touchingNativeCoastChartIds": [
     "cao-coast:GPlates-19577efb-23c9-4ef7-91b8-6127f0d1ad98:390:0",
     "cao-coast:GPlates-19577efb-23c9-4ef7-91b8-6127f0d1ad98:390:1",
     "cao-coast:GPlates-19577efb-23c9-4ef7-91b8-6127f0d1ad98:390:2",
     "cao-coast:GPlates-57229062-955f-47b5-9f50-d0fd15818b43:440:0",
     "cao-coast:GPlates-835b4cef-c4f9-4ccb-a376-21b52e58ab8d:421:5",
     "cao-coast:GPlates-835b4cef-c4f9-4ccb-a376-21b52e58ab8d:421:6"
    ],
    "validTimeMa": {
     "oldest": 1500.0,
     "youngest": 0.013,
     "youngestExclusive": true
    },
    "voidAreaSquareKilometres": 58592.76
   },
   "type": "Feature"
  },
  {
   "geometry": {
    "coordinates": [
     [
      [
       31.645556,
       61.393889
      ],
      [
       31.596944,
       61.481111
      ],
      [
       32.510833,
       61.127222
      ],
      [
       32.64471,
       60.983813
      ],
      [
       32.117902,
       61.164447
      ],
      [
       31.389945,
       61.461696
      ],
      [
       31.129899,
       61.610009
      ],
      [
       31.371944,
       61.624444
      ],
      [
       31.645556,
       61.393889
      ]
     ]
    ],
    "type": "Polygon"
   },
   "id": "lake-void-lake-ladoga-plate-30202-2395",
   "properties": {
    "coordinateFrame": "WGS84-reference-coordinates",
    "correctionFeatureId": "lake-void-lake-ladoga-plate-30202-2395",
    "emittedAreaSquareKilometres": 871.918,
    "geometryReferenceAgeMa": 0,
    "lake": "Lake Ladoga",
    "lakeAreaSquareKilometres": 17564.118,
    "lifecycleNativeCoastChartIds": [
     "cao-coast:GPlates-91e3d291-ec42-4957-b1d9-3985f1cacf86:1935:0"
    ],
    "naturalEarthIndex": 472,
    "onset": {
     "ageMa": 0.0139,
     "evidence": "observed/proxy-constrained",
     "sourceIds": [
      "gromig-ladoga-2019"
     ],
     "uncertaintyMa": 0.0002
    },
    "plateId": 30202,
    "sourceClass": "cao-void-inside-continental-outline",
    "staticFeatureId": "GPlates-f2cd6469-9ae4-4303-87a3-4a0ee9d04a51",
    "staticSourceOrder": 2395,
    "surfaceClass": "land",
    "touchingNativeCoastChartIds": [
     "cao-coast:GPlates-91e3d291-ec42-4957-b1d9-3985f1cacf86:1935:0",
     "cao-coast:GPlates-b7b97dbb-0a3b-4001-a6a8-200b5347dabc:1934:0",
     "cao-coast:GPlates-b7b97dbb-0a3b-4001-a6a8-200b5347dabc:58:4",
     "cao-coast:GPlates-b7b97dbb-0a3b-4001-a6a8-200b5347dabc:58:9"
    ],
    "validTimeMa": {
     "oldest": 1800.0,
     "youngest": 0.0139,
     "youngestExclusive": true
    },
    "voidAreaSquareKilometres": 17241.669
   },
   "type": "Feature"
  },
  {
   "geometry": {
    "coordinates": [
     [
      [
       30.916172,
       61.731906
      ],
      [
       31.026967,
       61.668716
      ],
      [
       31.111111,
       61.608889
      ],
      [
       31.129899,
       61.610009
      ],
      [
       31.389945,
       61.461696
      ],
      [
       32.117902,
       61.164447
      ],
      [
       32.64471,
       60.983813
      ],
      [
       32.955556,
       60.650833
      ],
      [
       32.785556,
       60.456389
      ],
      [
       32.585278,
       60.523056
      ],
      [
       32.685833,
       60.404167
      ],
      [
       32.550556,
       60.181944
      ],
      [
       32.265,
       60.129444
      ],
      [
       32.165,
       60.211389
      ],
      [
       31.731389,
       60.257222
      ],
      [
       31.571111,
       60.148611
      ],
      [
       31.566944,
       59.947222
      ],
      [
       31.410556,
       59.899167
      ],
      [
       31.045556,
       59.939444
      ],
      [
       31.118889,
       60.126389
      ],
      [
       30.705278,
       60.577222
      ],
      [
       30.521944,
       60.634722
      ],
      [
       30.520278,
       60.833889
      ],
      [
       29.796111,
       61.216111
      ],
      [
       30.022222,
       61.147778
      ],
      [
       29.837222,
       61.257222
      ],
      [
       29.907222,
       61.303889
      ],
      [
       30.067778,
       61.225278
      ],
      [
       30.092778,
       61.307222
      ],
      [
       30.261111,
       61.307778
      ],
      [
       30.143333,
       61.359722
      ],
      [
       30.353333,
       61.445278
      ],
      [
       30.226389,
       61.519722
      ],
      [
       30.481111,
       61.482778
      ],
      [
       30.758056,
       61.742778
      ],
      [
       30.916172,
       61.731906
      ]
     ]
    ],
    "type": "Polygon"
   },
   "id": "lake-void-lake-ladoga-plate-30202-2396",
   "properties": {
    "coordinateFrame": "WGS84-reference-coordinates",
    "correctionFeatureId": "lake-void-lake-ladoga-plate-30202-2396",
    "emittedAreaSquareKilometres": 17092.839,
    "geometryReferenceAgeMa": 0,
    "lake": "Lake Ladoga",
    "lakeAreaSquareKilometres": 17564.118,
    "lifecycleNativeCoastChartIds": [
     "cao-coast:GPlates-91e3d291-ec42-4957-b1d9-3985f1cacf86:1935:0"
    ],
    "naturalEarthIndex": 472,
    "onset": {
     "ageMa": 0.0139,
     "evidence": "observed/proxy-constrained",
     "sourceIds": [
      "gromig-ladoga-2019"
     ],
     "uncertaintyMa": 0.0002
    },
    "plateId": 30202,
    "sourceClass": "cao-void-inside-continental-outline",
    "staticFeatureId": "GPlates-6962521f-6a09-418e-86fb-7383f84a0001",
    "staticSourceOrder": 2396,
    "surfaceClass": "land",
    "touchingNativeCoastChartIds": [
     "cao-coast:GPlates-91e3d291-ec42-4957-b1d9-3985f1cacf86:1935:0",
     "cao-coast:GPlates-b7b97dbb-0a3b-4001-a6a8-200b5347dabc:1934:0",
     "cao-coast:GPlates-b7b97dbb-0a3b-4001-a6a8-200b5347dabc:58:4",
     "cao-coast:GPlates-b7b97dbb-0a3b-4001-a6a8-200b5347dabc:58:9"
    ],
    "validTimeMa": {
     "oldest": 1800.0,
     "youngest": 0.0139,
     "youngestExclusive": true
    },
    "voidAreaSquareKilometres": 17241.669
   },
   "type": "Feature"
  },
  {
   "geometry": {
    "coordinates": [
     [
      [
       34.183025,
       -12.531648
      ],
      [
       34.17028,
       -12.39917
      ],
      [
       33.99611,
       -12.2525
      ],
      [
       34.04889,
       -12.06
      ],
      [
       34.32722,
       -11.64778
      ],
      [
       34.21278,
       -11.19833
      ],
      [
       34.25194,
       -10.96222
      ],
      [
       34.251779,
       -10.961448
      ],
      [
       34.326023,
       -11.092984
      ],
      [
       34.494619,
       -11.605451
      ],
      [
       34.616821,
       -12.034099
      ],
      [
       34.635001,
       -12.343185
      ],
      [
       34.34955,
       -12.477924
      ],
      [
       34.183025,
       -12.531648
      ]
     ]
    ],
    "type": "Polygon"
   },
   "id": "lake-void-lake-malawi-plate-701-1667",
   "properties": {
    "coordinateFrame": "WGS84-reference-coordinates",
    "correctionFeatureId": "lake-void-lake-malawi-plate-701-1667",
    "emittedAreaSquareKilometres": 5644.791,
    "geometryReferenceAgeMa": 0,
    "lake": "Lake Malawi",
    "lakeAreaSquareKilometres": 28951.787,
    "lifecycleNativeCoastChartIds": [
     "cao-coast:GPlates-4beaa010-d61a-4c73-bf69-e5b32a051f75:310:0",
     "cao-coast:GPlates-b5e18636-9d57-46b2-a8d8-617ab89dfdb2:359:0"
    ],
    "naturalEarthIndex": 476,
    "onset": {
     "ageMa": 8.6,
     "evidence": "observed/proxy-constrained",
     "sourceIds": [
      "ebinger-malawi-rift-1993"
     ],
     "uncertaintyMa": 0.5
    },
    "plateId": 701,
    "sourceClass": "cao-void-inside-continental-outline",
    "staticFeatureId": "GPlates-4beaa010-d61a-4c73-bf69-e5b32a051f75",
    "staticSourceOrder": 1667,
    "surfaceClass": "land",
    "touchingNativeCoastChartIds": [
     "cao-coast:GPlates-2123e061-d650-4770-b00c-b9a0f6eeafdb:278:0",
     "cao-coast:GPlates-4beaa010-d61a-4c73-bf69-e5b32a051f75:310:0",
     "cao-coast:GPlates-b5e18636-9d57-46b2-a8d8-617ab89dfdb2:359:0"
    ],
    "validTimeMa": {
     "oldest": 1800.0,
     "youngest": 8.6,
     "youngestExclusive": true
    },
    "voidAreaSquareKilometres": 28124.934
   },
   "type": "Feature"
  },
  {
   "geometry": {
    "coordinates": [
     [
      [
       34.17111,
       -10.57444
      ],
      [
       34.2675,
       -10.41278
      ],
      [
       34.01528,
       -10.13583
      ],
      [
       33.92222,
       -9.703056
      ],
      [
       33.92833,
       -9.699722
      ],
      [
       33.95722,
       -9.526667
      ],
      [
       33.969088,
       -9.520905
      ],
      [
       34.404732,
       -10.276779
      ],
      [
       34.616821,
       -12.034099
      ],
      [
       34.494619,
       -11.605451
      ],
      [
       34.326023,
       -11.092984
      ],
      [
       34.251779,
       -10.961448
      ],
      [
       34.17111,
       -10.57444
      ]
     ]
    ],
    "type": "Polygon"
   },
   "id": "lake-void-lake-malawi-plate-701-1798",
   "properties": {
    "coordinateFrame": "WGS84-reference-coordinates",
    "correctionFeatureId": "lake-void-lake-malawi-plate-701-1798",
    "emittedAreaSquareKilometres": 5097.326,
    "geometryReferenceAgeMa": 0,
    "lake": "Lake Malawi",
    "lakeAreaSquareKilometres": 28951.787,
    "lifecycleNativeCoastChartIds": [
     "cao-coast:GPlates-4beaa010-d61a-4c73-bf69-e5b32a051f75:310:0",
     "cao-coast:GPlates-b5e18636-9d57-46b2-a8d8-617ab89dfdb2:359:0"
    ],
    "naturalEarthIndex": 476,
    "onset": {
     "ageMa": 8.6,
     "evidence": "observed/proxy-constrained",
     "sourceIds": [
      "ebinger-malawi-rift-1993"
     ],
     "uncertaintyMa": 0.5
    },
    "plateId": 701,
    "sourceClass": "cao-void-inside-continental-outline",
    "staticFeatureId": "GPlates-b5e18636-9d57-46b2-a8d8-617ab89dfdb2",
    "staticSourceOrder": 1798,
    "surfaceClass": "land",
    "touchingNativeCoastChartIds": [
     "cao-coast:GPlates-4beaa010-d61a-4c73-bf69-e5b32a051f75:310:0",
     "cao-coast:GPlates-b5e18636-9d57-46b2-a8d8-617ab89dfdb2:359:0",
     "cao-coast:GPlates-e38e064a-6c0a-4f30-b63a-a1deee3866f4:309:0"
    ],
    "validTimeMa": {
     "oldest": 1800.0,
     "youngest": 8.6,
     "youngestExclusive": true
    },
    "voidAreaSquareKilometres": 28124.934
   },
   "type": "Feature"
  },
  {
   "geometry": {
    "coordinates": [
     [
      [
       33.969088,
       -9.520905
      ],
      [
       34.04361,
       -9.484722
      ],
      [
       34.50472,
       -9.975
      ],
      [
       34.585,
       -10.56167
      ],
      [
       34.67611,
       -10.74306
      ],
      [
       34.61361,
       -11.105
      ],
      [
       34.76361,
       -11.345
      ],
      [
       34.86389,
       -11.35694
      ],
      [
       34.95972,
       -11.48667
      ],
      [
       34.95778,
       -11.8
      ],
      [
       34.88306,
       -12.03278
      ],
      [
       34.69528,
       -12.18556
      ],
      [
       34.692516,
       -12.319141
      ],
      [
       34.635149,
       -12.3457
      ],
      [
       34.635001,
       -12.343185
      ],
      [
       34.616821,
       -12.034099
      ],
      [
       34.404732,
       -10.276779
      ],
      [
       33.969088,
       -9.520905
      ]
     ]
    ],
    "type": "Polygon"
   },
   "id": "lake-void-lake-malawi-plate-713-1666",
   "properties": {
    "coordinateFrame": "WGS84-reference-coordinates",
    "correctionFeatureId": "lake-void-lake-malawi-plate-713-1666",
    "emittedAreaSquareKilometres": 7365.381,
    "geometryReferenceAgeMa": 0,
    "lake": "Lake Malawi",
    "lakeAreaSquareKilometres": 28951.787,
    "lifecycleNativeCoastChartIds": [
     "cao-coast:GPlates-e38e064a-6c0a-4f30-b63a-a1deee3866f4:309:0",
     "cao-coast:GPlates-e38e064a-6c0a-4f30-b63a-a1deee3866f4:350:0"
    ],
    "naturalEarthIndex": 476,
    "onset": {
     "ageMa": 8.6,
     "evidence": "observed/proxy-constrained",
     "sourceIds": [
      "ebinger-malawi-rift-1993"
     ],
     "uncertaintyMa": 0.5
    },
    "plateId": 713,
    "sourceClass": "cao-void-inside-continental-outline",
    "staticFeatureId": "GPlates-e38e064a-6c0a-4f30-b63a-a1deee3866f4",
    "staticSourceOrder": 1666,
    "surfaceClass": "land",
    "touchingNativeCoastChartIds": [
     "cao-coast:GPlates-b5e18636-9d57-46b2-a8d8-617ab89dfdb2:359:0",
     "cao-coast:GPlates-e38e064a-6c0a-4f30-b63a-a1deee3866f4:309:0",
     "cao-coast:GPlates-e38e064a-6c0a-4f30-b63a-a1deee3866f4:350:0"
    ],
    "validTimeMa": {
     "oldest": 550.0,
     "youngest": 8.6,
     "youngestExclusive": true
    },
    "voidAreaSquareKilometres": 28124.934
   },
   "type": "Feature"
  },
  {
   "geometry": {
    "coordinates": [
     [
      [
       34.69028,
       -12.42722
      ],
      [
       34.82333,
       -12.70139
      ],
      [
       34.75083,
       -12.95528
      ],
      [
       34.81444,
       -13.08278
      ],
      [
       34.78778,
       -13.32083
      ],
      [
       34.86861,
       -13.38694
      ],
      [
       34.84528,
       -13.67083
      ],
      [
       35.07194,
       -13.74083
      ],
      [
       35.29,
       -14.34167
      ],
      [
       35.24056,
       -14.40528
      ],
      [
       34.86444,
       -13.99556
      ],
      [
       34.858189,
       -14.019519
      ],
      [
       34.70771,
       -13.57933
      ],
      [
       34.635149,
       -12.3457
      ],
      [
       34.692516,
       -12.319141
      ],
      [
       34.69028,
       -12.42722
      ]
     ]
    ],
    "type": "Polygon"
   },
   "id": "lake-void-lake-malawi-plate-713-1768",
   "properties": {
    "coordinateFrame": "WGS84-reference-coordinates",
    "correctionFeatureId": "lake-void-lake-malawi-plate-713-1768",
    "emittedAreaSquareKilometres": 3926.604,
    "geometryReferenceAgeMa": 0,
    "lake": "Lake Malawi",
    "lakeAreaSquareKilometres": 28951.787,
    "lifecycleNativeCoastChartIds": [
     "cao-coast:GPlates-e38e064a-6c0a-4f30-b63a-a1deee3866f4:309:0",
     "cao-coast:GPlates-e38e064a-6c0a-4f30-b63a-a1deee3866f4:350:0"
    ],
    "naturalEarthIndex": 476,
    "onset": {
     "ageMa": 8.6,
     "evidence": "observed/proxy-constrained",
     "sourceIds": [
      "ebinger-malawi-rift-1993"
     ],
     "uncertaintyMa": 0.5
    },
    "plateId": 713,
    "sourceClass": "cao-void-inside-continental-outline",
    "staticFeatureId": "GPlates-e38e064a-6c0a-4f30-b63a-a1deee3866f4",
    "staticSourceOrder": 1768,
    "surfaceClass": "land",
    "touchingNativeCoastChartIds": [
     "cao-coast:GPlates-2123e061-d650-4770-b00c-b9a0f6eeafdb:278:0",
     "cao-coast:GPlates-e38e064a-6c0a-4f30-b63a-a1deee3866f4:309:0",
     "cao-coast:GPlates-e38e064a-6c0a-4f30-b63a-a1deee3866f4:350:0"
    ],
    "validTimeMa": {
     "oldest": 550.0,
     "youngest": 8.6,
     "youngestExclusive": true
    },
    "voidAreaSquareKilometres": 28124.934
   },
   "type": "Feature"
  },
  {
   "geometry": {
    "coordinates": [
     [
      [
       34.79806,
       -14.25
      ],
      [
       34.70278,
       -14.27778
      ],
      [
       34.56444,
       -14.11056
      ],
      [
       34.5225,
       -13.97278
      ],
      [
       34.63083,
       -13.70667
      ],
      [
       34.32861,
       -13.415
      ],
      [
       34.33556,
       -12.90444
      ],
      [
       34.19556,
       -12.66194
      ],
      [
       34.183025,
       -12.531648
      ],
      [
       34.34955,
       -12.477924
      ],
      [
       34.635001,
       -12.343185
      ],
      [
       34.635149,
       -12.3457
      ],
      [
       34.70771,
       -13.57933
      ],
      [
       34.858189,
       -14.019519
      ],
      [
       34.79806,
       -14.25
      ]
     ]
    ],
    "type": "Polygon"
   },
   "id": "lake-void-lake-malawi-plate-77011-1585",
   "properties": {
    "coordinateFrame": "WGS84-reference-coordinates",
    "correctionFeatureId": "lake-void-lake-malawi-plate-77011-1585",
    "emittedAreaSquareKilometres": 6893.367,
    "geometryReferenceAgeMa": 0,
    "lake": "Lake Malawi",
    "lakeAreaSquareKilometres": 28951.787,
    "lifecycleNativeCoastChartIds": [
     "cao-coast:GPlates-2123e061-d650-4770-b00c-b9a0f6eeafdb:278:0"
    ],
    "naturalEarthIndex": 476,
    "onset": {
     "ageMa": 8.6,
     "evidence": "observed/proxy-constrained",
     "sourceIds": [
      "ebinger-malawi-rift-1993"
     ],
     "uncertaintyMa": 0.5
    },
    "plateId": 77011,
    "sourceClass": "cao-void-inside-continental-outline",
    "staticFeatureId": "GPlates-2123e061-d650-4770-b00c-b9a0f6eeafdb",
    "staticSourceOrder": 1585,
    "surfaceClass": "land",
    "touchingNativeCoastChartIds": [
     "cao-coast:GPlates-2123e061-d650-4770-b00c-b9a0f6eeafdb:278:0",
     "cao-coast:GPlates-4beaa010-d61a-4c73-bf69-e5b32a051f75:310:0",
     "cao-coast:GPlates-e38e064a-6c0a-4f30-b63a-a1deee3866f4:350:0"
    ],
    "validTimeMa": {
     "oldest": 650.0,
     "youngest": 8.6,
     "youngestExclusive": true
    },
    "voidAreaSquareKilometres": 28124.934
   },
   "type": "Feature"
  },
  {
   "geometry": {
    "coordinates": [
     [
      [
       -87.434951,
       44.881211
      ],
      [
       -87.44361,
       44.88917
      ],
      [
       -87.59361,
       44.85111
      ],
      [
       -87.654436,
       44.796877
      ],
      [
       -88.012313,
       44.659368
      ],
      [
       -87.98944,
       44.71694
      ],
      [
       -87.884758,
       44.870575
      ],
      [
       -87.873529,
       44.879942
      ],
      [
       -87.863109,
       44.89592
      ],
      [
       -87.864698,
       44.900016
      ],
      [
       -87.83556,
       44.94278
      ],
      [
       -87.63806,
       44.99722
      ],
      [
       -87.60194,
       45.16306
      ],
      [
       -87.512432,
       45.271803
      ],
      [
       -87.3615,
       45.434074
      ],
      [
       -87.358259,
       45.440559
      ],
      [
       -87.352307,
       45.463008
      ],
      [
       -87.35155,
       45.465298
      ],
      [
       -87.350522,
       45.467479
      ],
      [
       -87.34885,
       45.470538
      ],
      [
       -87.335493,
       45.486765
      ],
      [
       -87.321526,
       45.497897
      ],
      [
       -87.317078,
       45.502267
      ],
      [
       -87.312504,
       45.514695
      ],
      [
       -87.162852,
       45.696506
      ],
      [
       -86.965119,
       45.671793
      ],
      [
       -86.648522,
       45.626998
      ],
      [
       -86.62361,
       45.605
      ],
      [
       -86.607052,
       45.62113
      ],
      [
       -86.150749,
       45.556568
      ],
      [
       -85.877188,
       45.479761
      ],
      [
       -85.878397,
       45.479296
      ],
      [
       -87.214127,
       44.96606
      ],
      [
       -87.202671,
       44.993918
      ],
      [
       -87.201755,
       44.995846
      ],
      [
       -87.200639,
       44.997666
      ],
      [
       -87.199335,
       44.999356
      ],
      [
       -87.156001,
       45.049725
      ],
      [
       -87.148087,
       45.068106
      ],
      [
       -87.147358,
       45.069621
      ],
      [
       -87.146504,
       45.071069
      ],
      [
       -87.145531,
       45.072441
      ],
      [
       -87.138466,
       45.081566
      ],
      [
       -87.137205,
       45.083041
      ],
      [
       -87.135807,
       45.084386
      ],
      [
       -87.134286,
       45.08559
      ],
      [
       -87.132655,
       45.086641
      ],
      [
       -87.130929,
       45.087529
      ],
      [
       -87.129126,
       45.088245
      ],
      [
       -87.11794,
       45.092072
      ],
      [
       -87.115975,
       45.092634
      ],
      [
       -87.113962,
       45.092993
      ],
      [
       -87.111924,
       45.093144
      ],
      [
       -87.10988,
       45.093086
      ],
      [
       -87.107853,
       45.09282
      ],
      [
       -87.105864,
       45.092349
      ],
      [
       -87.104861,
       45.092056
      ],
      [
       -87.104706,
       45.092868
      ],
      [
       -87.104157,
       45.094735
      ],
      [
       -87.103428,
       45.096541
      ],
      [
       -87.101662,
       45.100368
      ],
      [
       -87.100919,
       45.101819
      ],
      [
       -87.10006,
       45.103205
      ],
      [
       -87.093878,
       45.112331
      ],
      [
       -87.092727,
       45.113866
      ],
      [
       -87.091434,
       45.115284
      ],
      [
       -87.090012,
       45.116571
      ],
      [
       -87.088472,
       45.117716
      ],
      [
       -87.088045,
       45.117974
      ],
      [
       -87.099688,
       45.12645
      ],
      [
       -87.101197,
       45.127665
      ],
      [
       -87.102582,
       45.12902
      ],
      [
       -87.103829,
       45.130503
      ],
      [
       -87.113691,
       45.143455
      ],
      [
       -87.114827,
       45.145113
      ],
      [
       -87.11579,
       45.146876
      ],
      [
       -87.116571,
       45.148727
      ],
      [
       -87.117163,
       45.150647
      ],
      [
       -87.11756,
       45.152617
      ],
      [
       -87.117756,
       45.154616
      ],
      [
       -87.117751,
       45.156625
      ],
      [
       -87.117545,
       45.158624
      ],
      [
       -87.117139,
       45.160592
      ],
      [
       -87.116537,
       45.162509
      ],
      [
       -87.115746,
       45.164356
      ],
      [
       -87.114774,
       45.166114
      ],
      [
       -87.113631,
       45.167766
      ],
      [
       -87.112327,
       45.169295
      ],
      [
       -87.110877,
       45.170686
      ],
      [
       -87.109294,
       45.171924
      ],
      [
       -87.107595,
       45.172996
      ],
      [
       -87.105797,
       45.173893
      ],
      [
       -87.103918,
       45.174605
      ],
      [
       -87.09023,
       45.17902
      ],
      [
       -87.088177,
       45.179564
      ],
      [
       -87.086077,
       45.179887
      ],
      [
       -87.083955,
       45.179986
      ],
      [
       -87.081834,
       45.179858
      ],
      [
       -87.0766,
       45.179264
      ],
      [
       -87.076758,
       45.180318
      ],
      [
       -87.076861,
       45.18216
      ],
      [
       -87.076794,
       45.184004
      ],
      [
       -87.076558,
       45.185833
      ],
      [
       -87.074792,
       45.195841
      ],
      [
       -87.074381,
       45.197667
      ],
      [
       -87.073801,
       45.199446
      ],
      [
       -87.066272,
       45.219336
      ],
      [
       -87.06675,
       45.219678
      ],
      [
       -87.068273,
       45.220887
      ],
      [
       -87.069672,
       45.222237
      ],
      [
       -87.070933,
       45.223718
      ],
      [
       -87.072044,
       45.225313
      ],
      [
       -87.072995,
       45.22701
      ],
      [
       -87.073777,
       45.22879
      ],
      [
       -87.07569,
       45.233794
      ],
      [
       -87.076306,
       45.235679
      ],
      [
       -87.076731,
       45.237615
      ],
      [
       -87.076963,
       45.239584
      ],
      [
       -87.076999,
       45.241567
      ],
      [
       -87.076838,
       45.243543
      ],
      [
       -87.076483,
       45.245493
      ],
      [
       -87.075936,
       45.247399
      ],
      [
       -87.075203,
       45.249241
      ],
      [
       -87.074291,
       45.251002
      ],
      [
       -87.07321,
       45.252663
      ],
      [
       -87.071969,
       45.25421
      ],
      [
       -87.070581,
       45.255626
      ],
      [
       -87.06906,
       45.256897
      ],
      [
       -87.067421,
       45.258012
      ],
      [
       -87.065679,
       45.258959
      ],
      [
       -87.063852,
       45.259729
      ],
      [
       -87.061958,
       45.260314
      ],
      [
       -87.048123,
       45.263847
      ],
      [
       -87.046251,
       45.264231
      ],
      [
       -87.044351,
       45.264434
      ],
      [
       -87.04244,
       45.264456
      ],
      [
       -87.040536,
       45.264294
      ],
      [
       -87.038656,
       45.263952
      ],
      [
       -87.0285,
       45.261597
      ],
      [
       -87.026415,
       45.260993
      ],
      [
       -87.024408,
       45.260166
      ],
      [
       -87.00941,
       45.253013
      ],
      [
       -87.010141,
       45.254779
      ],
      [
       -87.010775,
       45.25654
      ],
      [
       -87.011241,
       45.258352
      ],
      [
       -87.011536,
       45.260201
      ],
      [
       -87.011657,
       45.262068
      ],
      [
       -87.011804,
       45.27031
      ],
      [
       -87.011724,
       45.272469
      ],
      [
       -87.012593,
       45.272348
      ],
      [
       -87.014068,
       45.272198
      ],
      [
       -87.01555,
       45.272157
      ],
      [
       -87.046016,
       45.272451
      ],
      [
       -87.04819,
       45.272591
      ],
      [
       -87.050337,
       45.272966
      ],
      [
       -87.05243,
       45.273573
      ],
      [
       -87.064109,
       45.27766
      ],
      [
       -87.06426,
       45.27444
      ],
      [
       -87.064474,
       45.272312
      ],
      [
       -87.064915,
       45.270219
      ],
      [
       -87.065576,
       45.268185
      ],
      [
       -87.066451,
       45.266233
      ],
      [
       -87.067529,
       45.264386
      ],
      [
       -87.071208,
       45.258793
      ],
      [
       -87.072365,
       45.257209
      ],
      [
       -87.073672,
       45.255746
      ],
      [
       -87.075115,
       45.254418
      ],
      [
       -87.076682,
       45.253238
      ],
      [
       -87.078357,
       45.252217
      ],
      [
       -87.080124,
       45.251365
      ],
      [
       -87.081966,
       45.25069
      ],
      [
       -87.083865,
       45.250199
      ],
      [
       -87.092402,
       45.248433
      ],
      [
       -87.094528,
       45.248111
      ],
      [
       -87.096577,
       45.247913
      ],
      [
       -87.109374,
       45.215101
      ],
      [
       -87.111679,
       45.20281
      ],
      [
       -87.112141,
       45.200878
      ],
      [
       -87.112794,
       45.199001
      ],
      [
       -87.113629,
       45.197198
      ],
      [
       -87.114639,
       45.195487
      ],
      [
       -87.115814,
       45.193884
      ],
      [
       -87.123468,
       45.184464
      ],
      [
       -87.124861,
       45.182921
      ],
      [
       -87.126407,
       45.18153
      ],
      [
       -87.128089,
       45.180308
      ],
      [
       -87.129889,
       45.179267
      ],
      [
       -87.131787,
       45.178418
      ],
      [
       -87.133763,
       45.177771
      ],
      [
       -87.161406,
       45.170287
      ],
      [
       -87.164317,
       45.166817
      ],
      [
       -87.170771,
       45.157136
      ],
      [
       -87.17189,
       45.155617
      ],
      [
       -87.173147,
       45.154211
      ],
      [
       -87.174531,
       45.15293
      ],
      [
       -87.176029,
       45.151784
      ],
      [
       -87.177629,
       45.150785
      ],
      [
       -87.179316,
       45.149941
      ],
      [
       -87.181075,
       45.149259
      ],
      [
       -87.18289,
       45.148747
      ],
      [
       -87.184746,
       45.148408
      ],
      [
       -87.186625,
       45.148244
      ],
      [
       -87.188511,
       45.148259
      ],
      [
       -87.204554,
       45.149142
      ],
      [
       -87.206667,
       45.149372
      ],
      [
       -87.208743,
       45.149824
      ],
      [
       -87.225478,
       45.154412
      ],
      [
       -87.229696,
       45.154881
      ],
      [
       -87.234064,
       45.151842
      ],
      [
       -87.241482,
       45.141016
      ],
      [
       -87.246935,
       45.126247
      ],
      [
       -87.251201,
       45.095428
      ],
      [
       -87.251635,
       45.093217
      ],
      [
       -87.252315,
       45.091069
      ],
      [
       -87.253232,
       45.089011
      ],
      [
       -87.258236,
       45.079297
      ],
      [
       -87.259055,
       45.077857
      ],
      [
       -87.259991,
       45.07649
      ],
      [
       -87.261036,
       45.075204
      ],
      [
       -87.269638,
       45.065481
      ],
      [
       -87.268852,
       45.059618
      ],
      [
       -87.268693,
       45.057825
      ],
      [
       -87.268696,
       45.056025
      ],
      [
       -87.268861,
       45.054233
      ],
      [
       -87.269186,
       45.052463
      ],
      [
       -87.270069,
       45.048636
      ],
      [
       -87.27059,
       45.046787
      ],
      [
       -87.271286,
       45.044997
      ],
      [
       -87.272151,
       45.043282
      ],
      [
       -87.273176,
       45.041658
      ],
      [
       -87.274352,
       45.040139
      ],
      [
       -87.275669,
       45.038741
      ],
      [
       -87.277113,
       45.037475
      ],
      [
       -87.278672,
       45.036353
      ],
      [
       -87.280332,
       45.035387
      ],
      [
       -87.282077,
       45.034584
      ],
      [
       -87.28389,
       45.033952
      ],
      [
       -87.285756,
       45.033496
      ],
      [
       -87.290318,
       45.032613
      ],
      [
       -87.292576,
       45.032309
      ],
      [
       -87.294854,
       45.032263
      ],
      [
       -87.297122,
       45.032476
      ],
      [
       -87.302225,
       45.033251
      ],
      [
       -87.353602,
       44.987154
      ],
      [
       -87.374962,
       44.956015
      ],
      [
       -87.385732,
       44.921161
      ],
      [
       -87.382231,
       44.901468
      ],
      [
       -87.434951,
       44.881211
      ]
     ],
     [
      [
       -86.936656,
       45.367335
      ],
      [
       -86.936658,
       45.36617
      ],
      [
       -86.930335,
       45.367224
      ],
      [
       -86.928498,
       45.367443
      ],
      [
       -86.926649,
       45.367492
      ],
      [
       -86.924803,
       45.36737
      ],
      [
       -86.889635,
       45.363398
      ],
      [
       -86.888832,
       45.364838
      ],
      [
       -86.879757,
       45.379413
      ],
      [
       -86.873731,
       45.39234
      ],
      [
       -86.873457,
       45.396184
      ],
      [
       -86.881117,
       45.39654
      ],
      [
       -86.897377,
       45.391859
      ],
      [
       -86.899289,
       45.39141
      ],
      [
       -86.901235,
       45.391149
      ],
      [
       -86.918749,
       45.389677
      ],
      [
       -86.920679,
       45.389609
      ],
      [
       -86.922606,
       45.389726
      ],
      [
       -86.924513,
       45.390029
      ],
      [
       -86.926382,
       45.390515
      ],
      [
       -86.928195,
       45.391179
      ],
      [
       -86.929936,
       45.392014
      ],
      [
       -86.931588,
       45.393013
      ],
      [
       -86.933136,
       45.394167
      ],
      [
       -86.934566,
       45.395465
      ],
      [
       -86.939336,
       45.400235
      ],
      [
       -86.940401,
       45.392173
      ],
      [
       -86.936868,
       45.369403
      ],
      [
       -86.936656,
       45.367335
      ]
     ]
    ],
    "type": "Polygon"
   },
   "id": "lake-void-lake-michigan-plate-101-1600",
   "properties": {
    "coordinateFrame": "WGS84-reference-coordinates",
    "correctionFeatureId": "lake-void-lake-michigan-plate-101-1600",
    "emittedAreaSquareKilometres": 6397.814,
    "geometryReferenceAgeMa": 0,
    "lake": "Lake Michigan",
    "lakeAreaSquareKilometres": 57426.26,
    "lifecycleNativeCoastChartIds": [
     "cao-coast:GPlates-1b2e59fe-12d8-486f-bdeb-3b79eca9bc2b:396:0",
     "cao-coast:GPlates-1b2e59fe-12d8-486f-bdeb-3b79eca9bc2b:396:1",
     "cao-coast:GPlates-1b2e59fe-12d8-486f-bdeb-3b79eca9bc2b:396:2",
     "cao-coast:GPlates-57229062-955f-47b5-9f50-d0fd15818b43:440:4"
    ],
    "naturalEarthIndex": 466,
    "onset": {
     "ageMa": 0.016,
     "evidence": "observed/proxy-constrained",
     "sourceIds": [
      "larson-great-lakes-2001"
     ],
     "uncertaintyMa": 0.001
    },
    "plateId": 101,
    "sourceClass": "cao-void-inside-continental-outline",
    "staticFeatureId": "GPlates-1b2e59fe-12d8-486f-bdeb-3b79eca9bc2b",
    "staticSourceOrder": 1600,
    "surfaceClass": "land",
    "touchingNativeCoastChartIds": [
     "cao-coast:GPlates-1b2e59fe-12d8-486f-bdeb-3b79eca9bc2b:396:0",
     "cao-coast:GPlates-1b2e59fe-12d8-486f-bdeb-3b79eca9bc2b:396:1",
     "cao-coast:GPlates-1b2e59fe-12d8-486f-bdeb-3b79eca9bc2b:396:2",
     "cao-coast:GPlates-1ef97d95-3313-4151-bd31-2923b19bc454:391:0",
     "cao-coast:GPlates-57229062-955f-47b5-9f50-d0fd15818b43:440:4"
    ],
    "validTimeMa": {
     "oldest": 1800.0,
     "youngest": 0.016,
     "youngestExclusive": true
    },
    "voidAreaSquareKilometres": 56329.024
   },
   "type": "Feature"
  },
  {
   "geometry": {
    "coordinates": [
     [
      [
       -84.94194,
       45.72472
      ],
      [
       -84.996671,
       45.659135
      ],
      [
       -85.04351,
       45.633923
      ],
      [
       -85.067898,
       45.616902
      ],
      [
       -85.084747,
       45.592734
      ],
      [
       -85.090205,
       45.563696
      ],
      [
       -85.087832,
       45.549897
      ],
      [
       -85.10583,
       45.52833
      ],
      [
       -85.073594,
       45.50886
      ],
      [
       -85.071989,
       45.50543
      ],
      [
       -85.055416,
       45.485244
      ],
      [
       -85.027816,
       45.463735
      ],
      [
       -85.015991,
       45.458594
      ],
      [
       -84.984676,
       45.455153
      ],
      [
       -84.91222,
       45.41139
      ],
      [
       -85.078481,
       45.360976
      ],
      [
       -85.129254,
       45.363341
      ],
      [
       -85.169316,
       45.357465
      ],
      [
       -85.325194,
       45.29781
      ],
      [
       -85.354286,
       45.278587
      ],
      [
       -85.355655,
       45.27693
      ],
      [
       -85.38583,
       45.26778
      ],
      [
       -85.393297,
       45.05114
      ],
      [
       -85.448378,
       45.404514
      ],
      [
       -85.497182,
       45.534487
      ],
      [
       -85.507691,
       45.54611
      ],
      [
       -85.568025,
       45.612839
      ],
      [
       -85.542637,
       45.617714
      ],
      [
       -85.517164,
       45.630392
      ],
      [
       -85.507754,
       45.642322
      ],
      [
       -85.507754,
       45.646536
      ],
      [
       -85.516824,
       45.671153
      ],
      [
       -85.517358,
       45.672826
      ],
      [
       -85.517743,
       45.674539
      ],
      [
       -85.520539,
       45.690141
      ],
      [
       -85.520809,
       45.69235
      ],
      [
       -85.520832,
       45.694574
      ],
      [
       -85.520608,
       45.696788
      ],
      [
       -85.518842,
       45.707973
      ],
      [
       -85.518357,
       45.710208
      ],
      [
       -85.51603,
       45.718585
      ],
      [
       -85.515885,
       45.722063
      ],
      [
       -85.518418,
       45.727562
      ],
      [
       -85.522788,
       45.734303
      ],
      [
       -85.523808,
       45.73607
      ],
      [
       -85.524644,
       45.737931
      ],
      [
       -85.525286,
       45.739867
      ],
      [
       -85.525727,
       45.741859
      ],
      [
       -85.525963,
       45.743885
      ],
      [
       -85.525991,
       45.745925
      ],
      [
       -85.525812,
       45.747957
      ],
      [
       -85.525212,
       45.752238
      ],
      [
       -85.536782,
       45.7534
      ],
      [
       -85.538405,
       45.7441
      ],
      [
       -85.538848,
       45.742143
      ],
      [
       -85.539486,
       45.74024
      ],
      [
       -85.543754,
       45.729349
      ],
      [
       -85.544411,
       45.727853
      ],
      [
       -85.545189,
       45.726417
      ],
      [
       -85.552548,
       45.714053
      ],
      [
       -85.554159,
       45.711735
      ],
      [
       -85.562696,
       45.701138
      ],
      [
       -85.564129,
       45.699543
      ],
      [
       -85.572016,
       45.691656
      ],
      [
       -85.576178,
       45.685709
      ],
      [
       -85.586602,
       45.64618
      ],
      [
       -85.58715,
       45.644432
      ],
      [
       -85.587856,
       45.642741
      ],
      [
       -85.588713,
       45.641122
      ],
      [
       -85.589715,
       45.639588
      ],
      [
       -85.593284,
       45.634635
      ],
      [
       -86.161037,
       45.946691
      ],
      [
       -85.67361,
       45.97417
      ],
      [
       -85.52889,
       46.10139
      ],
      [
       -85.015,
       46.02111
      ],
      [
       -84.760067,
       45.855739
      ],
      [
       -84.754612,
       45.801952
      ],
      [
       -84.75451,
       45.800011
      ],
      [
       -84.7625,
       45.80389
      ],
      [
       -84.99028,
       45.77333
      ],
      [
       -84.94194,
       45.72472
      ]
     ]
    ],
    "type": "Polygon"
   },
   "id": "lake-void-lake-michigan-plate-101-1756",
   "properties": {
    "coordinateFrame": "WGS84-reference-coordinates",
    "correctionFeatureId": "lake-void-lake-michigan-plate-101-1756",
    "emittedAreaSquareKilometres": 4561.489,
    "geometryReferenceAgeMa": 0,
    "lake": "Lake Michigan",
    "lakeAreaSquareKilometres": 57426.26,
    "lifecycleNativeCoastChartIds": [
     "cao-coast:GPlates-57229062-955f-47b5-9f50-d0fd15818b43:440:4",
     "cao-coast:GPlates-ca40378a-df29-4898-b48f-5a4435ead955:428:5",
     "cao-coast:GPlates-ca40378a-df29-4898-b48f-5a4435ead955:428:6"
    ],
    "naturalEarthIndex": 466,
    "onset": {
     "ageMa": 0.016,
     "evidence": "observed/proxy-constrained",
     "sourceIds": [
      "larson-great-lakes-2001"
     ],
     "uncertaintyMa": 0.001
    },
    "plateId": 101,
    "sourceClass": "cao-void-inside-continental-outline",
    "staticFeatureId": "GPlates-ca40378a-df29-4898-b48f-5a4435ead955",
    "staticSourceOrder": 1756,
    "surfaceClass": "land",
    "touchingNativeCoastChartIds": [
     "cao-coast:GPlates-1ef97d95-3313-4151-bd31-2923b19bc454:391:0",
     "cao-coast:GPlates-57229062-955f-47b5-9f50-d0fd15818b43:440:4",
     "cao-coast:GPlates-ca40378a-df29-4898-b48f-5a4435ead955:428:5",
     "cao-coast:GPlates-ca40378a-df29-4898-b48f-5a4435ead955:428:6"
    ],
    "validTimeMa": {
     "oldest": 1800.0,
     "youngest": 0.016,
     "youngestExclusive": true
    },
    "voidAreaSquareKilometres": 56329.024
   },
   "type": "Feature"
  },
  {
   "geometry": {
    "coordinates": [
     [
      [
       [
        -86.398284,
        45.824501
       ],
       [
        -86.378877,
        45.826328
       ],
       [
        -86.377871,
        45.826752
       ],
       [
        -86.377863,
        45.827831
       ],
       [
        -86.377666,
        45.829734
       ],
       [
        -86.377287,
        45.831609
       ],
       [
        -86.376732,
        45.83344
       ],
       [
        -86.376003,
        45.835209
       ],
       [
        -86.366518,
        45.855446
       ],
       [
        -86.27972,
        45.94
       ],
       [
        -86.161037,
        45.946691
       ],
       [
        -85.593284,
        45.634635
       ],
       [
        -85.602124,
        45.622367
       ],
       [
        -85.602274,
        45.621851
       ],
       [
        -85.595278,
        45.615841
       ],
       [
        -85.573097,
        45.611865
       ],
       [
        -85.568025,
        45.612839
       ],
       [
        -85.507691,
        45.54611
       ],
       [
        -85.497182,
        45.534487
       ],
       [
        -85.448378,
        45.404514
       ],
       [
        -85.525346,
        45.414526
       ],
       [
        -85.748007,
        45.443491
       ],
       [
        -85.877188,
        45.479761
       ],
       [
        -86.150749,
        45.556568
       ],
       [
        -86.607052,
        45.62113
       ],
       [
        -86.398284,
        45.824501
       ]
      ]
     ],
     [
      [
       [
        -87.160054,
        45.699266
       ],
       [
        -87.119141,
        45.709218
       ],
       [
        -87.109925,
        45.714373
       ],
       [
        -87.098212,
        45.74043
       ],
       [
        -87.097327,
        45.742166
       ],
       [
        -87.096278,
        45.743808
       ],
       [
        -87.09617,
        45.743946
       ],
       [
        -87.090948,
        45.781495
       ],
       [
        -87.090521,
        45.783674
       ],
       [
        -87.090161,
        45.784817
       ],
       [
        -86.97889,
        45.92
       ],
       [
        -86.977275,
        45.843828
       ],
       [
        -86.979833,
        45.840978
       ],
       [
        -86.982218,
        45.836207
       ],
       [
        -86.982145,
        45.827247
       ],
       [
        -86.978224,
        45.818493
       ],
       [
        -86.976689,
        45.816205
       ],
       [
        -86.97389,
        45.68417
       ],
       [
        -86.917573,
        45.735724
       ],
       [
        -86.916501,
        45.735912
       ],
       [
        -86.892333,
        45.738659
       ],
       [
        -86.878856,
        45.742643
       ],
       [
        -86.870801,
        45.746753
       ],
       [
        -86.868427,
        45.750371
       ],
       [
        -86.862174,
        45.764474
       ],
       [
        -86.861179,
        45.766423
       ],
       [
        -86.859977,
        45.768251
       ],
       [
        -86.858583,
        45.769937
       ],
       [
        -86.83725,
        45.793038
       ],
       [
        -86.83725,
        45.799934
       ],
       [
        -86.837148,
        45.801952
       ],
       [
        -86.836843,
        45.80395
       ],
       [
        -86.836338,
        45.805906
       ],
       [
        -86.835637,
        45.807802
       ],
       [
        -86.83475,
        45.809617
       ],
       [
        -86.833683,
        45.811333
       ],
       [
        -86.832449,
        45.812933
       ],
       [
        -86.83106,
        45.814401
       ],
       [
        -86.82953,
        45.81572
       ],
       [
        -86.827874,
        45.816879
       ],
       [
        -86.82611,
        45.817864
       ],
       [
        -86.815327,
        45.823193
       ],
       [
        -86.809515,
        45.827621
       ],
       [
        -86.80516,
        45.833021
       ],
       [
        -86.804525,
        45.834358
       ],
       [
        -86.806058,
        45.837808
       ],
       [
        -86.77028,
        45.87056
       ],
       [
        -86.709909,
        45.876048
       ],
       [
        -86.694424,
        45.868057
       ],
       [
        -86.678374,
        45.863415
       ],
       [
        -86.666511,
        45.868033
       ],
       [
        -86.655428,
        45.878767
       ],
       [
        -86.654282,
        45.879794
       ],
       [
        -86.65306,
        45.880731
       ],
       [
        -86.652272,
        45.881288
       ],
       [
        -86.55028,
        45.89056
       ],
       [
        -86.56361,
        45.77861
       ],
       [
        -86.587657,
        45.763586
       ],
       [
        -86.591839,
        45.765056
       ],
       [
        -86.595393,
        45.76551
       ],
       [
        -86.612267,
        45.76551
       ],
       [
        -86.615197,
        45.760488
       ],
       [
        -86.618188,
        45.750197
       ],
       [
        -86.61901,
        45.747901
       ],
       [
        -86.620776,
        45.74378
       ],
       [
        -86.621397,
        45.742507
       ],
       [
        -86.641548,
        45.729917
       ],
       [
        -86.643104,
        45.729833
       ],
       [
        -86.64352,
        45.728685
       ],
       [
        -86.71389,
        45.68472
       ],
       [
        -86.648522,
        45.626998
       ],
       [
        -86.965119,
        45.671793
       ],
       [
        -87.162852,
        45.696506
       ],
       [
        -87.160749,
        45.69906
       ],
       [
        -87.160054,
        45.699266
       ]
      ]
     ]
    ],
    "type": "MultiPolygon"
   },
   "id": "lake-void-lake-michigan-plate-101-1842",
   "properties": {
    "coordinateFrame": "WGS84-reference-coordinates",
    "correctionFeatureId": "lake-void-lake-michigan-plate-101-1842",
    "emittedAreaSquareKilometres": 3276.287,
    "geometryReferenceAgeMa": 0,
    "lake": "Lake Michigan",
    "lakeAreaSquareKilometres": 57426.26,
    "lifecycleNativeCoastChartIds": [
     "cao-coast:GPlates-1b2e59fe-12d8-486f-bdeb-3b79eca9bc2b:396:0",
     "cao-coast:GPlates-1b2e59fe-12d8-486f-bdeb-3b79eca9bc2b:396:1",
     "cao-coast:GPlates-57229062-955f-47b5-9f50-d0fd15818b43:440:4",
     "cao-coast:GPlates-ca40378a-df29-4898-b48f-5a4435ead955:428:5"
    ],
    "naturalEarthIndex": 466,
    "onset": {
     "ageMa": 0.016,
     "evidence": "observed/proxy-constrained",
     "sourceIds": [
      "larson-great-lakes-2001"
     ],
     "uncertaintyMa": 0.001
    },
    "plateId": 101,
    "sourceClass": "cao-void-inside-continental-outline",
    "staticFeatureId": "GPlates-57229062-955f-47b5-9f50-d0fd15818b43",
    "staticSourceOrder": 1842,
    "surfaceClass": "land",
    "touchingNativeCoastChartIds": [
     "cao-coast:GPlates-1b2e59fe-12d8-486f-bdeb-3b79eca9bc2b:396:0",
     "cao-coast:GPlates-1b2e59fe-12d8-486f-bdeb-3b79eca9bc2b:396:1",
     "cao-coast:GPlates-57229062-955f-47b5-9f50-d0fd15818b43:440:4",
     "cao-coast:GPlates-ca40378a-df29-4898-b48f-5a4435ead955:428:5"
    ],
    "validTimeMa": {
     "oldest": 1800.0,
     "youngest": 0.016,
     "youngestExclusive": true
    },
    "voidAreaSquareKilometres": 56329.024
   },
   "type": "Feature"
  },
  {
   "geometry": {
    "coordinates": [
     [
      [
       [
        -85.52833,
        44.77167
       ],
       [
        -85.495,
        44.99722
       ],
       [
        -85.503485,
        44.981876
       ],
       [
        -85.506914,
        44.982323
       ],
       [
        -85.508185,
        44.98185
       ],
       [
        -85.508762,
        44.980851
       ],
       [
        -85.512014,
        44.96919
       ],
       [
        -85.512569,
        44.965449
       ],
       [
        -85.61389,
        44.78222
       ],
       [
        -85.65583,
        44.85611
       ],
       [
        -85.629759,
        44.950593
       ],
       [
        -85.625536,
        44.95768
       ],
       [
        -85.622965,
        44.966079
       ],
       [
        -85.62321,
        44.968902
       ],
       [
        -85.624826,
        44.968469
       ],
       [
        -85.55611,
        45.2175
       ],
       [
        -85.599134,
        45.175708
       ],
       [
        -85.603317,
        45.175374
       ],
       [
        -85.60582,
        45.175331
       ],
       [
        -85.617101,
        45.175844
       ],
       [
        -85.622502,
        45.175185
       ],
       [
        -85.627718,
        45.171496
       ],
       [
        -85.676982,
        45.102979
       ],
       [
        -85.678415,
        45.101208
       ],
       [
        -85.68004,
        45.099611
       ],
       [
        -85.695494,
        45.086071
       ],
       [
        -85.69735,
        45.084628
       ],
       [
        -85.739823,
        45.055454
       ],
       [
        -85.743944,
        45.0516
       ],
       [
        -85.747681,
        45.039349
       ],
       [
        -85.74832,
        45.037562
       ],
       [
        -85.749126,
        45.035845
       ],
       [
        -85.75009,
        45.034211
       ],
       [
        -85.759386,
        45.020045
       ],
       [
        -85.82778,
        44.95361
       ],
       [
        -85.885904,
        44.944076
       ],
       [
        -85.902633,
        44.954685
       ],
       [
        -85.91316,
        44.957813
       ],
       [
        -85.919082,
        44.958496
       ],
       [
        -85.921329,
        44.958886
       ],
       [
        -85.923516,
        44.959529
       ],
       [
        -85.932112,
        44.962599
       ],
       [
        -85.932926,
        44.96084
       ],
       [
        -85.936164,
        44.954659
       ],
       [
        -85.93732,
        44.952725
       ],
       [
        -85.938687,
        44.950933
       ],
       [
        -85.954139,
        44.932884
       ],
       [
        -86.075,
        44.91306
       ],
       [
        -86.09167,
        44.7475
       ],
       [
        -86.15786,
        44.729575
       ],
       [
        -86.162564,
        44.731185
       ],
       [
        -86.163499,
        44.731289
       ],
       [
        -86.164246,
        44.731003
       ],
       [
        -86.173838,
        44.725248
       ],
       [
        -86.265,
        44.70056
       ],
       [
        -86.2675,
        44.36528
       ],
       [
        -86.52472,
        44.07222
       ],
       [
        -86.43028,
        43.80917
       ],
       [
        -86.54639,
        43.64167
       ],
       [
        -86.35278,
        43.25028
       ],
       [
        -86.25194,
        43.26639
       ],
       [
        -86.32944,
        43.22528
       ],
       [
        -86.23417,
        43.005
       ],
       [
        -86.22917,
        42.99972
       ],
       [
        -86.27111,
        42.45972
       ],
       [
        -86.62028,
        41.91222
       ],
       [
        -86.98944,
        41.69167
       ],
       [
        -87.39778,
        41.63722
       ],
       [
        -87.56889,
        41.77194
       ],
       [
        -87.671714,
        41.96587
       ],
       [
        -87.680903,
        42.028522
       ],
       [
        -87.685831,
        42.044445
       ],
       [
        -87.693299,
        42.061184
       ],
       [
        -87.696171,
        42.065745
       ],
       [
        -87.698003,
        42.06746
       ],
       [
        -87.729309,
        42.077851
       ],
       [
        -87.730994,
        42.078496
       ],
       [
        -87.731582,
        42.078785
       ],
       [
        -87.8175,
        42.24083
       ],
       [
        -87.765,
        42.78639
       ],
       [
        -87.90972,
        43.23389
       ],
       [
        -87.70694,
        43.67722
       ],
       [
        -87.72694,
        43.91806
       ],
       [
        -87.50556,
        44.18444
       ],
       [
        -87.55083,
        44.32556
       ],
       [
        -87.32694,
        44.78194
       ],
       [
        -87.434951,
        44.881211
       ],
       [
        -87.382231,
        44.901468
       ],
       [
        -87.380254,
        44.890348
       ],
       [
        -87.359458,
        44.859396
       ],
       [
        -87.33132,
        44.840334
       ],
       [
        -87.302124,
        44.840545
       ],
       [
        -87.292783,
        44.846201
       ],
       [
        -87.246765,
        44.891387
       ],
       [
        -87.242809,
        44.896825
       ],
       [
        -87.238479,
        44.912465
       ],
       [
        -87.23797,
        44.914045
       ],
       [
        -87.237332,
        44.915577
       ],
       [
        -87.236569,
        44.917051
       ],
       [
        -87.231859,
        44.925293
       ],
       [
        -87.230898,
        44.926812
       ],
       [
        -87.229805,
        44.928238
       ],
       [
        -87.228588,
        44.92956
       ],
       [
        -87.227258,
        44.930768
       ],
       [
        -87.225824,
        44.931851
       ],
       [
        -87.216404,
        44.938327
       ],
       [
        -87.214922,
        44.939253
       ],
       [
        -87.213364,
        44.940047
       ],
       [
        -87.211744,
        44.940701
       ],
       [
        -87.211388,
        44.940827
       ],
       [
        -87.212277,
        44.94176
       ],
       [
        -87.213506,
        44.94334
       ],
       [
        -87.214571,
        44.945034
       ],
       [
        -87.215462,
        44.946827
       ],
       [
        -87.216168,
        44.9487
       ],
       [
        -87.216684,
        44.950634
       ],
       [
        -87.217004,
        44.95261
       ],
       [
        -87.217125,
        44.954608
       ],
       [
        -87.217045,
        44.956608
       ],
       [
        -87.216767,
        44.95859
       ],
       [
        -87.216291,
        44.960534
       ],
       [
        -87.215623,
        44.962421
       ],
       [
        -87.214127,
        44.96606
       ],
       [
        -85.877188,
        45.479761
       ],
       [
        -85.748007,
        45.443491
       ],
       [
        -85.525346,
        45.414526
       ],
       [
        -85.448378,
        45.404514
       ],
       [
        -85.393297,
        45.05114
       ],
       [
        -85.39528,
        44.99361
       ],
       [
        -85.52833,
        44.77167
       ]
      ],
      [
       [
        -86.004184,
        45.116335
       ],
       [
        -86.003435,
        45.117956
       ],
       [
        -86.002544,
        45.119504
       ],
       [
        -85.996075,
        45.129671
       ],
       [
        -85.995737,
        45.131055
       ],
       [
        -85.99635,
        45.13206
       ],
       [
        -86.00365,
        45.136698
       ],
       [
        -86.01698,
        45.142563
       ],
       [
        -86.019493,
        45.143888
       ],
       [
        -86.027538,
        45.148895
       ],
       [
        -86.031377,
        45.14875
       ],
       [
        -86.034847,
        45.146437
       ],
       [
        -86.03876,
        45.141192
       ],
       [
        -86.015141,
        45.104522
       ],
       [
        -86.00792,
        45.100014
       ],
       [
        -86.007736,
        45.101149
       ],
       [
        -86.005234,
        45.112924
       ],
       [
        -86.004785,
        45.114653
       ],
       [
        -86.004184,
        45.116335
       ]
      ],
      [
       [
        -86.114133,
        45.036742
       ],
       [
        -86.115461,
        45.037657
       ],
       [
        -86.119558,
        45.036673
       ],
       [
        -86.126709,
        45.030038
       ],
       [
        -86.12855,
        45.025456
       ],
       [
        -86.125522,
        45.024156
       ],
       [
        -86.119676,
        45.027858
       ],
       [
        -86.113141,
        45.036187
       ],
       [
        -86.114133,
        45.036742
       ]
      ]
     ],
     [
      [
       [
        -88.04528,
        44.57639
       ],
       [
        -88.012313,
        44.659368
       ],
       [
        -87.654436,
        44.796877
       ],
       [
        -87.94472,
        44.53806
       ],
       [
        -88.04528,
        44.57639
       ]
      ]
     ]
    ],
    "type": "MultiPolygon"
   },
   "id": "lake-void-lake-michigan-plate-10104-1579",
   "properties": {
    "coordinateFrame": "WGS84-reference-coordinates",
    "correctionFeatureId": "lake-void-lake-michigan-plate-10104-1579",
    "emittedAreaSquareKilometres": 43344.566,
    "geometryReferenceAgeMa": 0,
    "lake": "Lake Michigan",
    "lakeAreaSquareKilometres": 57426.26,
    "lifecycleNativeCoastChartIds": [
     "cao-coast:GPlates-1ef97d95-3313-4151-bd31-2923b19bc454:391:0"
    ],
    "naturalEarthIndex": 466,
    "onset": {
     "ageMa": 0.016,
     "evidence": "observed/proxy-constrained",
     "sourceIds": [
      "larson-great-lakes-2001"
     ],
     "uncertaintyMa": 0.001
    },
    "plateId": 10104,
    "sourceClass": "cao-void-inside-continental-outline",
    "staticFeatureId": "GPlates-1ef97d95-3313-4151-bd31-2923b19bc454",
    "staticSourceOrder": 1579,
    "surfaceClass": "land",
    "touchingNativeCoastChartIds": [
     "cao-coast:GPlates-1b2e59fe-12d8-486f-bdeb-3b79eca9bc2b:396:0",
     "cao-coast:GPlates-1b2e59fe-12d8-486f-bdeb-3b79eca9bc2b:396:2",
     "cao-coast:GPlates-1ef97d95-3313-4151-bd31-2923b19bc454:391:0",
     "cao-coast:GPlates-ca40378a-df29-4898-b48f-5a4435ead955:428:6"
    ],
    "validTimeMa": {
     "oldest": 1670.0,
     "youngest": 0.016,
     "youngestExclusive": true
    },
    "voidAreaSquareKilometres": 56329.024
   },
   "type": "Feature"
  },
  {
   "geometry": {
    "coordinates": [
     [
      [
       34.453333,
       62.904167
      ],
      [
       34.639722,
       62.8625
      ],
      [
       34.641111,
       62.860556
      ],
      [
       35.397222,
       62.664167
      ],
      [
       35.503611,
       62.57
      ],
      [
       35.521944,
       62.631667
      ],
      [
       35.835833,
       62.440278
      ],
      [
       35.651389,
       62.050278
      ],
      [
       35.856944,
       61.954722
      ],
      [
       35.8275,
       61.8375
      ],
      [
       36.225833,
       61.475833
      ],
      [
       36.433889,
       61.398056
      ],
      [
       36.333889,
       61.256389
      ],
      [
       36.458333,
       61.18
      ],
      [
       35.802222,
       60.937222
      ],
      [
       35.947222,
       60.919167
      ],
      [
       35.869167,
       60.853333
      ],
      [
       35.555833,
       60.906667
      ],
      [
       35.379444,
       61.053333
      ],
      [
       35.106944,
       60.991389
      ],
      [
       35.118889,
       61.056111
      ],
      [
       34.877222,
       61.095278
      ],
      [
       34.832778,
       61.013056
      ],
      [
       34.824444,
       61.228611
      ],
      [
       35.1025,
       61.2225
      ],
      [
       35.253333,
       61.163889
      ],
      [
       35.042222,
       61.161667
      ],
      [
       35.171944,
       61.048333
      ],
      [
       35.318611,
       61.081389
      ],
      [
       35.533056,
       61.0025
      ],
      [
       35.69,
       61.137222
      ],
      [
       35.483056,
       61.367222
      ],
      [
       34.7125,
       61.581111
      ],
      [
       34.317778,
       61.821389
      ],
      [
       34.309167,
       61.895556
      ],
      [
       34.560833,
       61.773333
      ],
      [
       34.622222,
       61.904167
      ],
      [
       34.288611,
       62.116389
      ],
      [
       34.104444,
       62.395833
      ],
      [
       33.985,
       62.370278
      ],
      [
       33.965556,
       62.541111
      ],
      [
       34.371111,
       62.253611
      ],
      [
       34.308611,
       62.179722
      ],
      [
       34.729722,
       62.021389
      ],
      [
       34.445556,
       62.471944
      ],
      [
       34.782778,
       62.241944
      ],
      [
       34.764904,
       62.301995
      ],
      [
       34.463333,
       62.593056
      ],
      [
       35.057778,
       62.044167
      ],
      [
       35.194444,
       62.096667
      ],
      [
       35.011667,
       62.254167
      ],
      [
       35.358056,
       62.117778
      ],
      [
       35.589167,
       62.240556
      ],
      [
       35.334444,
       62.5725
      ],
      [
       35.290833,
       62.518056
      ],
      [
       34.856111,
       62.634167
      ],
      [
       35.032222,
       62.421389
      ],
      [
       34.726944,
       62.666389
      ],
      [
       34.733056,
       62.608333
      ],
      [
       34.453333,
       62.904167
      ]
     ]
    ],
    "type": "Polygon"
   },
   "id": "lake-void-lake-onega-plate-30202-2395",
   "properties": {
    "coordinateFrame": "WGS84-reference-coordinates",
    "correctionFeatureId": "lake-void-lake-onega-plate-30202-2395",
    "emittedAreaSquareKilometres": 10176.536,
    "geometryReferenceAgeMa": 0,
    "lake": "Lake Onega",
    "lakeAreaSquareKilometres": 9889.62,
    "lifecycleNativeCoastChartIds": [
     "cao-coast:GPlates-91e3d291-ec42-4957-b1d9-3985f1cacf86:1935:0"
    ],
    "naturalEarthIndex": 481,
    "onset": {
     "ageMa": 0.0135,
     "evidence": "observed/proxy-constrained",
     "sourceIds": [
      "saarnisto-onega-2001"
     ],
     "uncertaintyMa": 0.0008
    },
    "plateId": 30202,
    "sourceClass": "cao-void-inside-continental-outline",
    "staticFeatureId": "GPlates-f2cd6469-9ae4-4303-87a3-4a0ee9d04a51",
    "staticSourceOrder": 2395,
    "surfaceClass": "land",
    "touchingNativeCoastChartIds": [
     "cao-coast:GPlates-91e3d291-ec42-4957-b1d9-3985f1cacf86:1935:0",
     "cao-coast:GPlates-b7b97dbb-0a3b-4001-a6a8-200b5347dabc:1934:0"
    ],
    "validTimeMa": {
     "oldest": 1800.0,
     "youngest": 0.0135,
     "youngestExclusive": true
    },
    "voidAreaSquareKilometres": 9106.025
   },
   "type": "Feature"
  },
  {
   "geometry": {
    "coordinates": [
     [
      [
       [
        -78.63417,
        43.3675
       ],
       [
        -79.34528,
        43.18806
       ],
       [
        -79.76889,
        43.28917
       ],
       [
        -79.58778,
        43.56472
       ],
       [
        -79.0925,
        43.82639
       ],
       [
        -77.70361,
        44.04111
       ],
       [
        -77.48556,
        43.94222
       ],
       [
        -77.265472,
        43.950562
       ],
       [
        -77.289885,
        43.909173
       ],
       [
        -77.447203,
        43.642461
       ],
       [
        -77.672654,
        43.38443
       ],
       [
        -77.750806,
        43.294984
       ],
       [
        -78.11528,
        43.38833
       ],
       [
        -78.63417,
        43.3675
       ]
      ]
     ],
     [
      [
       [
        -77.020347,
        44.190376
       ],
       [
        -77.062997,
        44.17618
       ],
       [
        -77.079769,
        44.170598
       ],
       [
        -77.07667,
        44.17944
       ],
       [
        -77.31778,
        44.08972
       ],
       [
        -77.31444,
        44.15222
       ],
       [
        -77.56722,
        44.11361
       ],
       [
        -77.01139,
        44.21111
       ],
       [
        -77.020347,
        44.190376
       ]
      ]
     ]
    ],
    "type": "MultiPolygon"
   },
   "id": "lake-void-lake-ontario-plate-10105-1578",
   "properties": {
    "coordinateFrame": "WGS84-reference-coordinates",
    "correctionFeatureId": "lake-void-lake-ontario-plate-10105-1578",
    "emittedAreaSquareKilometres": 11201.102,
    "geometryReferenceAgeMa": 0,
    "lake": "Lake Ontario",
    "lakeAreaSquareKilometres": 19426.527,
    "lifecycleNativeCoastChartIds": [
     "cao-coast:GPlates-19577efb-23c9-4ef7-91b8-6127f0d1ad98:390:0"
    ],
    "naturalEarthIndex": 10,
    "onset": {
     "ageMa": 0.0118,
     "evidence": "observed/proxy-constrained",
     "sourceIds": [
      "larson-great-lakes-2001"
     ],
     "uncertaintyMa": 0.001
    },
    "plateId": 10105,
    "sourceClass": "cao-void-inside-continental-outline",
    "staticFeatureId": "GPlates-19577efb-23c9-4ef7-91b8-6127f0d1ad98",
    "staticSourceOrder": 1578,
    "surfaceClass": "land",
    "touchingNativeCoastChartIds": [
     "cao-coast:GPlates-19577efb-23c9-4ef7-91b8-6127f0d1ad98:390:0",
     "cao-coast:GPlates-97e29aa9-7a44-4bb8-89b9-c1d5a423f5d7:404:0",
     "cao-coast:GPlates-97e29aa9-7a44-4bb8-89b9-c1d5a423f5d7:404:4"
    ],
    "validTimeMa": {
     "oldest": 1500.0,
     "youngest": 0.0118,
     "youngestExclusive": true
    },
    "voidAreaSquareKilometres": 18783.793
   },
   "type": "Feature"
  },
  {
   "geometry": {
    "coordinates": [
     [
      [
       -77.04667,
       44.12944
      ],
      [
       -76.88667,
       44.1775
      ],
      [
       -77.07,
       44.09222
      ],
      [
       -76.97678,
       44.083844
      ],
      [
       -76.68833,
       44.21694
      ],
      [
       -75.97694,
       44.38361
      ],
      [
       -75.81361,
       44.50194
      ],
      [
       -75.81222,
       44.5025
      ],
      [
       -75.76333,
       44.45083
      ],
      [
       -75.85722,
       44.37639
      ],
      [
       -76.36361,
       44.12139
      ],
      [
       -76.30556,
       44.02694
      ],
      [
       -76.125,
       44.05278
      ],
      [
       -76.20917,
       43.98
      ],
      [
       -76.0575,
       44.00611
      ],
      [
       -76.30194,
       43.86056
      ],
      [
       -76.19111,
       43.57806
      ],
      [
       -76.41639,
       43.53472
      ],
      [
       -76.94444,
       43.25417
      ],
      [
       -77.15,
       43.29778
      ],
      [
       -77.57083,
       43.24889
      ],
      [
       -77.750806,
       43.294984
      ],
      [
       -77.672654,
       43.38443
      ],
      [
       -77.447203,
       43.642461
      ],
      [
       -77.289885,
       43.909173
      ],
      [
       -77.265472,
       43.950562
      ],
      [
       -77.17028,
       43.95417
      ],
      [
       -77.23278,
       43.88
      ],
      [
       -77.13444,
       43.85556
      ],
      [
       -76.84806,
       43.94333
      ],
      [
       -77.04222,
       43.94833
      ],
      [
       -76.84667,
       44.11833
      ],
      [
       -77.12778,
       44.03361
      ],
      [
       -77.079769,
       44.170598
      ],
      [
       -77.062997,
       44.17618
      ],
      [
       -77.020347,
       44.190376
      ],
      [
       -77.04667,
       44.12944
      ]
     ]
    ],
    "type": "Polygon"
   },
   "id": "lake-void-lake-ontario-plate-10106-1731",
   "properties": {
    "coordinateFrame": "WGS84-reference-coordinates",
    "correctionFeatureId": "lake-void-lake-ontario-plate-10106-1731",
    "emittedAreaSquareKilometres": 8608.191,
    "geometryReferenceAgeMa": 0,
    "lake": "Lake Ontario",
    "lakeAreaSquareKilometres": 19426.527,
    "lifecycleNativeCoastChartIds": [
     "cao-coast:GPlates-97e29aa9-7a44-4bb8-89b9-c1d5a423f5d7:404:0",
     "cao-coast:GPlates-97e29aa9-7a44-4bb8-89b9-c1d5a423f5d7:404:4"
    ],
    "naturalEarthIndex": 10,
    "onset": {
     "ageMa": 0.0118,
     "evidence": "observed/proxy-constrained",
     "sourceIds": [
      "larson-great-lakes-2001"
     ],
     "uncertaintyMa": 0.001
    },
    "plateId": 10106,
    "sourceClass": "cao-void-inside-continental-outline",
    "staticFeatureId": "GPlates-97e29aa9-7a44-4bb8-89b9-c1d5a423f5d7",
    "staticSourceOrder": 1731,
    "surfaceClass": "land",
    "touchingNativeCoastChartIds": [
     "cao-coast:GPlates-19577efb-23c9-4ef7-91b8-6127f0d1ad98:390:0",
     "cao-coast:GPlates-97e29aa9-7a44-4bb8-89b9-c1d5a423f5d7:404:0",
     "cao-coast:GPlates-97e29aa9-7a44-4bb8-89b9-c1d5a423f5d7:404:4"
    ],
    "validTimeMa": {
     "oldest": 1250.0,
     "youngest": 0.0118,
     "youngestExclusive": true
    },
    "voidAreaSquareKilometres": 18783.793
   },
   "type": "Feature"
  },
  {
   "geometry": {
    "coordinates": [
     [
      [
       [
        29.94972,
        62.44222
       ],
       [
        29.790187,
        62.372803
       ],
       [
        29.6577,
        62.469014
       ],
       [
        29.64444,
        62.61917
       ],
       [
        29.94972,
        62.44222
       ]
      ]
     ],
     [
      [
       [
        27.64361,
        62.57417
       ],
       [
        27.70361,
        62.8975
       ],
       [
        27.53472,
        62.82611
       ],
       [
        27.16889,
        63.06167
       ],
       [
        27.17041,
        63.145495
       ],
       [
        27.2599,
        63.10172
       ],
       [
        27.295321,
        63.11138
       ],
       [
        27.44722,
        62.9875
       ],
       [
        27.61639,
        62.96639
       ],
       [
        27.5775,
        63.02778
       ],
       [
        27.78639,
        62.92611
       ],
       [
        27.70778,
        63.06694
       ],
       [
        27.83611,
        63.11472
       ],
       [
        27.87972,
        63.00111
       ],
       [
        28.212592,
        63.031593
       ],
       [
        28.193727,
        62.97348
       ],
       [
        28.12417,
        62.945
       ],
       [
        28.155986,
        62.857222
       ],
       [
        28.143403,
        62.81846
       ],
       [
        28.117065,
        62.665699
       ],
       [
        27.95,
        62.76472
       ],
       [
        27.72222,
        62.64889
       ],
       [
        27.796537,
        62.636455
       ],
       [
        27.79487,
        62.62103
       ],
       [
        27.71111,
        62.61583
       ],
       [
        27.785759,
        62.53676
       ],
       [
        27.776631,
        62.452319
       ],
       [
        27.76417,
        62.46917
       ],
       [
        27.755866,
        62.421742
       ],
       [
        27.68361,
        62.456299
       ],
       [
        27.50389,
        62.61361
       ],
       [
        27.64361,
        62.57417
       ]
      ]
     ],
     [
      [
       [
        27.02111,
        63.53583
       ],
       [
        27.00028,
        63.48389
       ],
       [
        26.89639,
        63.59222
       ],
       [
        27.15,
        63.5575
       ],
       [
        27.285,
        63.38611
       ],
       [
        27.36917,
        63.36389
       ],
       [
        27.37639,
        63.17111
       ],
       [
        27.372871,
        63.171178
       ],
       [
        27.173832,
        63.334172
       ],
       [
        27.17694,
        63.50556
       ],
       [
        27.02111,
        63.53583
       ]
      ]
     ]
    ],
    "type": "MultiPolygon"
   },
   "id": "lake-void-lake-saimaa-plate-30202-2395",
   "properties": {
    "coordinateFrame": "WGS84-reference-coordinates",
    "correctionFeatureId": "lake-void-lake-saimaa-plate-30202-2395",
    "emittedAreaSquareKilometres": 1814.265,
    "geometryReferenceAgeMa": 0,
    "lake": "Lake Saimaa",
    "lakeAreaSquareKilometres": 9309.092,
    "lifecycleNativeCoastChartIds": [
     "cao-coast:GPlates-91e3d291-ec42-4957-b1d9-3985f1cacf86:1935:0",
     "cao-coast:GPlates-91e3d291-ec42-4957-b1d9-3985f1cacf86:1935:1",
     "cao-coast:GPlates-91e3d291-ec42-4957-b1d9-3985f1cacf86:1935:2",
     "cao-coast:GPlates-91e3d291-ec42-4957-b1d9-3985f1cacf86:1935:3",
     "cao-coast:GPlates-91e3d291-ec42-4957-b1d9-3985f1cacf86:1935:4",
     "cao-coast:GPlates-91e3d291-ec42-4957-b1d9-3985f1cacf86:1935:5"
    ],
    "naturalEarthIndex": 484,
    "onset": {
     "ageMa": 0,
     "evidence": "present-only default",
     "sourceIds": [
      "natural-earth-lakes-10m"
     ]
    },
    "plateId": 30202,
    "sourceClass": "cao-void-inside-continental-outline",
    "staticFeatureId": "GPlates-f2cd6469-9ae4-4303-87a3-4a0ee9d04a51",
    "staticSourceOrder": 2395,
    "surfaceClass": "land",
    "touchingNativeCoastChartIds": [
     "cao-coast:GPlates-91e3d291-ec42-4957-b1d9-3985f1cacf86:1935:0",
     "cao-coast:GPlates-91e3d291-ec42-4957-b1d9-3985f1cacf86:1935:1",
     "cao-coast:GPlates-91e3d291-ec42-4957-b1d9-3985f1cacf86:1935:2",
     "cao-coast:GPlates-91e3d291-ec42-4957-b1d9-3985f1cacf86:1935:3",
     "cao-coast:GPlates-91e3d291-ec42-4957-b1d9-3985f1cacf86:1935:4",
     "cao-coast:GPlates-91e3d291-ec42-4957-b1d9-3985f1cacf86:1935:5",
     "cao-coast:GPlates-b7b97dbb-0a3b-4001-a6a8-200b5347dabc:1934:0",
     "cao-coast:GPlates-b7b97dbb-0a3b-4001-a6a8-200b5347dabc:1934:1",
     "cao-coast:GPlates-b7b97dbb-0a3b-4001-a6a8-200b5347dabc:1934:2",
     "cao-coast:GPlates-b7b97dbb-0a3b-4001-a6a8-200b5347dabc:1934:3",
     "cao-coast:GPlates-b7b97dbb-0a3b-4001-a6a8-200b5347dabc:1934:4",
     "cao-coast:GPlates-b7b97dbb-0a3b-4001-a6a8-200b5347dabc:1934:5",
     "cao-coast:GPlates-b7b97dbb-0a3b-4001-a6a8-200b5347dabc:58:4",
     "cao-coast:GPlates-b7b97dbb-0a3b-4001-a6a8-200b5347dabc:58:5",
     "cao-coast:GPlates-b7b97dbb-0a3b-4001-a6a8-200b5347dabc:58:6",
     "cao-coast:GPlates-b7b97dbb-0a3b-4001-a6a8-200b5347dabc:58:7"
    ],
    "validTimeMa": {
     "oldest": 1800.0,
     "youngest": 0.0,
     "youngestExclusive": true
    },
    "voidAreaSquareKilometres": 8023.809
   },
   "type": "Feature"
  },
  {
   "geometry": {
    "coordinates": [
     [
      [
       [
        28.05444,
        62.42111
       ],
       [
        27.93222,
        62.25889
       ],
       [
        28.29361,
        62.23722
       ],
       [
        28.32472,
        62.29528
       ],
       [
        28.5475,
        62.20028
       ],
       [
        28.735,
        62.31694
       ],
       [
        28.65306,
        62.39667
       ],
       [
        28.97361,
        62.17
       ],
       [
        28.79361,
        62.24
       ],
       [
        28.93417,
        62.15306
       ],
       [
        28.69278,
        62.20333
       ],
       [
        28.7675,
        62.11972
       ],
       [
        29.22778,
        62.15639
       ],
       [
        29.09694,
        62.20444
       ],
       [
        29.31861,
        62.15222
       ],
       [
        29.41222,
        62.21944
       ],
       [
        29.275,
        62.24361
       ],
       [
        29.28222,
        62.60778
       ],
       [
        29.66556,
        62.38
       ],
       [
        29.6577,
        62.469014
       ],
       [
        29.790187,
        62.372803
       ],
       [
        29.73778,
        62.35
       ],
       [
        29.85528,
        62.30333
       ],
       [
        29.5425,
        62.29306
       ],
       [
        29.99333,
        62.11083
       ],
       [
        29.50778,
        62.17361
       ],
       [
        29.51972,
        62.075
       ],
       [
        29.41583,
        62.0925
       ],
       [
        29.80194,
        61.92472
       ],
       [
        29.73083,
        61.825
       ],
       [
        29.41167,
        61.74556
       ],
       [
        29.25417,
        61.5925
       ],
       [
        29.05,
        61.6125
       ],
       [
        29.12,
        61.55778
       ],
       [
        28.71306,
        61.68528
       ],
       [
        28.61556,
        61.595
       ],
       [
        28.90583,
        61.5925
       ],
       [
        28.70556,
        61.59194
       ],
       [
        28.70694,
        61.47333
       ],
       [
        28.54944,
        61.50056
       ],
       [
        28.57889,
        61.41167
       ],
       [
        28.29667,
        61.35639
       ],
       [
        28.46556,
        61.31056
       ],
       [
        28.66444,
        61.37056
       ],
       [
        28.86806,
        61.22222
       ],
       [
        28.155,
        61.05667
       ],
       [
        28.00056,
        61.10694
       ],
       [
        27.92278,
        61.06056
       ],
       [
        27.85472,
        61.14389
       ],
       [
        27.8325,
        61.14667
       ],
       [
        27.95806,
        61.20389
       ],
       [
        28.25806,
        61.15528
       ],
       [
        28.02306,
        61.27278
       ],
       [
        27.66167,
        61.25889
       ],
       [
        27.66694,
        61.19556
       ],
       [
        27.38028,
        61.245
       ],
       [
        27.48722,
        61.27556
       ],
       [
        27.3275,
        61.35083
       ],
       [
        27.24583,
        61.31361
       ],
       [
        27.36194,
        61.44056
       ],
       [
        27.24806,
        61.49556
       ],
       [
        27.48611,
        61.45917
       ],
       [
        27.27694,
        61.52861
       ],
       [
        27.27139,
        61.6675
       ],
       [
        27.38056,
        61.62083
       ],
       [
        27.30306,
        61.52806
       ],
       [
        27.52389,
        61.50972
       ],
       [
        27.46833,
        61.64333
       ],
       [
        27.56222,
        61.5625
       ],
       [
        27.80222,
        61.68639
       ],
       [
        27.63444,
        61.80944
       ],
       [
        27.82444,
        61.75417
       ],
       [
        28.07333,
        61.47972
       ],
       [
        28.2375,
        61.73722
       ],
       [
        28.53528,
        61.75306
       ],
       [
        28.48278,
        61.8575
       ],
       [
        28.87278,
        61.82083
       ],
       [
        28.60278,
        61.9175
       ],
       [
        28.74667,
        61.93972
       ],
       [
        28.31,
        62.07056
       ],
       [
        28.47722,
        62.0356
       ],
       [
        28.43167,
        62.0625
       ],
       [
        27.86667,
        62.14778
       ],
       [
        27.98806,
        62.16639
       ],
       [
        27.776631,
        62.452319
       ],
       [
        27.785759,
        62.53676
       ],
       [
        27.88944,
        62.42694
       ],
       [
        28.05444,
        62.42111
       ]
      ]
     ],
     [
      [
       [
        27.57917,
        62.46
       ],
       [
        27.55917,
        62.38722
       ],
       [
        27.375,
        62.51333
       ],
       [
        27.41861,
        62.46889
       ],
       [
        27.25889,
        62.46056
       ],
       [
        27.12389,
        62.62528
       ],
       [
        27.31972,
        62.49028
       ],
       [
        27.33333,
        62.57667
       ],
       [
        27.44861,
        62.50944
       ],
       [
        27.514279,
        62.537283
       ],
       [
        27.663503,
        62.465915
       ],
       [
        27.74,
        62.40694
       ],
       [
        27.68361,
        62.456299
       ],
       [
        27.755866,
        62.421742
       ],
       [
        27.74778,
        62.37556
       ],
       [
        27.57917,
        62.46
       ]
      ]
     ],
     [
      [
       [
        28.45889,
        62.50306
       ],
       [
        28.60944,
        62.50306
       ],
       [
        28.361112,
        62.584477
       ],
       [
        28.22056,
        62.4175
       ],
       [
        28.06806,
        62.43778
       ],
       [
        28.12528,
        62.66083
       ],
       [
        28.117065,
        62.665699
       ],
       [
        28.143403,
        62.81846
       ],
       [
        28.155986,
        62.857222
       ],
       [
        28.23472,
        62.64
       ],
       [
        28.96889,
        62.38528
       ],
       [
        28.58861,
        62.42333
       ],
       [
        28.45889,
        62.50306
       ]
      ]
     ],
     [
      [
       [
        28.193727,
        62.97348
       ],
       [
        28.212592,
        63.031593
       ],
       [
        28.37111,
        63.04611
       ],
       [
        28.193727,
        62.97348
       ]
      ]
     ],
     [
      [
       [
        27.21833,
        63.17417
       ],
       [
        27.295321,
        63.11138
       ],
       [
        27.2599,
        63.10172
       ],
       [
        27.17041,
        63.145495
       ],
       [
        27.173832,
        63.334172
       ],
       [
        27.372871,
        63.171178
       ],
       [
        27.21833,
        63.17417
       ]
      ]
     ]
    ],
    "type": "MultiPolygon"
   },
   "id": "lake-void-lake-saimaa-plate-30202-2396",
   "properties": {
    "coordinateFrame": "WGS84-reference-coordinates",
    "correctionFeatureId": "lake-void-lake-saimaa-plate-30202-2396",
    "emittedAreaSquareKilometres": 9308.732,
    "geometryReferenceAgeMa": 0,
    "lake": "Lake Saimaa",
    "lakeAreaSquareKilometres": 9309.092,
    "lifecycleNativeCoastChartIds": [
     "cao-coast:GPlates-91e3d291-ec42-4957-b1d9-3985f1cacf86:1935:0",
     "cao-coast:GPlates-91e3d291-ec42-4957-b1d9-3985f1cacf86:1935:1",
     "cao-coast:GPlates-91e3d291-ec42-4957-b1d9-3985f1cacf86:1935:2",
     "cao-coast:GPlates-91e3d291-ec42-4957-b1d9-3985f1cacf86:1935:3",
     "cao-coast:GPlates-91e3d291-ec42-4957-b1d9-3985f1cacf86:1935:4",
     "cao-coast:GPlates-91e3d291-ec42-4957-b1d9-3985f1cacf86:1935:5"
    ],
    "naturalEarthIndex": 484,
    "onset": {
     "ageMa": 0,
     "evidence": "present-only default",
     "sourceIds": [
      "natural-earth-lakes-10m"
     ]
    },
    "plateId": 30202,
    "sourceClass": "cao-void-inside-continental-outline",
    "staticFeatureId": "GPlates-6962521f-6a09-418e-86fb-7383f84a0001",
    "staticSourceOrder": 2396,
    "surfaceClass": "land",
    "touchingNativeCoastChartIds": [
     "cao-coast:GPlates-91e3d291-ec42-4957-b1d9-3985f1cacf86:1935:0",
     "cao-coast:GPlates-91e3d291-ec42-4957-b1d9-3985f1cacf86:1935:1",
     "cao-coast:GPlates-91e3d291-ec42-4957-b1d9-3985f1cacf86:1935:2",
     "cao-coast:GPlates-91e3d291-ec42-4957-b1d9-3985f1cacf86:1935:3",
     "cao-coast:GPlates-91e3d291-ec42-4957-b1d9-3985f1cacf86:1935:4",
     "cao-coast:GPlates-91e3d291-ec42-4957-b1d9-3985f1cacf86:1935:5",
     "cao-coast:GPlates-b7b97dbb-0a3b-4001-a6a8-200b5347dabc:1934:0",
     "cao-coast:GPlates-b7b97dbb-0a3b-4001-a6a8-200b5347dabc:1934:1",
     "cao-coast:GPlates-b7b97dbb-0a3b-4001-a6a8-200b5347dabc:1934:2",
     "cao-coast:GPlates-b7b97dbb-0a3b-4001-a6a8-200b5347dabc:1934:3",
     "cao-coast:GPlates-b7b97dbb-0a3b-4001-a6a8-200b5347dabc:1934:4",
     "cao-coast:GPlates-b7b97dbb-0a3b-4001-a6a8-200b5347dabc:1934:5",
     "cao-coast:GPlates-b7b97dbb-0a3b-4001-a6a8-200b5347dabc:58:4",
     "cao-coast:GPlates-b7b97dbb-0a3b-4001-a6a8-200b5347dabc:58:5",
     "cao-coast:GPlates-b7b97dbb-0a3b-4001-a6a8-200b5347dabc:58:6",
     "cao-coast:GPlates-b7b97dbb-0a3b-4001-a6a8-200b5347dabc:58:7"
    ],
    "validTimeMa": {
     "oldest": 1800.0,
     "youngest": 0.0,
     "youngestExclusive": true
    },
    "voidAreaSquareKilometres": 8023.809
   },
   "type": "Feature"
  },
  {
   "geometry": {
    "coordinates": [
     [
      [
       -82.83005,
       42.593458
      ],
      [
       -82.814267,
       42.598387
      ],
      [
       -82.813536,
       42.598565
      ],
      [
       -82.824478,
       42.612315
      ],
      [
       -82.81556,
       42.6425
      ],
      [
       -82.71861,
       42.69278
      ],
      [
       -82.62806,
       42.675
      ],
      [
       -82.609217,
       42.557771
      ],
      [
       -82.618871,
       42.554031
      ],
      [
       -82.607129,
       42.544783
      ],
      [
       -82.60194,
       42.5125
      ],
      [
       -82.41889,
       42.49833
      ],
      [
       -82.40194,
       42.3875
      ],
      [
       -82.485,
       42.31361
      ],
      [
       -82.842766,
       42.307943
      ],
      [
       -82.850839,
       42.31001
      ],
      [
       -82.94723,
       42.322975
      ],
      [
       -82.964849,
       42.319791
      ],
      [
       -82.984597,
       42.307638
      ],
      [
       -82.985912,
       42.306895
      ],
      [
       -82.98728,
       42.306254
      ],
      [
       -82.988753,
       42.30563
      ],
      [
       -83.02816,
       42.305006
      ],
      [
       -83.03167,
       42.306741
      ],
      [
       -83.033834,
       42.305936
      ],
      [
       -83.035325,
       42.304893
      ],
      [
       -83.042184,
       42.304784
      ],
      [
       -83.044205,
       42.298744
      ],
      [
       -83.045846,
       42.297755
      ],
      [
       -83.067629,
       42.286569
      ],
      [
       -83.069371,
       42.285777
      ],
      [
       -83.071181,
       42.285155
      ],
      [
       -83.073042,
       42.28471
      ],
      [
       -83.074938,
       42.284444
      ],
      [
       -83.07685,
       42.28436
      ],
      [
       -83.078761,
       42.28446
      ],
      [
       -83.080654,
       42.284742
      ],
      [
       -83.082511,
       42.285203
      ],
      [
       -83.084316,
       42.28584
      ],
      [
       -83.086051,
       42.286647
      ],
      [
       -83.087702,
       42.287615
      ],
      [
       -83.089252,
       42.288737
      ],
      [
       -83.090679,
       42.289994
      ],
      [
       -82.88778,
       42.39806
      ],
      [
       -82.83005,
       42.593458
      ]
     ]
    ],
    "type": "Polygon"
   },
   "id": "lake-void-lake-saint-clair-plate-10105-1578",
   "properties": {
    "coordinateFrame": "WGS84-reference-coordinates",
    "correctionFeatureId": "lake-void-lake-saint-clair-plate-10105-1578",
    "emittedAreaSquareKilometres": 1209.177,
    "geometryReferenceAgeMa": 0,
    "lake": "Lake Saint Clair",
    "lakeAreaSquareKilometres": 1146.004,
    "lifecycleNativeCoastChartIds": [
     "cao-coast:GPlates-19577efb-23c9-4ef7-91b8-6127f0d1ad98:390:0"
    ],
    "naturalEarthIndex": 11,
    "onset": {
     "ageMa": 0,
     "evidence": "present-only default",
     "sourceIds": [
      "natural-earth-lakes-10m"
     ]
    },
    "plateId": 10105,
    "sourceClass": "cao-void-inside-continental-outline",
    "staticFeatureId": "GPlates-19577efb-23c9-4ef7-91b8-6127f0d1ad98",
    "staticSourceOrder": 1578,
    "surfaceClass": "land",
    "touchingNativeCoastChartIds": [
     "cao-coast:GPlates-19577efb-23c9-4ef7-91b8-6127f0d1ad98:390:0"
    ],
    "validTimeMa": {
     "oldest": 1500.0,
     "youngest": 0.0,
     "youngestExclusive": true
    },
    "voidAreaSquareKilometres": 1094.398
   },
   "type": "Feature"
  },
  {
   "geometry": {
    "coordinates": [
     [
      [
       -84.046297,
       46.147397
      ],
      [
       -84.26194,
       46.20806
      ],
      [
       -84.17861,
       46.25667
      ],
      [
       -84.32306,
       46.49806
      ],
      [
       -84.56194,
       46.41972
      ],
      [
       -84.65389,
       46.49444
      ],
      [
       -85.02444,
       46.49167
      ],
      [
       -84.95639,
       46.78528
      ],
      [
       -85.50083,
       46.68361
      ],
      [
       -86.145,
       46.68556
      ],
      [
       -86.64722,
       46.43083
      ],
      [
       -86.769521,
       46.470328
      ],
      [
       -86.938457,
       46.815472
      ],
      [
       -87.087896,
       47.030422
      ],
      [
       -87.345282,
       47.251579
      ],
      [
       -87.593361,
       47.350056
      ],
      [
       -87.749488,
       47.379264
      ],
      [
       -87.750565,
       47.379209
      ],
      [
       -87.935988,
       47.369664
      ],
      [
       -88.167948,
       47.320927
      ],
      [
       -88.473358,
       47.079233
      ],
      [
       -88.503106,
       47.060647
      ],
      [
       -88.64889,
       47.23444
      ],
      [
       -89.32306,
       46.88306
      ],
      [
       -89.8025,
       46.82889
      ],
      [
       -90.44778,
       46.56833
      ],
      [
       -90.75472,
       46.70167
      ],
      [
       -90.95028,
       46.60194
      ],
      [
       -90.75917,
       46.89639
      ],
      [
       -90.86194,
       46.96667
      ],
      [
       -91.775,
       46.70833
      ],
      [
       -92.01167,
       46.69722
      ],
      [
       -92.11,
       46.76861
      ],
      [
       -90.78722,
       47.61333
      ],
      [
       -89.57635,
       48.007143
      ],
      [
       -89.493647,
       48.013648
      ],
      [
       -89.253887,
       48.083395
      ],
      [
       -88.824021,
       48.309302
      ],
      [
       -88.55813,
       48.485581
      ],
      [
       -88.55972,
       48.43028
      ],
      [
       -88.43028,
       48.57361
      ],
      [
       -88.3125,
       48.58167
      ],
      [
       -88.3325,
       48.65722
      ],
      [
       -88.20444,
       48.60667
      ],
      [
       -88.10583,
       48.79333
      ],
      [
       -88.107923,
       48.794445
      ],
      [
       -87.997084,
       48.834639
      ],
      [
       -87.652711,
       48.825731
      ],
      [
       -87.311025,
       48.774776
      ],
      [
       -87.28972,
       48.7675
      ],
      [
       -87.264181,
       48.76779
      ],
      [
       -86.553941,
       48.661874
      ],
      [
       -86.400787,
       48.595794
      ],
      [
       -86.391312,
       48.591706
      ],
      [
       -86.360649,
       48.541418
      ],
      [
       -86.315143,
       48.479769
      ],
      [
       -86.184502,
       48.252529
      ],
      [
       -86.089262,
       48.131174
      ],
      [
       -86.061106,
       48.114252
      ],
      [
       -85.666672,
       47.716702
      ],
      [
       -85.067799,
       47.421521
      ],
      [
       -84.725269,
       47.220742
      ],
      [
       -84.686806,
       47.127085
      ],
      [
       -84.78083,
       46.98611
      ],
      [
       -84.612265,
       46.945577
      ],
      [
       -84.578919,
       46.86438
      ],
      [
       -84.525432,
       46.830608
      ],
      [
       -84.54417,
       46.825
      ],
      [
       -84.54833,
       46.69944
      ],
      [
       -84.46583,
       46.75833
      ],
      [
       -84.42194,
       46.69611
      ],
      [
       -84.59028,
       46.56583
      ],
      [
       -84.51722,
       46.48222
      ],
      [
       -84.185316,
       46.549997
      ],
      [
       -84.07065,
       46.301001
      ],
      [
       -84.046297,
       46.147397
      ]
     ]
    ],
    "type": "Polygon"
   },
   "id": "lake-void-lake-superior-plate-101-1756",
   "properties": {
    "coordinateFrame": "WGS84-reference-coordinates",
    "correctionFeatureId": "lake-void-lake-superior-plate-101-1756",
    "emittedAreaSquareKilometres": 72107.101,
    "geometryReferenceAgeMa": 0,
    "lake": "Lake Superior",
    "lakeAreaSquareKilometres": 82079.094,
    "lifecycleNativeCoastChartIds": [
     "cao-coast:GPlates-57229062-955f-47b5-9f50-d0fd15818b43:440:0",
     "cao-coast:GPlates-57229062-955f-47b5-9f50-d0fd15818b43:440:4",
     "cao-coast:GPlates-ca40378a-df29-4898-b48f-5a4435ead955:428:0",
     "cao-coast:GPlates-ca40378a-df29-4898-b48f-5a4435ead955:428:1",
     "cao-coast:GPlates-ca40378a-df29-4898-b48f-5a4435ead955:428:2",
     "cao-coast:GPlates-ca40378a-df29-4898-b48f-5a4435ead955:428:3",
     "cao-coast:GPlates-ca40378a-df29-4898-b48f-5a4435ead955:428:4",
     "cao-coast:GPlates-ca40378a-df29-4898-b48f-5a4435ead955:428:5"
    ],
    "naturalEarthIndex": 465,
    "onset": {
     "ageMa": 0.0118,
     "evidence": "observed/proxy-constrained",
     "sourceIds": [
      "larson-great-lakes-2001"
     ],
     "uncertaintyMa": 0.002
    },
    "plateId": 101,
    "sourceClass": "cao-void-inside-continental-outline",
    "staticFeatureId": "GPlates-ca40378a-df29-4898-b48f-5a4435ead955",
    "staticSourceOrder": 1756,
    "surfaceClass": "land",
    "touchingNativeCoastChartIds": [
     "cao-coast:GPlates-57229062-955f-47b5-9f50-d0fd15818b43:440:0",
     "cao-coast:GPlates-57229062-955f-47b5-9f50-d0fd15818b43:440:4",
     "cao-coast:GPlates-ca40378a-df29-4898-b48f-5a4435ead955:428:0",
     "cao-coast:GPlates-ca40378a-df29-4898-b48f-5a4435ead955:428:1",
     "cao-coast:GPlates-ca40378a-df29-4898-b48f-5a4435ead955:428:2",
     "cao-coast:GPlates-ca40378a-df29-4898-b48f-5a4435ead955:428:3",
     "cao-coast:GPlates-ca40378a-df29-4898-b48f-5a4435ead955:428:4",
     "cao-coast:GPlates-ca40378a-df29-4898-b48f-5a4435ead955:428:5"
    ],
    "validTimeMa": {
     "oldest": 1800.0,
     "youngest": 0.0118,
     "youngestExclusive": true
    },
    "voidAreaSquareKilometres": 80657.015
   },
   "type": "Feature"
  },
  {
   "geometry": {
    "coordinates": [
     [
      [
       [
        -84.075,
        46.50361
       ],
       [
        -84.04972,
        46.32611
       ],
       [
        -83.04806,
        46.17694
       ],
       [
        -82.479582,
        46.187388
       ],
       [
        -82.488284,
        46.160822
       ],
       [
        -82.524485,
        46.078508
       ],
       [
        -83.318559,
        46.135846
       ],
       [
        -84.07065,
        46.301001
       ],
       [
        -84.185316,
        46.549997
       ],
       [
        -84.17306,
        46.5525
       ],
       [
        -84.075,
        46.50361
       ]
      ]
     ],
     [
      [
       [
        -84.525432,
        46.830608
       ],
       [
        -84.578919,
        46.86438
       ],
       [
        -84.612265,
        46.945577
       ],
       [
        -84.35111,
        46.88278
       ],
       [
        -84.525432,
        46.830608
       ]
      ]
     ],
     [
      [
       [
        -87.60583,
        46.80083
       ],
       [
        -87.81667,
        46.90417
       ],
       [
        -88.08111,
        46.92917
       ],
       [
        -88.295,
        46.83028
       ],
       [
        -88.16222,
        46.97083
       ],
       [
        -88.48361,
        46.765
       ],
       [
        -88.44361,
        46.98972
       ],
       [
        -88.503106,
        47.060647
       ],
       [
        -88.473358,
        47.079233
       ],
       [
        -88.167948,
        47.320927
       ],
       [
        -87.935988,
        47.369664
       ],
       [
        -87.750565,
        47.379209
       ],
       [
        -87.749488,
        47.379264
       ],
       [
        -87.593361,
        47.350056
       ],
       [
        -87.345282,
        47.251579
       ],
       [
        -87.087896,
        47.030422
       ],
       [
        -86.938457,
        46.815472
       ],
       [
        -86.769521,
        46.470328
       ],
       [
        -87.01278,
        46.54889
       ],
       [
        -87.34972,
        46.51167
       ],
       [
        -87.60583,
        46.80083
       ]
      ]
     ],
     [
      [
       [
        -86.13139,
        48.24139
       ],
       [
        -85.86028,
        47.98528
       ],
       [
        -85.5575,
        47.92556
       ],
       [
        -84.84861,
        47.95278
       ],
       [
        -85.02778,
        47.61139
       ],
       [
        -84.57889,
        47.28889
       ],
       [
        -84.686806,
        47.127085
       ],
       [
        -84.725269,
        47.220742
       ],
       [
        -85.067799,
        47.421521
       ],
       [
        -85.666672,
        47.716702
       ],
       [
        -86.061106,
        48.114252
       ],
       [
        -86.089262,
        48.131174
       ],
       [
        -86.184502,
        48.252529
       ],
       [
        -86.315143,
        48.479769
       ],
       [
        -86.360649,
        48.541418
       ],
       [
        -86.391312,
        48.591706
       ],
       [
        -86.400787,
        48.595794
       ],
       [
        -86.553941,
        48.661874
       ],
       [
        -87.264181,
        48.76779
       ],
       [
        -86.43472,
        48.77722
       ],
       [
        -86.13139,
        48.24139
       ]
      ]
     ],
     [
      [
       [
        -89.13861,
        48.48444
       ],
       [
        -88.75944,
        48.58056
       ],
       [
        -88.93861,
        48.31444
       ],
       [
        -88.74639,
        48.36611
       ],
       [
        -88.48028,
        48.85444
       ],
       [
        -88.31389,
        48.76056
       ],
       [
        -88.55639,
        48.54611
       ],
       [
        -88.55813,
        48.485581
       ],
       [
        -88.824021,
        48.309302
       ],
       [
        -89.253887,
        48.083395
       ],
       [
        -89.493647,
        48.013648
       ],
       [
        -89.57635,
        48.007143
       ],
       [
        -89.46167,
        48.04444
       ],
       [
        -89.26389,
        48.20389
       ],
       [
        -89.13861,
        48.48444
       ]
      ]
     ],
     [
      [
       [
        -88.03556,
        49.02222
       ],
       [
        -87.311025,
        48.774776
       ],
       [
        -87.652711,
        48.825731
       ],
       [
        -87.997084,
        48.834639
       ],
       [
        -88.107923,
        48.794445
       ],
       [
        -88.25389,
        48.87222
       ],
       [
        -88.25694,
        48.9975
       ],
       [
        -88.03556,
        49.02222
       ]
      ]
     ]
    ],
    "type": "MultiPolygon"
   },
   "id": "lake-void-lake-superior-plate-101-1842",
   "properties": {
    "coordinateFrame": "WGS84-reference-coordinates",
    "correctionFeatureId": "lake-void-lake-superior-plate-101-1842",
    "emittedAreaSquareKilometres": 14109.091,
    "geometryReferenceAgeMa": 0,
    "lake": "Lake Superior",
    "lakeAreaSquareKilometres": 82079.094,
    "lifecycleNativeCoastChartIds": [
     "cao-coast:GPlates-57229062-955f-47b5-9f50-d0fd15818b43:440:0",
     "cao-coast:GPlates-57229062-955f-47b5-9f50-d0fd15818b43:440:4",
     "cao-coast:GPlates-ca40378a-df29-4898-b48f-5a4435ead955:428:0",
     "cao-coast:GPlates-ca40378a-df29-4898-b48f-5a4435ead955:428:1",
     "cao-coast:GPlates-ca40378a-df29-4898-b48f-5a4435ead955:428:2",
     "cao-coast:GPlates-ca40378a-df29-4898-b48f-5a4435ead955:428:3",
     "cao-coast:GPlates-ca40378a-df29-4898-b48f-5a4435ead955:428:4",
     "cao-coast:GPlates-ca40378a-df29-4898-b48f-5a4435ead955:428:5"
    ],
    "naturalEarthIndex": 465,
    "onset": {
     "ageMa": 0.0118,
     "evidence": "observed/proxy-constrained",
     "sourceIds": [
      "larson-great-lakes-2001"
     ],
     "uncertaintyMa": 0.002
    },
    "plateId": 101,
    "sourceClass": "cao-void-inside-continental-outline",
    "staticFeatureId": "GPlates-57229062-955f-47b5-9f50-d0fd15818b43",
    "staticSourceOrder": 1842,
    "surfaceClass": "land",
    "touchingNativeCoastChartIds": [
     "cao-coast:GPlates-57229062-955f-47b5-9f50-d0fd15818b43:440:0",
     "cao-coast:GPlates-57229062-955f-47b5-9f50-d0fd15818b43:440:4",
     "cao-coast:GPlates-ca40378a-df29-4898-b48f-5a4435ead955:428:0",
     "cao-coast:GPlates-ca40378a-df29-4898-b48f-5a4435ead955:428:1",
     "cao-coast:GPlates-ca40378a-df29-4898-b48f-5a4435ead955:428:2",
     "cao-coast:GPlates-ca40378a-df29-4898-b48f-5a4435ead955:428:3",
     "cao-coast:GPlates-ca40378a-df29-4898-b48f-5a4435ead955:428:4",
     "cao-coast:GPlates-ca40378a-df29-4898-b48f-5a4435ead955:428:5"
    ],
    "validTimeMa": {
     "oldest": 1800.0,
     "youngest": 0.0118,
     "youngestExclusive": true
    },
    "voidAreaSquareKilometres": 80657.015
   },
   "type": "Feature"
  },
  {
   "geometry": {
    "coordinates": [
     [
      [
       29.10806,
       -4.616111
      ],
      [
       29.20472,
       -4.515556
      ],
      [
       29.23778,
       -4.053056
      ],
      [
       29.14333,
       -4.346389
      ],
      [
       29.04611,
       -4.306944
      ],
      [
       29.10639,
       -4.211944
      ],
      [
       29.137187,
       -3.567438
      ],
      [
       29.268282,
       -3.939512
      ],
      [
       29.347491,
       -4.073976
      ],
      [
       29.524537,
       -4.968085
      ],
      [
       29.106146,
       -4.693645
      ],
      [
       29.10806,
       -4.616111
      ]
     ]
    ],
    "type": "Polygon"
   },
   "id": "lake-void-lake-tanganyika-plate-701-1612",
   "properties": {
    "coordinateFrame": "WGS84-reference-coordinates",
    "correctionFeatureId": "lake-void-lake-tanganyika-plate-701-1612",
    "emittedAreaSquareKilometres": 3207.463,
    "geometryReferenceAgeMa": 0,
    "lake": "Lake Tanganyika",
    "lakeAreaSquareKilometres": 32896.744,
    "lifecycleNativeCoastChartIds": [
     "cao-coast:GPlates-6596d05c-f474-48ed-b966-3636881b9212:312:0",
     "cao-coast:GPlates-68fd6399-ed7e-4e82-b6d3-d56883eb49dd:290:0"
    ],
    "naturalEarthIndex": 477,
    "onset": {
     "ageMa": 10.5,
     "evidence": "observed/proxy-constrained",
     "sourceIds": [
      "cohen-tanganyika-1993"
     ],
     "uncertaintyMa": 1.5
    },
    "plateId": 701,
    "sourceClass": "cao-void-inside-continental-outline",
    "staticFeatureId": "GPlates-68fd6399-ed7e-4e82-b6d3-d56883eb49dd",
    "staticSourceOrder": 1612,
    "surfaceClass": "land",
    "touchingNativeCoastChartIds": [
     "cao-coast:GPlates-6596d05c-f474-48ed-b966-3636881b9212:312:0",
     "cao-coast:GPlates-68fd6399-ed7e-4e82-b6d3-d56883eb49dd:290:0"
    ],
    "validTimeMa": {
     "oldest": 1375.0,
     "youngest": 10.5,
     "youngestExclusive": true
    },
    "voidAreaSquareKilometres": 31799.323
   },
   "type": "Feature"
  },
  {
   "geometry": {
    "coordinates": [
     [
      [
       29.493883,
       -6.547077
      ],
      [
       29.721183,
       -6.266179
      ],
      [
       29.95389,
       -6.508056
      ],
      [
       29.984428,
       -6.50065
      ],
      [
       30.042846,
       -6.588406
      ],
      [
       30.215247,
       -6.774497
      ],
      [
       30.525312,
       -7.105684
      ],
      [
       30.49639,
       -7.109722
      ],
      [
       30.60972,
       -7.355
      ],
      [
       30.58389,
       -7.511944
      ],
      [
       30.95,
       -8.109167
      ],
      [
       30.97528,
       -8.2725
      ],
      [
       31.14583,
       -8.425833
      ],
      [
       31.17861,
       -8.751667
      ],
      [
       31.13722,
       -8.709722
      ],
      [
       31.02472,
       -8.801389
      ],
      [
       30.67611,
       -8.4825
      ],
      [
       30.54361,
       -8.588889
      ],
      [
       30.57778,
       -8.510278
      ],
      [
       30.47333,
       -8.513611
      ],
      [
       30.44139,
       -8.432778
      ],
      [
       30.56806,
       -8.303056
      ],
      [
       30.58611,
       -8.147222
      ],
      [
       30.27278,
       -7.844444
      ],
      [
       30.14778,
       -7.287222
      ],
      [
       29.96583,
       -7.109444
      ],
      [
       29.78222,
       -7.0525
      ],
      [
       29.54667,
       -6.775
      ],
      [
       29.493883,
       -6.547077
      ]
     ]
    ],
    "type": "Polygon"
   },
   "id": "lake-void-lake-tanganyika-plate-701-1653",
   "properties": {
    "coordinateFrame": "WGS84-reference-coordinates",
    "correctionFeatureId": "lake-void-lake-tanganyika-plate-701-1653",
    "emittedAreaSquareKilometres": 14326.736,
    "geometryReferenceAgeMa": 0,
    "lake": "Lake Tanganyika",
    "lakeAreaSquareKilometres": 32896.744,
    "lifecycleNativeCoastChartIds": [
     "cao-coast:GPlates-6596d05c-f474-48ed-b966-3636881b9212:312:0",
     "cao-coast:GPlates-6596d05c-f474-48ed-b966-3636881b9212:312:1",
     "cao-coast:GPlates-b5e18636-9d57-46b2-a8d8-617ab89dfdb2:359:0",
     "cao-coast:GPlates-e6a8f84b-468a-44d6-ae84-e66ab65c17d2:296:0",
     "cao-coast:GPlates-e6a8f84b-468a-44d6-ae84-e66ab65c17d2:296:1"
    ],
    "naturalEarthIndex": 477,
    "onset": {
     "ageMa": 10.5,
     "evidence": "observed/proxy-constrained",
     "sourceIds": [
      "cohen-tanganyika-1993"
     ],
     "uncertaintyMa": 1.5
    },
    "plateId": 701,
    "sourceClass": "cao-void-inside-continental-outline",
    "staticFeatureId": "GPlates-e6a8f84b-468a-44d6-ae84-e66ab65c17d2",
    "staticSourceOrder": 1653,
    "surfaceClass": "land",
    "touchingNativeCoastChartIds": [
     "cao-coast:GPlates-6596d05c-f474-48ed-b966-3636881b9212:312:0",
     "cao-coast:GPlates-6596d05c-f474-48ed-b966-3636881b9212:312:1",
     "cao-coast:GPlates-b5e18636-9d57-46b2-a8d8-617ab89dfdb2:359:0",
     "cao-coast:GPlates-e6a8f84b-468a-44d6-ae84-e66ab65c17d2:296:0",
     "cao-coast:GPlates-e6a8f84b-468a-44d6-ae84-e66ab65c17d2:296:1"
    ],
    "validTimeMa": {
     "oldest": 1375.0,
     "youngest": 10.5,
     "youngestExclusive": true
    },
    "voidAreaSquareKilometres": 31799.323
   },
   "type": "Feature"
  },
  {
   "geometry": {
    "coordinates": [
     [
      [
       [
        29.19028,
        -6.081389
       ],
       [
        29.18167,
        -5.919722
       ],
       [
        29.325,
        -5.823056
       ],
       [
        29.37806,
        -5.630278
       ],
       [
        29.09667,
        -5.0775
       ],
       [
        29.106146,
        -4.693645
       ],
       [
        29.524537,
        -4.968085
       ],
       [
        29.59334,
        -5.315549
       ],
       [
        29.480767,
        -5.502754
       ],
       [
        29.508218,
        -5.916629
       ],
       [
        29.723179,
        -6.135649
       ],
       [
        29.71417,
        -6.258889
       ],
       [
        29.721183,
        -6.266179
       ],
       [
        29.493883,
        -6.547077
       ],
       [
        29.48639,
        -6.514722
       ],
       [
        29.19028,
        -6.081389
       ]
      ]
     ],
     [
      [
       [
        29.14694,
        -3.363333
       ],
       [
        29.210486,
        -3.356548
       ],
       [
        29.26248,
        -3.644661
       ],
       [
        29.347491,
        -4.073976
       ],
       [
        29.268282,
        -3.939512
       ],
       [
        29.137187,
        -3.567438
       ],
       [
        29.14694,
        -3.363333
       ]
      ]
     ]
    ],
    "type": "MultiPolygon"
   },
   "id": "lake-void-lake-tanganyika-plate-701-1669",
   "properties": {
    "coordinateFrame": "WGS84-reference-coordinates",
    "correctionFeatureId": "lake-void-lake-tanganyika-plate-701-1669",
    "emittedAreaSquareKilometres": 7167.842,
    "geometryReferenceAgeMa": 0,
    "lake": "Lake Tanganyika",
    "lakeAreaSquareKilometres": 32896.744,
    "lifecycleNativeCoastChartIds": [
     "cao-coast:GPlates-6596d05c-f474-48ed-b966-3636881b9212:312:0",
     "cao-coast:GPlates-6596d05c-f474-48ed-b966-3636881b9212:312:1",
     "cao-coast:GPlates-68fd6399-ed7e-4e82-b6d3-d56883eb49dd:290:0",
     "cao-coast:GPlates-b5e18636-9d57-46b2-a8d8-617ab89dfdb2:359:0",
     "cao-coast:GPlates-e6a8f84b-468a-44d6-ae84-e66ab65c17d2:296:0",
     "cao-coast:GPlates-e6a8f84b-468a-44d6-ae84-e66ab65c17d2:296:1"
    ],
    "naturalEarthIndex": 477,
    "onset": {
     "ageMa": 10.5,
     "evidence": "observed/proxy-constrained",
     "sourceIds": [
      "cohen-tanganyika-1993"
     ],
     "uncertaintyMa": 1.5
    },
    "plateId": 701,
    "sourceClass": "cao-void-inside-continental-outline",
    "staticFeatureId": "GPlates-6596d05c-f474-48ed-b966-3636881b9212",
    "staticSourceOrder": 1669,
    "surfaceClass": "land",
    "touchingNativeCoastChartIds": [
     "cao-coast:GPlates-5f2273a8-3b1b-4d07-bcd4-c9aae775c264:374:0",
     "cao-coast:GPlates-6596d05c-f474-48ed-b966-3636881b9212:312:0",
     "cao-coast:GPlates-6596d05c-f474-48ed-b966-3636881b9212:312:1",
     "cao-coast:GPlates-68fd6399-ed7e-4e82-b6d3-d56883eb49dd:290:0",
     "cao-coast:GPlates-b5e18636-9d57-46b2-a8d8-617ab89dfdb2:359:0",
     "cao-coast:GPlates-e6a8f84b-468a-44d6-ae84-e66ab65c17d2:296:0",
     "cao-coast:GPlates-e6a8f84b-468a-44d6-ae84-e66ab65c17d2:296:1"
    ],
    "validTimeMa": {
     "oldest": 1375.0,
     "youngest": 10.5,
     "youngestExclusive": true
    },
    "voidAreaSquareKilometres": 31799.323
   },
   "type": "Feature"
  },
  {
   "geometry": {
    "coordinates": [
     [
      [
       [
        30.14861,
        -6.460833
       ],
       [
        30.56889,
        -6.967778
       ],
       [
        30.55806,
        -7.101111
       ],
       [
        30.525312,
        -7.105684
       ],
       [
        30.215247,
        -6.774497
       ],
       [
        30.042846,
        -6.588406
       ],
       [
        29.984428,
        -6.50065
       ],
       [
        30.14861,
        -6.460833
       ]
      ]
     ],
     [
      [
       [
        29.723179,
        -6.135649
       ],
       [
        29.508218,
        -5.916629
       ],
       [
        29.480767,
        -5.502754
       ],
       [
        29.59334,
        -5.315549
       ],
       [
        29.714935,
        -5.929616
       ],
       [
        29.825243,
        -5.992964
       ],
       [
        29.72944,
        -6.05
       ],
       [
        29.723179,
        -6.135649
       ]
      ]
     ]
    ],
    "type": "MultiPolygon"
   },
   "id": "lake-void-lake-tanganyika-plate-701-1798",
   "properties": {
    "coordinateFrame": "WGS84-reference-coordinates",
    "correctionFeatureId": "lake-void-lake-tanganyika-plate-701-1798",
    "emittedAreaSquareKilometres": 2776.544,
    "geometryReferenceAgeMa": 0,
    "lake": "Lake Tanganyika",
    "lakeAreaSquareKilometres": 32896.744,
    "lifecycleNativeCoastChartIds": [
     "cao-coast:GPlates-6596d05c-f474-48ed-b966-3636881b9212:312:1",
     "cao-coast:GPlates-b5e18636-9d57-46b2-a8d8-617ab89dfdb2:359:0",
     "cao-coast:GPlates-e6a8f84b-468a-44d6-ae84-e66ab65c17d2:296:0",
     "cao-coast:GPlates-e6a8f84b-468a-44d6-ae84-e66ab65c17d2:296:1"
    ],
    "naturalEarthIndex": 477,
    "onset": {
     "ageMa": 10.5,
     "evidence": "observed/proxy-constrained",
     "sourceIds": [
      "cohen-tanganyika-1993"
     ],
     "uncertaintyMa": 1.5
    },
    "plateId": 701,
    "sourceClass": "cao-void-inside-continental-outline",
    "staticFeatureId": "GPlates-b5e18636-9d57-46b2-a8d8-617ab89dfdb2",
    "staticSourceOrder": 1798,
    "surfaceClass": "land",
    "touchingNativeCoastChartIds": [
     "cao-coast:GPlates-5f2273a8-3b1b-4d07-bcd4-c9aae775c264:291:0",
     "cao-coast:GPlates-6596d05c-f474-48ed-b966-3636881b9212:312:1",
     "cao-coast:GPlates-b5e18636-9d57-46b2-a8d8-617ab89dfdb2:359:0",
     "cao-coast:GPlates-e6a8f84b-468a-44d6-ae84-e66ab65c17d2:296:0",
     "cao-coast:GPlates-e6a8f84b-468a-44d6-ae84-e66ab65c17d2:296:1"
    ],
    "validTimeMa": {
     "oldest": 1375.0,
     "youngest": 10.5,
     "youngestExclusive": true
    },
    "voidAreaSquareKilometres": 31799.323
   },
   "type": "Feature"
  },
  {
   "geometry": {
    "coordinates": [
     [
      [
       29.634699,
       -4.370001
      ],
      [
       29.66028,
       -4.420556
      ],
      [
       29.58694,
       -4.901667
      ],
      [
       29.78028,
       -5.008889
      ],
      [
       29.82056,
       -5.159167
      ],
      [
       29.73889,
       -5.448333
      ],
      [
       29.94889,
       -5.820556
      ],
      [
       29.945,
       -5.921667
      ],
      [
       29.825243,
       -5.992964
      ],
      [
       29.714935,
       -5.929616
      ],
      [
       29.59334,
       -5.315549
      ],
      [
       29.524537,
       -4.968085
      ],
      [
       29.347491,
       -4.073976
      ],
      [
       29.54567,
       -4.416051
      ],
      [
       29.634699,
       -4.370001
      ]
     ]
    ],
    "type": "Polygon"
   },
   "id": "lake-void-lake-tanganyika-plate-712-1613",
   "properties": {
    "coordinateFrame": "WGS84-reference-coordinates",
    "correctionFeatureId": "lake-void-lake-tanganyika-plate-712-1613",
    "emittedAreaSquareKilometres": 3889.78,
    "geometryReferenceAgeMa": 0,
    "lake": "Lake Tanganyika",
    "lakeAreaSquareKilometres": 32896.744,
    "lifecycleNativeCoastChartIds": [
     "cao-coast:GPlates-5f2273a8-3b1b-4d07-bcd4-c9aae775c264:291:0",
     "cao-coast:GPlates-5f2273a8-3b1b-4d07-bcd4-c9aae775c264:374:0"
    ],
    "naturalEarthIndex": 477,
    "onset": {
     "ageMa": 10.5,
     "evidence": "observed/proxy-constrained",
     "sourceIds": [
      "cohen-tanganyika-1993"
     ],
     "uncertaintyMa": 1.5
    },
    "plateId": 712,
    "sourceClass": "cao-void-inside-continental-outline",
    "staticFeatureId": "GPlates-5f2273a8-3b1b-4d07-bcd4-c9aae775c264",
    "staticSourceOrder": 1613,
    "surfaceClass": "land",
    "touchingNativeCoastChartIds": [
     "cao-coast:GPlates-5f2273a8-3b1b-4d07-bcd4-c9aae775c264:291:0",
     "cao-coast:GPlates-5f2273a8-3b1b-4d07-bcd4-c9aae775c264:374:0",
     "cao-coast:GPlates-b5e18636-9d57-46b2-a8d8-617ab89dfdb2:359:0"
    ],
    "validTimeMa": {
     "oldest": 1375.0,
     "youngest": 10.5,
     "youngestExclusive": true
    },
    "voidAreaSquareKilometres": 31799.323
   },
   "type": "Feature"
  },
  {
   "geometry": {
    "coordinates": [
     [
      [
       29.210486,
       -3.356548
      ],
      [
       29.31083,
       -3.345833
      ],
      [
       29.33222,
       -3.772222
      ],
      [
       29.634699,
       -4.370001
      ],
      [
       29.54567,
       -4.416051
      ],
      [
       29.347491,
       -4.073976
      ],
      [
       29.26248,
       -3.644661
      ],
      [
       29.210486,
       -3.356548
      ]
     ]
    ],
    "type": "Polygon"
   },
   "id": "lake-void-lake-tanganyika-plate-712-1829",
   "properties": {
    "coordinateFrame": "WGS84-reference-coordinates",
    "correctionFeatureId": "lake-void-lake-tanganyika-plate-712-1829",
    "emittedAreaSquareKilometres": 1216.642,
    "geometryReferenceAgeMa": 0,
    "lake": "Lake Tanganyika",
    "lakeAreaSquareKilometres": 32896.744,
    "lifecycleNativeCoastChartIds": [
     "cao-coast:GPlates-5f2273a8-3b1b-4d07-bcd4-c9aae775c264:291:0",
     "cao-coast:GPlates-5f2273a8-3b1b-4d07-bcd4-c9aae775c264:374:0"
    ],
    "naturalEarthIndex": 477,
    "onset": {
     "ageMa": 10.5,
     "evidence": "observed/proxy-constrained",
     "sourceIds": [
      "cohen-tanganyika-1993"
     ],
     "uncertaintyMa": 1.5
    },
    "plateId": 712,
    "sourceClass": "cao-void-inside-continental-outline",
    "staticFeatureId": "GPlates-5f2273a8-3b1b-4d07-bcd4-c9aae775c264",
    "staticSourceOrder": 1829,
    "surfaceClass": "land",
    "touchingNativeCoastChartIds": [
     "cao-coast:GPlates-5f2273a8-3b1b-4d07-bcd4-c9aae775c264:291:0",
     "cao-coast:GPlates-5f2273a8-3b1b-4d07-bcd4-c9aae775c264:374:0",
     "cao-coast:GPlates-6596d05c-f474-48ed-b966-3636881b9212:312:0"
    ],
    "validTimeMa": {
     "oldest": 1375.0,
     "youngest": 10.5,
     "youngestExclusive": true
    },
    "voidAreaSquareKilometres": 31799.323
   },
   "type": "Feature"
  },
  {
   "geometry": {
    "coordinates": [
     [
      [
       36.398647,
       2.805619
      ],
      [
       36.415414,
       3.000056
      ],
      [
       36.429167,
       2.978056
      ],
      [
       36.689722,
       2.883056
      ],
      [
       36.702778,
       2.48
      ],
      [
       36.621389,
       2.397222
      ],
      [
       36.538889,
       2.410278
      ],
      [
       36.398647,
       2.805619
      ]
     ]
    ],
    "type": "Polygon"
   },
   "id": "lake-void-lake-turkana-plate-709-1609",
   "properties": {
    "coordinateFrame": "WGS84-reference-coordinates",
    "correctionFeatureId": "lake-void-lake-turkana-plate-709-1609",
    "emittedAreaSquareKilometres": 1554.082,
    "geometryReferenceAgeMa": 0,
    "lake": "Lake Turkana",
    "lakeAreaSquareKilometres": 7746.45,
    "lifecycleNativeCoastChartIds": [
     "cao-coast:GPlates-09b23614-2048-4d4f-bb21-d8589774931c:288:0"
    ],
    "naturalEarthIndex": 1291,
    "onset": {
     "ageMa": 4.1,
     "evidence": "observed/proxy-constrained",
     "sourceIds": [
      "feibel-turkana-2011"
     ],
     "uncertaintyMa": 0.2
    },
    "plateId": 709,
    "sourceClass": "cao-void-inside-continental-outline",
    "staticFeatureId": "GPlates-09b23614-2048-4d4f-bb21-d8589774931c",
    "staticSourceOrder": 1609,
    "surfaceClass": "land",
    "touchingNativeCoastChartIds": [
     "cao-coast:GPlates-09b23614-2048-4d4f-bb21-d8589774931c:288:0",
     "cao-coast:GPlates-5f2273a8-3b1b-4d07-bcd4-c9aae775c264:327:0"
    ],
    "validTimeMa": {
     "oldest": 600.0,
     "youngest": 4.1,
     "youngestExclusive": true
    },
    "voidAreaSquareKilometres": 7386.44
   },
   "type": "Feature"
  },
  {
   "geometry": {
    "coordinates": [
     [
      [
       36.398647,
       2.805619
      ],
      [
       36.383889,
       2.847222
      ],
      [
       36.245556,
       2.979722
      ],
      [
       36.128611,
       2.989722
      ],
      [
       36.145556,
       3.215833
      ],
      [
       35.951944,
       3.325278
      ],
      [
       35.939167,
       3.544444
      ],
      [
       35.911667,
       3.483611
      ],
      [
       35.838611,
       3.629444
      ],
      [
       35.948056,
       4.579444
      ],
      [
       36.000556,
       4.629444
      ],
      [
       36.035556,
       4.525278
      ],
      [
       36.039167,
       4.633889
      ],
      [
       36.173333,
       4.653056
      ],
      [
       36.173889,
       4.6475
      ],
      [
       36.243889,
       4.141389
      ],
      [
       36.178611,
       3.950833
      ],
      [
       36.262222,
       3.753333
      ],
      [
       36.213333,
       3.323333
      ],
      [
       36.415414,
       3.000056
      ],
      [
       36.398647,
       2.805619
      ]
     ]
    ],
    "type": "Polygon"
   },
   "id": "lake-void-lake-turkana-plate-712-1695",
   "properties": {
    "coordinateFrame": "WGS84-reference-coordinates",
    "correctionFeatureId": "lake-void-lake-turkana-plate-712-1695",
    "emittedAreaSquareKilometres": 6184.903,
    "geometryReferenceAgeMa": 0,
    "lake": "Lake Turkana",
    "lakeAreaSquareKilometres": 7746.45,
    "lifecycleNativeCoastChartIds": [
     "cao-coast:GPlates-5f2273a8-3b1b-4d07-bcd4-c9aae775c264:327:0"
    ],
    "naturalEarthIndex": 1291,
    "onset": {
     "ageMa": 4.1,
     "evidence": "observed/proxy-constrained",
     "sourceIds": [
      "feibel-turkana-2011"
     ],
     "uncertaintyMa": 0.2
    },
    "plateId": 712,
    "sourceClass": "cao-void-inside-continental-outline",
    "staticFeatureId": "GPlates-5f2273a8-3b1b-4d07-bcd4-c9aae775c264",
    "staticSourceOrder": 1695,
    "surfaceClass": "land",
    "touchingNativeCoastChartIds": [
     "cao-coast:GPlates-09b23614-2048-4d4f-bb21-d8589774931c:288:0",
     "cao-coast:GPlates-5f2273a8-3b1b-4d07-bcd4-c9aae775c264:327:0"
    ],
    "validTimeMa": {
     "oldest": 870.0,
     "youngest": 4.1,
     "youngestExclusive": true
    },
    "voidAreaSquareKilometres": 7386.44
   },
   "type": "Feature"
  },
  {
   "geometry": {
    "coordinates": [
     [
      [
       [
        34.38806,
        -0.291111
       ],
       [
        34.34472,
        -0.193611
       ],
       [
        34.73722,
        -0.089722
       ],
       [
        34.83944,
        -0.309722
       ],
       [
        34.45722,
        -0.345
       ],
       [
        34.50639,
        -0.470556
       ],
       [
        34.448232,
        -0.511047
       ],
       [
        34.326749,
        -0.347479
       ],
       [
        34.38806,
        -0.291111
       ]
      ]
     ],
     [
      [
       [
        33.99227,
        0.102877
       ],
       [
        33.90763,
        0.21684
       ],
       [
        33.9875,
        0.270556
       ],
       [
        33.99227,
        0.102877
       ]
      ]
     ]
    ],
    "type": "MultiPolygon"
   },
   "id": "lake-void-lake-victoria-plate-712-1673",
   "properties": {
    "coordinateFrame": "WGS84-reference-coordinates",
    "correctionFeatureId": "lake-void-lake-victoria-plate-712-1673",
    "emittedAreaSquareKilometres": 1329.13,
    "geometryReferenceAgeMa": 0,
    "lake": "Lake Victoria",
    "lakeAreaSquareKilometres": 67332.223,
    "lifecycleNativeCoastChartIds": [
     "cao-coast:GPlates-21a35828-eaf1-4d74-b8b9-90cd685a6c76:316:0",
     "cao-coast:GPlates-5f2273a8-3b1b-4d07-bcd4-c9aae775c264:358:0",
     "cao-coast:GPlates-5f2273a8-3b1b-4d07-bcd4-c9aae775c264:358:2",
     "cao-coast:GPlates-5f2273a8-3b1b-4d07-bcd4-c9aae775c264:358:3"
    ],
    "naturalEarthIndex": 478,
    "onset": {
     "ageMa": 0.4,
     "evidence": "observed/proxy-constrained",
     "sourceIds": [
      "johnson-lake-victoria-1996"
     ],
     "uncertaintyMa": 0.1
    },
    "plateId": 712,
    "sourceClass": "cao-void-inside-continental-outline",
    "staticFeatureId": "GPlates-21a35828-eaf1-4d74-b8b9-90cd685a6c76",
    "staticSourceOrder": 1673,
    "surfaceClass": "land",
    "touchingNativeCoastChartIds": [
     "cao-coast:GPlates-21a35828-eaf1-4d74-b8b9-90cd685a6c76:316:0",
     "cao-coast:GPlates-5f2273a8-3b1b-4d07-bcd4-c9aae775c264:358:0",
     "cao-coast:GPlates-5f2273a8-3b1b-4d07-bcd4-c9aae775c264:358:2",
     "cao-coast:GPlates-5f2273a8-3b1b-4d07-bcd4-c9aae775c264:358:3"
    ],
    "validTimeMa": {
     "oldest": 750.0,
     "youngest": 0.4,
     "youngestExclusive": true
    },
    "voidAreaSquareKilometres": 65914.763
   },
   "type": "Feature"
  },
  {
   "geometry": {
    "coordinates": [
     [
      [
       33.99639,
       -0.041944
      ],
      [
       34.05778,
       -0.111667
      ],
      [
       34.120049,
       -0.069169
      ],
      [
       34.125312,
       -0.076256
      ],
      [
       34.08417,
       -0.155556
      ],
      [
       34.25083,
       -0.254167
      ],
      [
       34.27778,
       -0.3925
      ],
      [
       34.326749,
       -0.347479
      ],
      [
       34.448232,
       -0.511047
      ],
      [
       34.425,
       -0.527222
      ],
      [
       34.39694,
       -0.4525
      ],
      [
       34.33972,
       -0.487778
      ],
      [
       34.21056,
       -0.4175
      ],
      [
       34.06,
       -0.564444
      ],
      [
       34.03444,
       -0.731667
      ],
      [
       34.18111,
       -0.871389
      ],
      [
       34.13111,
       -1.006944
      ],
      [
       34.03917,
       -1.003889
      ],
      [
       34.09722,
       -1.020278
      ],
      [
       33.86667,
       -1.252222
      ],
      [
       33.98889,
       -1.369167
      ],
      [
       33.80389,
       -1.325833
      ],
      [
       33.85806,
       -1.410833
      ],
      [
       33.77972,
       -1.403056
      ],
      [
       33.95694,
       -1.523889
      ],
      [
       33.65167,
       -1.476111
      ],
      [
       33.68667,
       -1.531111
      ],
      [
       33.61472,
       -1.566944
      ],
      [
       33.70167,
       -1.675556
      ],
      [
       33.53694,
       -1.680833
      ],
      [
       33.64444,
       -1.776389
      ],
      [
       33.47306,
       -1.851111
      ],
      [
       33.375,
       -1.799167
      ],
      [
       33.285,
       -1.928333
      ],
      [
       33.45917,
       -1.8825
      ],
      [
       33.55472,
       -2.027778
      ],
      [
       33.40639,
       -1.970833
      ],
      [
       33.3775,
       -2.054722
      ],
      [
       33.21611,
       -2.0425
      ],
      [
       33.22056,
       -2.140833
      ],
      [
       33.36222,
       -2.1725
      ],
      [
       33.60306,
       -2.182778
      ],
      [
       33.76444,
       -2.084722
      ],
      [
       33.83528,
       -2.225833
      ],
      [
       33.40083,
       -2.471111
      ],
      [
       33.45861,
       -2.498056
      ],
      [
       33.42611,
       -2.557222
      ],
      [
       33.19889,
       -2.516389
      ],
      [
       33.10528,
       -2.391389
      ],
      [
       32.91583,
       -2.418889
      ],
      [
       32.86361,
       -2.635278
      ],
      [
       32.92833,
       -2.820833
      ],
      [
       33.02611,
       -2.880556
      ],
      [
       32.89917,
       -2.805
      ],
      [
       32.75694,
       -3.013889
      ],
      [
       32.79611,
       -2.916667
      ],
      [
       32.72194,
       -2.865278
      ],
      [
       32.84389,
       -2.829722
      ],
      [
       32.86944,
       -2.749444
      ],
      [
       32.795,
       -2.644444
      ],
      [
       32.83472,
       -2.514167
      ],
      [
       32.67528,
       -2.520556
      ],
      [
       32.65222,
       -2.381389
      ],
      [
       32.51722,
       -2.561667
      ],
      [
       32.54972,
       -2.441944
      ],
      [
       32.37083,
       -2.436389
      ],
      [
       32.31167,
       -2.273889
      ],
      [
       32.21833,
       -2.251667
      ],
      [
       32.16611,
       -2.3875
      ],
      [
       32.06,
       -2.404167
      ],
      [
       32.15917,
       -2.554167
      ],
      [
       32.02833,
       -2.475556
      ],
      [
       31.92833,
       -2.599444
      ],
      [
       32.02389,
       -2.759722
      ],
      [
       31.89889,
       -2.638333
      ],
      [
       31.79472,
       -2.834444
      ],
      [
       31.76778,
       -2.661667
      ],
      [
       31.86028,
       -2.610278
      ],
      [
       31.75611,
       -2.624722
      ],
      [
       31.71611,
       -2.544444
      ],
      [
       31.79444,
       -2.474167
      ],
      [
       31.75639,
       -2.330556
      ],
      [
       31.63556,
       -2.368611
      ],
      [
       31.70806,
       -2.007222
      ],
      [
       31.61389,
       -2.044167
      ],
      [
       31.86917,
       -1.159722
      ],
      [
       31.86722,
       -1.03
      ],
      [
       31.82583,
       -0.989722
      ],
      [
       31.76972,
       -1.054722
      ],
      [
       31.77,
       -0.871667
      ],
      [
       31.69806,
       -0.805833
      ],
      [
       31.84056,
       -0.484444
      ],
      [
       32.03583,
       -0.321389
      ],
      [
       31.92306,
       -0.198333
      ],
      [
       31.92389,
       -0.130556
      ],
      [
       32.0725,
       -0.098889
      ],
      [
       32.01806,
       -0.05
      ],
      [
       32.19167,
       -0.075833
      ],
      [
       32.20806,
       0.033333
      ],
      [
       32.28861,
       -0.023889
      ],
      [
       32.25417,
       0.046111
      ],
      [
       32.37361,
       -0.028333
      ],
      [
       32.36639,
       0.080556
      ],
      [
       32.44861,
       0.118611
      ],
      [
       32.43194,
       0.033889
      ],
      [
       32.56639,
       0.046389
      ],
      [
       32.56472,
       0.187222
      ],
      [
       32.65083,
       0.291111
      ],
      [
       32.65472,
       0.168056
      ],
      [
       32.74167,
       0.176111
      ],
      [
       32.66194,
       0.090278
      ],
      [
       32.88083,
       0.193611
      ],
      [
       32.89722,
       0.072222
      ],
      [
       32.97889,
       0.088889
      ],
      [
       33.095,
       0.185278
      ],
      [
       33.07278,
       0.262778
      ],
      [
       33.13278,
       0.213611
      ],
      [
       33.15583,
       0.313333
      ],
      [
       33.26889,
       0.3725
      ],
      [
       33.18694,
       0.426111
      ],
      [
       33.36444,
       0.491944
      ],
      [
       33.31639,
       0.350556
      ],
      [
       33.46833,
       0.351389
      ],
      [
       33.51111,
       0.276944
      ],
      [
       33.39722,
       0.288056
      ],
      [
       33.48806,
       0.182778
      ],
      [
       33.49306,
       0.232778
      ],
      [
       33.52167,
       0.177222
      ],
      [
       33.60778,
       0.214167
      ],
      [
       33.63861,
       0.323889
      ],
      [
       33.75639,
       0.316944
      ],
      [
       33.70583,
       0.1975
      ],
      [
       33.79194,
       0.235833
      ],
      [
       33.81444,
       0.154167
      ],
      [
       33.90763,
       0.21684
      ],
      [
       33.99227,
       0.102877
      ],
      [
       33.99639,
       -0.041944
      ]
     ]
    ],
    "type": "Polygon"
   },
   "id": "lake-void-lake-victoria-plate-712-1797",
   "properties": {
    "coordinateFrame": "WGS84-reference-coordinates",
    "correctionFeatureId": "lake-void-lake-victoria-plate-712-1797",
    "emittedAreaSquareKilometres": 68002.182,
    "geometryReferenceAgeMa": 0,
    "lake": "Lake Victoria",
    "lakeAreaSquareKilometres": 67332.223,
    "lifecycleNativeCoastChartIds": [
     "cao-coast:GPlates-21a35828-eaf1-4d74-b8b9-90cd685a6c76:316:0",
     "cao-coast:GPlates-5f2273a8-3b1b-4d07-bcd4-c9aae775c264:358:0",
     "cao-coast:GPlates-5f2273a8-3b1b-4d07-bcd4-c9aae775c264:358:2",
     "cao-coast:GPlates-5f2273a8-3b1b-4d07-bcd4-c9aae775c264:358:3"
    ],
    "naturalEarthIndex": 478,
    "onset": {
     "ageMa": 0.4,
     "evidence": "observed/proxy-constrained",
     "sourceIds": [
      "johnson-lake-victoria-1996"
     ],
     "uncertaintyMa": 0.1
    },
    "plateId": 712,
    "sourceClass": "cao-void-inside-continental-outline",
    "staticFeatureId": "GPlates-5f2273a8-3b1b-4d07-bcd4-c9aae775c264",
    "staticSourceOrder": 1797,
    "surfaceClass": "land",
    "touchingNativeCoastChartIds": [
     "cao-coast:GPlates-21a35828-eaf1-4d74-b8b9-90cd685a6c76:316:0",
     "cao-coast:GPlates-5f2273a8-3b1b-4d07-bcd4-c9aae775c264:358:0",
     "cao-coast:GPlates-5f2273a8-3b1b-4d07-bcd4-c9aae775c264:358:2",
     "cao-coast:GPlates-5f2273a8-3b1b-4d07-bcd4-c9aae775c264:358:3"
    ],
    "validTimeMa": {
     "oldest": 750.0,
     "youngest": 0.4,
     "youngestExclusive": true
    },
    "voidAreaSquareKilometres": 65914.763
   },
   "type": "Feature"
  },
  {
   "geometry": {
    "coordinates": [
     [
      [
       0.123297,
       6.373076
      ],
      [
       0.084949,
       6.313483
      ],
      [
       0.075,
       6.471667
      ],
      [
       0.0,
       6.338333
      ],
      [
       -0.009167,
       6.331667
      ],
      [
       -0.114167,
       6.508889
      ],
      [
       -0.598889,
       6.704167
      ],
      [
       -0.721944,
       6.844722
      ],
      [
       -0.553056,
       6.773889
      ],
      [
       -0.536667,
       6.864722
      ],
      [
       -0.509444,
       6.734722
      ],
      [
       -0.411667,
       6.705
      ],
      [
       -0.381944,
       6.854167
      ],
      [
       -0.353889,
       6.691389
      ],
      [
       -0.203889,
       6.754444
      ],
      [
       -0.1625,
       6.636389
      ],
      [
       -0.039444,
       6.629167
      ],
      [
       -0.019167,
       6.754722
      ],
      [
       -0.090833,
       6.823333
      ],
      [
       0.0,
       6.849669
      ],
      [
       0.116111,
       6.883333
      ],
      [
       0.001389,
       6.902222
      ],
      [
       0.048611,
       6.993056
      ],
      [
       0.132222,
       6.954444
      ],
      [
       0.061667,
       7.016111
      ],
      [
       0.128056,
       7.052222
      ],
      [
       0.093889,
       7.136667
      ],
      [
       0.003611,
       7.214444
      ],
      [
       0.103611,
       7.174722
      ],
      [
       0.1975,
       7.269444
      ],
      [
       0.001389,
       7.505556
      ],
      [
       0.0,
       7.505618
      ],
      [
       -0.086389,
       7.509444
      ],
      [
       -0.051667,
       7.419167
      ],
      [
       -0.251667,
       7.518889
      ],
      [
       0.0,
       7.531623
      ],
      [
       0.050278,
       7.534167
      ],
      [
       0.0025,
       7.568056
      ],
      [
       0.0,
       7.571118
      ],
      [
       -0.069167,
       7.655833
      ],
      [
       -0.228056,
       7.659722
      ],
      [
       -0.670278,
       7.536111
      ],
      [
       -0.080833,
       7.756111
      ],
      [
       -0.172222,
       7.767778
      ],
      [
       -0.126111,
       7.823611
      ],
      [
       -0.209167,
       7.9125
      ],
      [
       -0.178333,
       7.981111
      ],
      [
       -0.320833,
       8.096944
      ],
      [
       -0.351944,
       7.980278
      ],
      [
       -0.452222,
       7.956111
      ],
      [
       -0.354722,
       8.055833
      ],
      [
       -0.455,
       8.096111
      ],
      [
       -0.551389,
       7.993611
      ],
      [
       -0.503889,
       8.118333
      ],
      [
       -0.549444,
       8.169167
      ],
      [
       -0.6525,
       8.063333
      ],
      [
       -0.642222,
       8.124167
      ],
      [
       -0.764444,
       8.085833
      ],
      [
       -0.589444,
       8.187778
      ],
      [
       -0.851389,
       8.315
      ],
      [
       -0.753056,
       8.3375
      ],
      [
       -0.95,
       8.635278
      ],
      [
       -1.131389,
       8.665556
      ],
      [
       -1.154167,
       8.534167
      ],
      [
       -1.185,
       8.663611
      ],
      [
       -1.408611,
       8.754722
      ],
      [
       -1.714722,
       8.625278
      ],
      [
       -1.378333,
       8.775
      ],
      [
       -1.376111,
       8.8375
      ],
      [
       -1.2425,
       8.69
      ],
      [
       -1.016389,
       8.691111
      ],
      [
       -1.021111,
       8.770278
      ],
      [
       -1.180556,
       8.802222
      ],
      [
       -1.099444,
       8.805833
      ],
      [
       -1.1875,
       8.947222
      ],
      [
       -1.140833,
       9.112778
      ],
      [
       -1.093889,
       9.022778
      ],
      [
       -1.146667,
       8.924722
      ],
      [
       -1.043056,
       8.810556
      ],
      [
       -1.019167,
       8.873889
      ],
      [
       -0.859167,
       8.543056
      ],
      [
       -0.785833,
       8.603056
      ],
      [
       -0.843611,
       8.681667
      ],
      [
       -0.795,
       8.77
      ],
      [
       -0.821944,
       8.684722
      ],
      [
       -0.743542,
       8.624792
      ],
      [
       -0.704722,
       8.665278
      ],
      [
       -0.826111,
       8.484722
      ],
      [
       -0.541944,
       8.2775
      ],
      [
       -0.509167,
       8.178611
      ],
      [
       -0.400833,
       8.175278
      ],
      [
       -0.385,
       8.246944
      ],
      [
       -0.183889,
       8.220556
      ],
      [
       -0.187778,
       8.167222
      ],
      [
       -0.329722,
       8.195833
      ],
      [
       -0.335278,
       8.135556
      ],
      [
       -0.141667,
       8.039444
      ],
      [
       -0.059167,
       7.768056
      ],
      [
       0.0,
       7.768183
      ],
      [
       0.069722,
       7.768333
      ],
      [
       0.040556,
       7.932778
      ],
      [
       0.112222,
       8.011667
      ],
      [
       0.032222,
       8.066111
      ],
      [
       0.190833,
       8.086111
      ],
      [
       0.080556,
       8.223611
      ],
      [
       0.139152,
       8.249268
      ],
      [
       0.204777,
       8.349268
      ],
      [
       0.0825,
       8.375833
      ],
      [
       0.074167,
       8.546389
      ],
      [
       0.126652,
       8.599268
      ],
      [
       0.154167,
       8.810556
      ],
      [
       0.240833,
       8.959167
      ],
      [
       0.095556,
       8.439444
      ],
      [
       0.300278,
       8.341944
      ],
      [
       0.196389,
       8.320556
      ],
      [
       0.142222,
       8.215556
      ],
      [
       0.221667,
       8.198056
      ],
      [
       0.1925,
       8.108611
      ],
      [
       0.282778,
       8.108889
      ],
      [
       0.126944,
       8.053889
      ],
      [
       0.166944,
       7.984444
      ],
      [
       0.078889,
       7.939444
      ],
      [
       0.182778,
       7.908611
      ],
      [
       0.153333,
       7.796667
      ],
      [
       0.271667,
       7.917778
      ],
      [
       0.205278,
       7.821667
      ],
      [
       0.280556,
       7.785833
      ],
      [
       0.293611,
       7.588056
      ],
      [
       0.203889,
       7.535833
      ],
      [
       0.249722,
       7.456111
      ],
      [
       0.332222,
       7.561944
      ],
      [
       0.268889,
       7.351389
      ],
      [
       0.320556,
       7.281111
      ],
      [
       0.261111,
       7.113889
      ],
      [
       0.314722,
       7.108611
      ],
      [
       0.218333,
       6.855833
      ],
      [
       0.242778,
       6.65
      ],
      [
       0.320833,
       6.786111
      ],
      [
       0.318889,
       6.701111
      ],
      [
       0.31134,
       6.665293
      ],
      [
       0.292489,
       6.636
      ],
      [
       0.146667,
       6.601389
      ],
      [
       0.123297,
       6.373076
      ]
     ]
    ],
    "type": "Polygon"
   },
   "id": "lake-void-lake-volta-plate-714-1593",
   "properties": {
    "coordinateFrame": "WGS84-reference-coordinates",
    "correctionFeatureId": "lake-void-lake-volta-plate-714-1593",
    "emittedAreaSquareKilometres": 8279.998,
    "geometryReferenceAgeMa": 0,
    "lake": "Lake Volta",
    "lakeAreaSquareKilometres": 7993.778,
    "lifecycleNativeCoastChartIds": [
     "cao-coast:GPlates-27c092ba-06b7-4be7-8aec-aec5f029b890:285:0",
     "cao-coast:GPlates-27c092ba-06b7-4be7-8aec-aec5f029b890:285:1"
    ],
    "naturalEarthIndex": 1185,
    "onset": {
     "ageMa": 0,
     "evidence": "present-only default",
     "sourceIds": [
      "natural-earth-lakes-10m"
     ]
    },
    "plateId": 714,
    "sourceClass": "cao-void-inside-continental-outline",
    "staticFeatureId": "GPlates-27c092ba-06b7-4be7-8aec-aec5f029b890",
    "staticSourceOrder": 1593,
    "surfaceClass": "land",
    "touchingNativeCoastChartIds": [
     "cao-coast:GPlates-111d57ff-fa26-4cd9-8f08-cc21f8400126:365:0",
     "cao-coast:GPlates-27c092ba-06b7-4be7-8aec-aec5f029b890:285:0",
     "cao-coast:GPlates-27c092ba-06b7-4be7-8aec-aec5f029b890:285:1"
    ],
    "validTimeMa": {
     "oldest": 1800.0,
     "youngest": 0.0,
     "youngestExclusive": true
    },
    "voidAreaSquareKilometres": 6676.247
   },
   "type": "Feature"
  },
  {
   "geometry": {
    "coordinates": [
     [
      [
       0.084949,
       6.313483
      ],
      [
       0.123297,
       6.373076
      ],
      [
       0.097222,
       6.118333
      ],
      [
       0.084949,
       6.313483
      ]
     ]
    ],
    "type": "Polygon"
   },
   "id": "lake-void-lake-volta-plate-760-1804",
   "properties": {
    "coordinateFrame": "WGS84-reference-coordinates",
    "correctionFeatureId": "lake-void-lake-volta-plate-760-1804",
    "emittedAreaSquareKilometres": 50.475,
    "geometryReferenceAgeMa": 0,
    "lake": "Lake Volta",
    "lakeAreaSquareKilometres": 7993.778,
    "lifecycleNativeCoastChartIds": [
     "cao-coast:GPlates-111d57ff-fa26-4cd9-8f08-cc21f8400126:365:0"
    ],
    "naturalEarthIndex": 1185,
    "onset": {
     "ageMa": 0,
     "evidence": "present-only default",
     "sourceIds": [
      "natural-earth-lakes-10m"
     ]
    },
    "plateId": 760,
    "sourceClass": "cao-void-inside-continental-outline",
    "staticFeatureId": "GPlates-111d57ff-fa26-4cd9-8f08-cc21f8400126",
    "staticSourceOrder": 1804,
    "surfaceClass": "land",
    "touchingNativeCoastChartIds": [
     "cao-coast:GPlates-111d57ff-fa26-4cd9-8f08-cc21f8400126:365:0",
     "cao-coast:GPlates-27c092ba-06b7-4be7-8aec-aec5f029b890:285:0",
     "cao-coast:GPlates-27c092ba-06b7-4be7-8aec-aec5f029b890:285:1"
    ],
    "validTimeMa": {
     "oldest": 1000.0,
     "youngest": 0.0,
     "youngestExclusive": true
    },
    "voidAreaSquareKilometres": 6676.247
   },
   "type": "Feature"
  },
  {
   "geometry": {
    "coordinates": [
     [
      [
       -96.425,
       51.08417
      ],
      [
       -96.29556,
       50.61944
      ],
      [
       -96.53722,
       50.72778
      ],
      [
       -96.55778,
       50.46194
      ],
      [
       -96.66194,
       50.3975
      ],
      [
       -96.91528,
       50.42194
      ],
      [
       -96.98667,
       50.69444
      ],
      [
       -96.94417,
       51.04611
      ],
      [
       -96.60639,
       51.33667
      ],
      [
       -96.71083,
       51.37194
      ],
      [
       -96.98583,
       51.18333
      ],
      [
       -96.72278,
       51.60639
      ],
      [
       -96.90417,
       51.72278
      ],
      [
       -97.08972,
       51.66222
      ],
      [
       -97.25917,
       51.43111
      ],
      [
       -97.21889,
       51.79472
      ],
      [
       -97.3325,
       52.03583
      ],
      [
       -97.58778,
       51.92194
      ],
      [
       -97.48694,
       52.13111
      ],
      [
       -97.77111,
       52.1225
      ],
      [
       -97.76417,
       51.85972
      ],
      [
       -98.02556,
       51.94361
      ],
      [
       -98.19056,
       52.28833
      ],
      [
       -98.415,
       52.36417
      ],
      [
       -98.89833,
       52.85056
      ],
      [
       -98.86333,
       52.93806
      ],
      [
       -98.52472,
       52.9975
      ],
      [
       -98.43528,
       53.04667
      ],
      [
       -99.03083,
       53.04278
      ],
      [
       -99.25139,
       53.18778
      ],
      [
       -99.21583,
       53.33
      ],
      [
       -98.90833,
       53.87889
      ],
      [
       -98.35333,
       53.85528
      ],
      [
       -97.88417,
       53.70306
      ],
      [
       -98.31694,
       53.98889
      ],
      [
       -98.01111,
       54.41444
      ],
      [
       -97.90694,
       54.35028
      ],
      [
       -97.98694,
       54.31083
      ],
      [
       -97.79639,
       54.30083
      ],
      [
       -98.13917,
       54.18611
      ],
      [
       -98.22694,
       54.005
      ],
      [
       -98.07889,
       53.9225
      ],
      [
       -97.73167,
       54.08639
      ],
      [
       -97.77972,
       53.99333
      ],
      [
       -97.97778,
       53.96056
      ],
      [
       -97.8325,
       53.61583
      ],
      [
       -97.3275,
       53.01306
      ],
      [
       -97.43528,
       52.94778
      ],
      [
       -97.03528,
       52.42028
      ],
      [
       -97.00278,
       52.25944
      ],
      [
       -97.08806,
       52.24
      ],
      [
       -96.82361,
       51.96139
      ],
      [
       -96.8725,
       51.87361
      ],
      [
       -96.70222,
       51.81278
      ],
      [
       -96.78361,
       51.755
      ],
      [
       -96.25806,
       51.21278
      ],
      [
       -96.425,
       51.08417
      ]
     ]
    ],
    "type": "Polygon"
   },
   "id": "lake-void-lake-winnipeg-plate-101-1842",
   "properties": {
    "coordinateFrame": "WGS84-reference-coordinates",
    "correctionFeatureId": "lake-void-lake-winnipeg-plate-101-1842",
    "emittedAreaSquareKilometres": 25116.075,
    "geometryReferenceAgeMa": 0,
    "lake": "Lake Winnipeg",
    "lakeAreaSquareKilometres": 24693.533,
    "lifecycleNativeCoastChartIds": [
     "cao-coast:GPlates-57229062-955f-47b5-9f50-d0fd15818b43:440:0"
    ],
    "naturalEarthIndex": 8,
    "onset": {
     "ageMa": 0.0115,
     "evidence": "observed/proxy-constrained",
     "sourceIds": [
      "todd-lake-winnipeg-1998"
     ],
     "uncertaintyMa": 0.001
    },
    "plateId": 101,
    "sourceClass": "cao-void-inside-continental-outline",
    "staticFeatureId": "GPlates-57229062-955f-47b5-9f50-d0fd15818b43",
    "staticSourceOrder": 1842,
    "surfaceClass": "land",
    "touchingNativeCoastChartIds": [
     "cao-coast:GPlates-57229062-955f-47b5-9f50-d0fd15818b43:440:0"
    ],
    "validTimeMa": {
     "oldest": 1800.0,
     "youngest": 0.0115,
     "youngestExclusive": true
    },
    "voidAreaSquareKilometres": 23617.62
   },
   "type": "Feature"
  },
  {
   "geometry": {
    "coordinates": [
     [
      [
       -99.735,
       52.959167
      ],
      [
       -99.795833,
       52.859167
      ],
      [
       -99.658056,
       52.903333
      ],
      [
       -99.730833,
       52.815556
      ],
      [
       -99.634722,
       52.532222
      ],
      [
       -99.857778,
       52.27
      ],
      [
       -99.738889,
       52.0175
      ],
      [
       -99.803056,
       51.744444
      ],
      [
       -99.72,
       51.73
      ],
      [
       -99.686389,
       51.870278
      ],
      [
       -99.621389,
       51.823889
      ],
      [
       -99.606111,
       51.618611
      ],
      [
       -99.756944,
       51.573056
      ],
      [
       -99.946389,
       51.694444
      ],
      [
       -99.965833,
       52.042778
      ],
      [
       -99.997222,
       51.719444
      ],
      [
       -100.141111,
       51.908889
      ],
      [
       -100.176667,
       52.2775
      ],
      [
       -99.978889,
       52.559444
      ],
      [
       -100.048611,
       52.798056
      ],
      [
       -100.25,
       52.898056
      ],
      [
       -100.362778,
       52.810278
      ],
      [
       -100.258056,
       52.759722
      ],
      [
       -100.263056,
       52.6025
      ],
      [
       -100.433056,
       52.749444
      ],
      [
       -100.429167,
       52.971667
      ],
      [
       -100.506222,
       52.971595
      ],
      [
       -100.499396,
       53.010114
      ],
      [
       -100.420887,
       53.14437
      ],
      [
       -99.735,
       52.959167
      ]
     ]
    ],
    "type": "Polygon"
   },
   "id": "lake-void-lake-winnipegosis-plate-101-1842",
   "properties": {
    "coordinateFrame": "WGS84-reference-coordinates",
    "correctionFeatureId": "lake-void-lake-winnipegosis-plate-101-1842",
    "emittedAreaSquareKilometres": 4481.977,
    "geometryReferenceAgeMa": 0,
    "lake": "Lake Winnipegosis",
    "lakeAreaSquareKilometres": 5340.893,
    "lifecycleNativeCoastChartIds": [
     "cao-coast:GPlates-57229062-955f-47b5-9f50-d0fd15818b43:440:0",
     "cao-coast:GPlates-5f6bb9c0-ce31-45fe-80aa-0066439e7a01:442:0"
    ],
    "naturalEarthIndex": 20,
    "onset": {
     "ageMa": 0,
     "evidence": "present-only default",
     "sourceIds": [
      "natural-earth-lakes-10m"
     ]
    },
    "plateId": 101,
    "sourceClass": "cao-void-inside-continental-outline",
    "staticFeatureId": "GPlates-57229062-955f-47b5-9f50-d0fd15818b43",
    "staticSourceOrder": 1842,
    "surfaceClass": "land",
    "touchingNativeCoastChartIds": [
     "cao-coast:GPlates-57229062-955f-47b5-9f50-d0fd15818b43:440:0",
     "cao-coast:GPlates-5f6bb9c0-ce31-45fe-80aa-0066439e7a01:442:0"
    ],
    "validTimeMa": {
     "oldest": 1800.0,
     "youngest": 0.0,
     "youngestExclusive": true
    },
    "voidAreaSquareKilometres": 4933.346
   },
   "type": "Feature"
  },
  {
   "geometry": {
    "coordinates": [
     [
      [
       -100.420887,
       53.14437
      ],
      [
       -100.499396,
       53.010114
      ],
      [
       -100.506222,
       52.971595
      ],
      [
       -100.725556,
       52.971389
      ],
      [
       -100.595278,
       52.881111
      ],
      [
       -100.673611,
       52.751389
      ],
      [
       -100.828056,
       52.734444
      ],
      [
       -100.805556,
       52.819722
      ],
      [
       -100.944444,
       52.781389
      ],
      [
       -101.013333,
       52.866111
      ],
      [
       -101.057222,
       53.137778
      ],
      [
       -100.8275,
       53.072778
      ],
      [
       -100.565556,
       53.177222
      ],
      [
       -100.4325,
       53.148889
      ],
      [
       -100.425278,
       53.145556
      ],
      [
       -100.420887,
       53.14437
      ]
     ]
    ],
    "type": "Polygon"
   },
   "id": "lake-void-lake-winnipegosis-plate-101-1844",
   "properties": {
    "coordinateFrame": "WGS84-reference-coordinates",
    "correctionFeatureId": "lake-void-lake-winnipegosis-plate-101-1844",
    "emittedAreaSquareKilometres": 1189.941,
    "geometryReferenceAgeMa": 0,
    "lake": "Lake Winnipegosis",
    "lakeAreaSquareKilometres": 5340.893,
    "lifecycleNativeCoastChartIds": [
     "cao-coast:GPlates-57229062-955f-47b5-9f50-d0fd15818b43:440:0",
     "cao-coast:GPlates-5f6bb9c0-ce31-45fe-80aa-0066439e7a01:442:0"
    ],
    "naturalEarthIndex": 20,
    "onset": {
     "ageMa": 0,
     "evidence": "present-only default",
     "sourceIds": [
      "natural-earth-lakes-10m"
     ]
    },
    "plateId": 101,
    "sourceClass": "cao-void-inside-continental-outline",
    "staticFeatureId": "GPlates-5f6bb9c0-ce31-45fe-80aa-0066439e7a01",
    "staticSourceOrder": 1844,
    "surfaceClass": "land",
    "touchingNativeCoastChartIds": [
     "cao-coast:GPlates-57229062-955f-47b5-9f50-d0fd15818b43:440:0",
     "cao-coast:GPlates-5f6bb9c0-ce31-45fe-80aa-0066439e7a01:442:0"
    ],
    "validTimeMa": {
     "oldest": 1800.0,
     "youngest": 0.0,
     "youngestExclusive": true
    },
    "voidAreaSquareKilometres": 4933.346
   },
   "type": "Feature"
  },
  {
   "geometry": {
    "coordinates": [
     [
      [
       -110.196546,
       62.920842
      ],
      [
       -109.7047,
       62.92111
      ],
      [
       -109.603556,
       62.904743
      ],
      [
       -109.604015,
       62.903443
      ],
      [
       -109.604812,
       62.90174
      ],
      [
       -109.570678,
       62.899422
      ],
      [
       -109.507617,
       62.889218
      ],
      [
       -109.49919,
       62.884402
      ],
      [
       -109.493263,
       62.883249
      ],
      [
       -109.461613,
       62.881773
      ],
      [
       -108.97,
       62.80222
      ],
      [
       -109.1514,
       62.71889
      ],
      [
       -108.9008,
       62.79972
      ],
      [
       -109.201773,
       62.626666
      ],
      [
       -109.268853,
       62.608866
      ],
      [
       -109.2128,
       62.69694
      ],
      [
       -109.9531,
       62.82056
      ],
      [
       -110.12738,
       62.822345
      ],
      [
       -110.196546,
       62.920842
      ]
     ]
    ],
    "type": "Polygon"
   },
   "id": "lake-void-mcleod-bay-plate-101-1732",
   "properties": {
    "coordinateFrame": "WGS84-reference-coordinates",
    "correctionFeatureId": "lake-void-mcleod-bay-plate-101-1732",
    "emittedAreaSquareKilometres": 866.336,
    "geometryReferenceAgeMa": 0,
    "lake": "McLeod Bay",
    "lakeAreaSquareKilometres": 1934.252,
    "lifecycleNativeCoastChartIds": [
     "cao-coast:GPlates-00a3847b-ff71-4fac-bec6-3ba871008a2d:405:0",
     "cao-coast:GPlates-00a3847b-ff71-4fac-bec6-3ba871008a2d:405:1",
     "cao-coast:GPlates-8b5a4991-5338-448d-82fa-01e22474820f:441:0",
     "cao-coast:GPlates-8b5a4991-5338-448d-82fa-01e22474820f:441:4",
     "cao-coast:GPlates-d99a67ae-8dde-47d2-a28d-83a8aa403c06:418:0"
    ],
    "naturalEarthIndex": 7,
    "onset": {
     "ageMa": 0.0118,
     "evidence": "observed/proxy-constrained",
     "sourceIds": [
      "smith-lake-mcconnell-1994"
     ],
     "uncertaintyMa": 0.001
    },
    "plateId": 101,
    "sourceClass": "cao-void-inside-continental-outline",
    "staticFeatureId": "GPlates-00a3847b-ff71-4fac-bec6-3ba871008a2d",
    "staticSourceOrder": 1732,
    "surfaceClass": "land",
    "touchingNativeCoastChartIds": [
     "cao-coast:GPlates-00a3847b-ff71-4fac-bec6-3ba871008a2d:405:0",
     "cao-coast:GPlates-00a3847b-ff71-4fac-bec6-3ba871008a2d:405:1",
     "cao-coast:GPlates-8b5a4991-5338-448d-82fa-01e22474820f:441:0",
     "cao-coast:GPlates-8b5a4991-5338-448d-82fa-01e22474820f:441:4",
     "cao-coast:GPlates-d99a67ae-8dde-47d2-a28d-83a8aa403c06:418:0"
    ],
    "validTimeMa": {
     "oldest": 1800.0,
     "youngest": 0.0118,
     "youngestExclusive": true
    },
    "voidAreaSquareKilometres": 1613.591
   },
   "type": "Feature"
  },
  {
   "geometry": {
    "coordinates": [
     [
      [
       -110.7158,
       62.92056
      ],
      [
       -110.196546,
       62.920842
      ],
      [
       -110.12738,
       62.822345
      ],
      [
       -110.6581,
       62.82778
      ],
      [
       -110.7422,
       62.79417
      ],
      [
       -110.585,
       62.76889
      ],
      [
       -110.725453,
       62.745028
      ],
      [
       -110.813877,
       62.739849
      ],
      [
       -111.017831,
       62.695355
      ],
      [
       -111.3911,
       62.63194
      ],
      [
       -111.418816,
       62.604911
      ],
      [
       -111.444946,
       62.587946
      ],
      [
       -111.447468,
       62.584247
      ],
      [
       -111.450302,
       62.574205
      ],
      [
       -111.593181,
       62.434866
      ],
      [
       -111.639616,
       62.393847
      ],
      [
       -111.650116,
       62.379342
      ],
      [
       -111.660014,
       62.369689
      ],
      [
       -111.660223,
       62.369576
      ],
      [
       -111.662075,
       62.368809
      ],
      [
       -111.663995,
       62.368231
      ],
      [
       -111.665962,
       62.367848
      ],
      [
       -111.667958,
       62.367664
      ],
      [
       -111.669963,
       62.367681
      ],
      [
       -111.671955,
       62.367898
      ],
      [
       -111.673916,
       62.368314
      ],
      [
       -111.675826,
       62.368924
      ],
      [
       -111.70953,
       62.381582
      ],
      [
       -111.711313,
       62.382352
      ],
      [
       -111.711446,
       62.382426
      ],
      [
       -111.4414,
       62.695
      ],
      [
       -110.7158,
       62.92056
      ]
     ]
    ],
    "type": "Polygon"
   },
   "id": "lake-void-mcleod-bay-plate-101-1843",
   "properties": {
    "coordinateFrame": "WGS84-reference-coordinates",
    "correctionFeatureId": "lake-void-mcleod-bay-plate-101-1843",
    "emittedAreaSquareKilometres": 945.507,
    "geometryReferenceAgeMa": 0,
    "lake": "McLeod Bay",
    "lakeAreaSquareKilometres": 1934.252,
    "lifecycleNativeCoastChartIds": [
     "cao-coast:GPlates-00a3847b-ff71-4fac-bec6-3ba871008a2d:405:0",
     "cao-coast:GPlates-00a3847b-ff71-4fac-bec6-3ba871008a2d:405:1",
     "cao-coast:GPlates-8b5a4991-5338-448d-82fa-01e22474820f:441:0",
     "cao-coast:GPlates-8b5a4991-5338-448d-82fa-01e22474820f:441:4"
    ],
    "naturalEarthIndex": 7,
    "onset": {
     "ageMa": 0.0118,
     "evidence": "observed/proxy-constrained",
     "sourceIds": [
      "smith-lake-mcconnell-1994"
     ],
     "uncertaintyMa": 0.001
    },
    "plateId": 101,
    "sourceClass": "cao-void-inside-continental-outline",
    "staticFeatureId": "GPlates-8b5a4991-5338-448d-82fa-01e22474820f",
    "staticSourceOrder": 1843,
    "surfaceClass": "land",
    "touchingNativeCoastChartIds": [
     "cao-coast:GPlates-00a3847b-ff71-4fac-bec6-3ba871008a2d:405:0",
     "cao-coast:GPlates-00a3847b-ff71-4fac-bec6-3ba871008a2d:405:1",
     "cao-coast:GPlates-8b5a4991-5338-448d-82fa-01e22474820f:441:0",
     "cao-coast:GPlates-8b5a4991-5338-448d-82fa-01e22474820f:441:4"
    ],
    "validTimeMa": {
     "oldest": 1800.0,
     "youngest": 0.0118,
     "youngestExclusive": true
    },
    "voidAreaSquareKilometres": 1613.591
   },
   "type": "Feature"
  },
  {
   "geometry": {
    "coordinates": [
     [
      [
       60.232076,
       46.715024
      ],
      [
       60.242882,
       46.717971
      ],
      [
       60.2662,
       46.722649
      ],
      [
       60.267041,
       46.722795
      ],
      [
       60.268786,
       46.72302
      ],
      [
       60.270545,
       46.723091
      ],
      [
       60.272302,
       46.723007
      ],
      [
       60.274046,
       46.722768
      ],
      [
       60.290243,
       46.719823
      ],
      [
       60.291973,
       46.719429
      ],
      [
       60.293662,
       46.718882
      ],
      [
       60.295295,
       46.718188
      ],
      [
       60.296861,
       46.717352
      ],
      [
       60.316739,
       46.705573
      ],
      [
       60.318283,
       46.704559
      ],
      [
       60.344682,
       46.685419
      ],
      [
       60.346112,
       46.684279
      ],
      [
       60.347431,
       46.683013
      ],
      [
       60.34863,
       46.681632
      ],
      [
       60.364932,
       46.661016
      ],
      [
       60.366534,
       46.658663
      ],
      [
       60.384939,
       46.627005
      ],
      [
       60.386142,
       46.624568
      ],
      [
       60.401603,
       46.587021
      ],
      [
       60.402084,
       46.58573
      ],
      [
       60.413863,
       46.550392
      ],
      [
       60.414328,
       46.548771
      ],
      [
       60.415419,
       46.544263
      ],
      [
       60.433835,
       46.578494
      ],
      [
       60.433474,
       46.599831
      ],
      [
       60.4315,
       46.605751
      ],
      [
       60.431019,
       46.607437
      ],
      [
       60.430688,
       46.609159
      ],
      [
       60.430508,
       46.610902
      ],
      [
       60.430482,
       46.612655
      ],
      [
       60.430666,
       46.619005
      ],
      [
       60.430816,
       46.620933
      ],
      [
       60.431045,
       46.622236
      ],
      [
       60.43861,
       46.59806
      ],
      [
       60.484391,
       46.639327
      ],
      [
       60.485762,
       46.638475
      ],
      [
       60.487286,
       46.637311
      ],
      [
       60.488692,
       46.636006
      ],
      [
       60.489967,
       46.634573
      ],
      [
       60.491098,
       46.633024
      ],
      [
       60.49183,
       46.631789
      ],
      [
       60.492248,
       46.631342
      ],
      [
       60.493453,
       46.629764
      ],
      [
       60.494497,
       46.628075
      ],
      [
       60.495367,
       46.62629
      ],
      [
       60.496056,
       46.624427
      ],
      [
       60.496557,
       46.622506
      ],
      [
       60.496866,
       46.620544
      ],
      [
       60.496978,
       46.618561
      ],
      [
       60.496928,
       46.6174
      ],
      [
       60.526246,
       46.604529
      ],
      [
       60.528708,
       46.603237
      ],
      [
       60.544748,
       46.59334
      ],
      [
       60.563941,
       46.585114
      ],
      [
       60.580129,
       46.583161
      ],
      [
       60.592761,
       46.584584
      ],
      [
       60.61028,
       46.57306
      ],
      [
       60.658745,
       46.606175
      ],
      [
       60.660424,
       46.606771
      ],
      [
       60.66364,
       46.60952
      ],
      [
       60.702842,
       46.636305
      ],
      [
       60.722095,
       46.643021
      ],
      [
       60.716653,
       46.645742
      ],
      [
       60.72167,
       46.64917
      ],
      [
       60.689561,
       46.659292
      ],
      [
       60.688232,
       46.660024
      ],
      [
       60.626885,
       46.697118
      ],
      [
       60.566477,
       46.716786
      ],
      [
       60.537026,
       46.723969
      ],
      [
       60.535228,
       46.724497
      ],
      [
       60.533488,
       46.725192
      ],
      [
       60.517291,
       46.732555
      ],
      [
       60.515486,
       46.733489
      ],
      [
       60.513785,
       46.734602
      ],
      [
       60.512205,
       46.735881
      ],
      [
       60.510764,
       46.737314
      ],
      [
       60.509476,
       46.738886
      ],
      [
       60.508353,
       46.740581
      ],
      [
       60.507409,
       46.742381
      ],
      [
       60.502992,
       46.751951
      ],
      [
       60.50229,
       46.753678
      ],
      [
       60.501752,
       46.755464
      ],
      [
       60.501383,
       46.757292
      ],
      [
       60.499911,
       46.766863
      ],
      [
       60.499712,
       46.76876
      ],
      [
       60.499694,
       46.770667
      ],
      [
       60.499857,
       46.772567
      ],
      [
       60.500201,
       46.774443
      ],
      [
       60.500722,
       46.776278
      ],
      [
       60.501416,
       46.778055
      ],
      [
       60.502275,
       46.779758
      ],
      [
       60.503293,
       46.781371
      ],
      [
       60.508446,
       46.788734
      ],
      [
       60.509621,
       46.790252
      ],
      [
       60.510936,
       46.79165
      ],
      [
       60.512379,
       46.792916
      ],
      [
       60.513937,
       46.794038
      ],
      [
       60.514505,
       46.794369
      ],
      [
       60.675405,
       46.782574
      ],
      [
       60.67804,
       46.781666
      ],
      [
       60.692786,
       46.781052
      ],
      [
       60.69461,
       46.780892
      ],
      [
       60.696411,
       46.780566
      ],
      [
       60.719979,
       46.775179
      ],
      [
       60.776288,
       46.775179
      ],
      [
       60.795881,
       46.773743
      ],
      [
       60.817525,
       46.765973
      ],
      [
       60.819413,
       46.765184
      ],
      [
       60.821211,
       46.764206
      ],
      [
       60.822899,
       46.763049
      ],
      [
       60.82446,
       46.761726
      ],
      [
       60.825878,
       46.760251
      ],
      [
       60.832959,
       46.752084
      ],
      [
       60.834062,
       46.750691
      ],
      [
       60.835037,
       46.749206
      ],
      [
       60.835877,
       46.74764
      ],
      [
       60.836574,
       46.746006
      ],
      [
       60.840992,
       46.734227
      ],
      [
       60.841562,
       46.732463
      ],
      [
       60.841966,
       46.730654
      ],
      [
       60.842201,
       46.728816
      ],
      [
       60.842265,
       46.726963
      ],
      [
       60.842156,
       46.725113
      ],
      [
       60.841878,
       46.723281
      ],
      [
       60.838933,
       46.708556
      ],
      [
       60.838485,
       46.706756
      ],
      [
       60.837872,
       46.705005
      ],
      [
       60.8371,
       46.703319
      ],
      [
       60.813579,
       46.657659
      ],
      [
       60.807442,
       46.616747
      ],
      [
       60.807102,
       46.61501
      ],
      [
       60.80661,
       46.61331
      ],
      [
       60.805969,
       46.611659
      ],
      [
       60.797419,
       46.592225
      ],
      [
       60.797701,
       46.590687
      ],
      [
       60.797865,
       46.588704
      ],
      [
       60.79783,
       46.586714
      ],
      [
       60.797598,
       46.584737
      ],
      [
       60.797448,
       46.584058
      ],
      [
       60.799332,
       46.580632
      ],
      [
       60.823973,
       46.564206
      ],
      [
       60.825525,
       46.563059
      ],
      [
       60.82696,
       46.561768
      ],
      [
       60.828263,
       46.560345
      ],
      [
       60.829423,
       46.558803
      ],
      [
       60.85373,
       46.523017
      ],
      [
       60.900548,
       46.491805
      ],
      [
       60.904235,
       46.490908
      ],
      [
       60.90722,
       46.48806
      ],
      [
       60.916874,
       46.487834
      ],
      [
       60.949044,
       46.480009
      ],
      [
       61.011203,
       46.481422
      ],
      [
       61.012066,
       46.481423
      ],
      [
       61.084216,
       46.47995
      ],
      [
       61.086038,
       46.479829
      ],
      [
       61.087841,
       46.479543
      ],
      [
       61.132392,
       46.470371
      ],
      [
       61.137781,
       46.472311
      ],
      [
       61.13945,
       46.472831
      ],
      [
       61.141159,
       46.473203
      ],
      [
       61.142893,
       46.473424
      ],
      [
       61.153868,
       46.474339
      ],
      [
       61.187512,
       46.485231
      ],
      [
       61.188335,
       46.48572
      ],
      [
       61.190101,
       46.486549
      ],
      [
       61.191938,
       46.487202
      ],
      [
       61.193831,
       46.487673
      ],
      [
       61.195761,
       46.487958
      ],
      [
       61.197709,
       46.488053
      ],
      [
       61.22227,
       46.488053
      ],
      [
       61.232554,
       46.492766
      ],
      [
       61.246886,
       46.50756
      ],
      [
       61.243807,
       46.511216
      ],
      [
       61.231177,
       46.516708
      ],
      [
       61.229543,
       46.517508
      ],
      [
       61.227989,
       46.518454
      ],
      [
       61.226527,
       46.519537
      ],
      [
       61.225169,
       46.520748
      ],
      [
       61.223927,
       46.522078
      ],
      [
       61.222812,
       46.523515
      ],
      [
       61.213977,
       46.536031
      ],
      [
       61.212925,
       46.537688
      ],
      [
       61.21204,
       46.539441
      ],
      [
       61.211332,
       46.541272
      ],
      [
       61.210806,
       46.543163
      ],
      [
       61.210469,
       46.545097
      ],
      [
       61.210323,
       46.547054
      ],
      [
       61.210358,
       46.548565
      ],
      [
       61.200931,
       46.551045
      ],
      [
       61.199039,
       46.551645
      ],
      [
       61.197215,
       46.55243
      ],
      [
       61.195478,
       46.553391
      ],
      [
       61.193845,
       46.55452
      ],
      [
       61.192332,
       46.555806
      ],
      [
       61.190954,
       46.557234
      ],
      [
       61.189724,
       46.558793
      ],
      [
       61.188655,
       46.560466
      ],
      [
       61.187757,
       46.562236
      ],
      [
       61.187039,
       46.564087
      ],
      [
       61.186508,
       46.566
      ],
      [
       61.186169,
       46.567956
      ],
      [
       61.186026,
       46.569936
      ],
      [
       61.18608,
       46.57192
      ],
      [
       61.186816,
       46.581491
      ],
      [
       61.187065,
       46.583454
      ],
      [
       61.187507,
       46.585383
      ],
      [
       61.188137,
       46.587258
      ],
      [
       61.18895,
       46.589063
      ],
      [
       61.189936,
       46.590778
      ],
      [
       61.191088,
       46.592387
      ],
      [
       61.192392,
       46.593874
      ],
      [
       61.193838,
       46.595225
      ],
      [
       61.203409,
       46.603324
      ],
      [
       61.205016,
       46.604551
      ],
      [
       61.206739,
       46.605608
      ],
      [
       61.20856,
       46.606487
      ],
      [
       61.21046,
       46.607177
      ],
      [
       61.21242,
       46.607672
      ],
      [
       61.214421,
       46.607966
      ],
      [
       61.21644,
       46.608057
      ],
      [
       61.218459,
       46.607943
      ],
      [
       61.220455,
       46.607626
      ],
      [
       61.22241,
       46.60711
      ],
      [
       61.224302,
       46.606398
      ],
      [
       61.232879,
       46.60267
      ],
      [
       61.279285,
       46.624793
      ],
      [
       61.282253,
       46.637511
      ],
      [
       61.282809,
       46.639446
      ],
      [
       61.283556,
       46.641315
      ],
      [
       61.284488,
       46.6431
      ],
      [
       61.285594,
       46.644782
      ],
      [
       61.286863,
       46.646344
      ],
      [
       61.300114,
       46.661069
      ],
      [
       61.301542,
       46.662503
      ],
      [
       61.303107,
       46.663785
      ],
      [
       61.304793,
       46.664902
      ],
      [
       61.306584,
       46.665843
      ],
      [
       61.30846,
       46.666598
      ],
      [
       61.310403,
       46.66716
      ],
      [
       61.312393,
       46.667523
      ],
      [
       61.31441,
       46.667683
      ],
      [
       61.3324,
       46.668197
      ],
      [
       61.349028,
       46.490044
      ],
      [
       61.341155,
       46.484609
      ],
      [
       61.327045,
       46.464084
      ],
      [
       61.325819,
       46.462481
      ],
      [
       61.324438,
       46.46101
      ],
      [
       61.322916,
       46.459685
      ],
      [
       61.321268,
       46.45852
      ],
      [
       61.319511,
       46.457528
      ],
      [
       61.317663,
       46.456717
      ],
      [
       61.315742,
       46.456097
      ],
      [
       61.313769,
       46.455673
      ],
      [
       61.311763,
       46.455451
      ],
      [
       61.309745,
       46.455432
      ],
      [
       61.307736,
       46.455616
      ],
      [
       61.298466,
       46.45694
      ],
      [
       61.297416,
       46.437005
      ],
      [
       61.3019,
       46.432385
      ],
      [
       61.303361,
       46.430881
      ],
      [
       61.310928,
       46.423084
      ],
      [
       61.312289,
       46.421529
      ],
      [
       61.313481,
       46.419842
      ],
      [
       61.314494,
       46.418041
      ],
      [
       61.315315,
       46.416145
      ],
      [
       61.315936,
       46.414175
      ],
      [
       61.31635,
       46.412151
      ],
      [
       61.320031,
       46.387856
      ],
      [
       61.32023,
       46.38589
      ],
      [
       61.320235,
       46.383915
      ],
      [
       61.320044,
       46.381948
      ],
      [
       61.31966,
       46.38001
      ],
      [
       61.319087,
       46.378119
      ],
      [
       61.31833,
       46.376294
      ],
      [
       61.317396,
       46.374553
      ],
      [
       61.316296,
       46.372912
      ],
      [
       61.315039,
       46.371388
      ],
      [
       61.313637,
       46.369995
      ],
      [
       61.312105,
       46.368747
      ],
      [
       61.310457,
       46.367657
      ],
      [
       61.309706,
       46.36726
      ],
      [
       61.309773,
       46.366899
      ],
      [
       61.30994,
       46.364892
      ],
      [
       61.309903,
       46.362879
      ],
      [
       61.309665,
       46.36088
      ],
      [
       61.309226,
       46.358914
      ],
      [
       61.299655,
       46.324311
      ],
      [
       61.299019,
       46.322394
      ],
      [
       61.298193,
       46.320551
      ],
      [
       61.297185,
       46.318801
      ],
      [
       61.282461,
       46.295978
      ],
      [
       61.281351,
       46.294426
      ],
      [
       61.280099,
       46.292986
      ],
      [
       61.278715,
       46.291673
      ],
      [
       61.277212,
       46.290497
      ],
      [
       61.275604,
       46.28947
      ],
      [
       61.273905,
       46.288601
      ],
      [
       61.272132,
       46.287898
      ],
      [
       61.27086,
       46.287529
      ],
      [
       61.265829,
       46.281007
      ],
      [
       61.263981,
       46.270849
      ],
      [
       61.26351,
       46.268848
      ],
      [
       61.262836,
       46.266907
      ],
      [
       61.261967,
       46.265045
      ],
      [
       61.249452,
       46.241485
      ],
      [
       61.248342,
       46.239642
      ],
      [
       61.247041,
       46.23793
      ],
      [
       61.245564,
       46.236367
      ],
      [
       61.230839,
       46.222379
      ],
      [
       61.229444,
       46.221172
      ],
      [
       61.227945,
       46.220098
      ],
      [
       61.226353,
       46.219167
      ],
      [
       61.224682,
       46.218387
      ],
      [
       61.222947,
       46.217764
      ],
      [
       61.221161,
       46.217303
      ],
      [
       61.214194,
       46.215845
      ],
      [
       61.212307,
       46.214519
      ],
      [
       61.210371,
       46.213318
      ],
      [
       61.208312,
       46.212344
      ],
      [
       61.195949,
       46.20734
      ],
      [
       61.194226,
       46.206733
      ],
      [
       61.192454,
       46.206285
      ],
      [
       61.186651,
       46.205098
      ],
      [
       61.176393,
       46.198619
      ],
      [
       61.174664,
       46.197644
      ],
      [
       61.172848,
       46.196845
      ],
      [
       61.170961,
       46.19623
      ],
      [
       61.169023,
       46.195805
      ],
      [
       61.167052,
       46.195574
      ],
      [
       61.165068,
       46.195539
      ],
      [
       61.128082,
       46.196732
      ],
      [
       61.109177,
       46.177828
      ],
      [
       61.107765,
       46.176545
      ],
      [
       61.106238,
       46.175402
      ],
      [
       61.104609,
       46.17441
      ],
      [
       61.102893,
       46.173578
      ],
      [
       61.101105,
       46.172913
      ],
      [
       61.099262,
       46.172422
      ],
      [
       61.044782,
       46.160642
      ],
      [
       61.04268,
       46.160303
      ],
      [
       61.040555,
       46.16019
      ],
      [
       61.00698,
       46.16019
      ],
      [
       60.987701,
       46.152703
      ],
      [
       60.960242,
       46.126076
      ],
      [
       60.958916,
       46.1249
      ],
      [
       60.957492,
       46.123846
      ],
      [
       60.95598,
       46.122922
      ],
      [
       60.954392,
       46.122136
      ],
      [
       60.927705,
       46.110363
      ],
      [
       60.89639,
       46.10583
      ],
      [
       60.906435,
       46.100979
      ],
      [
       60.904329,
       46.10005
      ],
      [
       60.902386,
       46.09931
      ],
      [
       60.900376,
       46.098777
      ],
      [
       60.884542,
       46.095443
      ],
      [
       60.881847,
       46.085004
      ],
      [
       60.881269,
       46.083143
      ],
      [
       60.880512,
       46.081347
      ],
      [
       60.879583,
       46.079633
      ],
      [
       60.878493,
       46.078018
      ],
      [
       60.87725,
       46.076516
      ],
      [
       60.875867,
       46.075143
      ],
      [
       60.874358,
       46.07391
      ],
      [
       60.872735,
       46.072831
      ],
      [
       60.871015,
       46.071915
      ],
      [
       60.869214,
       46.07117
      ],
      [
       60.867349,
       46.070604
      ],
      [
       60.865437,
       46.070223
      ],
      [
       60.863498,
       46.070029
      ],
      [
       60.783894,
       46.06598
      ],
      [
       60.781992,
       46.065974
      ],
      [
       60.780099,
       46.066148
      ],
      [
       60.77823,
       46.066501
      ],
      [
       60.776404,
       46.067031
      ],
      [
       60.774636,
       46.067731
      ],
      [
       60.772943,
       46.068596
      ],
      [
       60.771339,
       46.069618
      ],
      [
       60.76984,
       46.070788
      ],
      [
       60.768459,
       46.072095
      ],
      [
       60.737923,
       46.103865
      ],
      [
       60.736664,
       46.105307
      ],
      [
       60.735548,
       46.106863
      ],
      [
       60.734587,
       46.108518
      ],
      [
       60.733788,
       46.110258
      ],
      [
       60.733159,
       46.112066
      ],
      [
       60.732706,
       46.113926
      ],
      [
       60.732433,
       46.115821
      ],
      [
       60.732342,
       46.117733
      ],
      [
       60.732434,
       46.119645
      ],
      [
       60.732709,
       46.121539
      ],
      [
       60.733164,
       46.123399
      ],
      [
       60.733794,
       46.125207
      ],
      [
       60.734595,
       46.126946
      ],
      [
       60.735558,
       46.1286
      ],
      [
       60.736674,
       46.130155
      ],
      [
       60.737935,
       46.131596
      ],
      [
       60.739327,
       46.13291
      ],
      [
       60.740838,
       46.134085
      ],
      [
       60.783583,
       46.164139
      ],
      [
       60.792836,
       46.172443
      ],
      [
       60.799225,
       46.180686
      ],
      [
       60.803215,
       46.190263
      ],
      [
       60.804448,
       46.197506
      ],
      [
       60.79269,
       46.223372
      ],
      [
       60.731363,
       46.306344
      ],
      [
       60.73018,
       46.308139
      ],
      [
       60.729197,
       46.310051
      ],
      [
       60.720975,
       46.32839
      ],
      [
       60.713649,
       46.33628
      ],
      [
       60.712516,
       46.337612
      ],
      [
       60.711504,
       46.339039
      ],
      [
       60.71062,
       46.340548
      ],
      [
       60.709872,
       46.342129
      ],
      [
       60.709746,
       46.342428
      ],
      [
       60.702107,
       46.329442
      ],
      [
       60.701077,
       46.327866
      ],
      [
       60.699905,
       46.326395
      ],
      [
       60.698598,
       46.32504
      ],
      [
       60.697171,
       46.323814
      ],
      [
       60.695634,
       46.322727
      ],
      [
       60.694003,
       46.32179
      ],
      [
       60.69229,
       46.32101
      ],
      [
       60.690511,
       46.320395
      ],
      [
       60.683826,
       46.318428
      ],
      [
       60.680354,
       46.314262
      ],
      [
       60.679052,
       46.312845
      ],
      [
       60.677621,
       46.311559
      ],
      [
       60.676072,
       46.310417
      ],
      [
       60.67442,
       46.309429
      ],
      [
       60.672682,
       46.308604
      ],
      [
       60.670872,
       46.30795
      ],
      [
       60.661301,
       46.305005
      ],
      [
       60.659456,
       46.304533
      ],
      [
       60.657575,
       46.304238
      ],
      [
       60.655674,
       46.304123
      ],
      [
       60.65377,
       46.304189
      ],
      [
       60.651882,
       46.304436
      ],
      [
       60.650026,
       46.304862
      ],
      [
       60.649723,
       46.304947
      ],
      [
       60.649018,
       46.304161
      ],
      [
       60.647586,
       46.302849
      ],
      [
       60.646034,
       46.301682
      ],
      [
       60.644376,
       46.300671
      ],
      [
       60.642627,
       46.299825
      ],
      [
       60.640805,
       46.299153
      ],
      [
       60.638926,
       46.298661
      ],
      [
       60.637008,
       46.298354
      ],
      [
       60.635069,
       46.298234
      ],
      [
       60.633128,
       46.298302
      ],
      [
       60.631203,
       46.298559
      ],
      [
       60.629312,
       46.299001
      ],
      [
       60.624159,
       46.300473
      ],
      [
       60.622402,
       46.301064
      ],
      [
       60.620707,
       46.301816
      ],
      [
       60.61909,
       46.302721
      ],
      [
       60.618129,
       46.303381
      ],
      [
       60.612325,
       46.29343
      ],
      [
       60.611398,
       46.291987
      ],
      [
       60.610351,
       46.290629
      ],
      [
       60.609191,
       46.289365
      ],
      [
       60.601829,
       46.282003
      ],
      [
       60.600204,
       46.280546
      ],
      [
       60.598431,
       46.279276
      ],
      [
       60.596529,
       46.278206
      ],
      [
       60.594522,
       46.277349
      ],
      [
       60.586424,
       46.274404
      ],
      [
       60.584654,
       46.273852
      ],
      [
       60.582841,
       46.273466
      ],
      [
       60.581,
       46.27325
      ],
      [
       60.579146,
       46.273205
      ],
      [
       60.577296,
       46.273332
      ],
      [
       60.558154,
       46.275541
      ],
      [
       60.556313,
       46.275841
      ],
      [
       60.554508,
       46.276311
      ],
      [
       60.552755,
       46.276947
      ],
      [
       60.500141,
       46.298869
      ],
      [
       60.464468,
       46.311974
      ],
      [
       60.462819,
       46.312664
      ],
      [
       60.461239,
       46.3135
      ],
      [
       60.459739,
       46.314472
      ],
      [
       60.42902,
       46.336415
      ],
      [
       60.407107,
       46.35126
      ],
      [
       60.371935,
       46.370956
      ],
      [
       60.343054,
       46.383427
      ],
      [
       60.33618,
       46.384324
      ],
      [
       60.329831,
       46.380216
      ],
      [
       60.32791,
       46.379118
      ],
      [
       60.311714,
       46.37102
      ],
      [
       60.310648,
       46.370526
      ],
      [
       60.295187,
       46.3639
      ],
      [
       60.293488,
       46.363262
      ],
      [
       60.291739,
       46.36278
      ],
      [
       60.289952,
       46.362458
      ],
      [
       60.267865,
       46.359513
      ],
      [
       60.265561,
       46.359341
      ],
      [
       60.223416,
       46.358627
      ],
      [
       60.203197,
       46.355653
      ],
      [
       60.196843,
       46.352188
      ],
      [
       60.192663,
       46.346813
      ],
      [
       60.191541,
       46.345493
      ],
      [
       60.19031,
       46.344276
      ],
      [
       60.188978,
       46.343169
      ],
      [
       60.187555,
       46.342182
      ],
      [
       60.180561,
       46.337765
      ],
      [
       60.178752,
       46.33675
      ],
      [
       60.176848,
       46.335927
      ],
      [
       60.174869,
       46.335307
      ],
      [
       60.172836,
       46.334894
      ],
      [
       60.170771,
       46.334695
      ],
      [
       60.154206,
       46.333958
      ],
      [
       60.152473,
       46.333956
      ],
      [
       60.150746,
       46.334104
      ],
      [
       60.130868,
       46.336681
      ],
      [
       60.129215,
       46.336966
      ],
      [
       60.127593,
       46.337389
      ],
      [
       60.126011,
       46.337945
      ],
      [
       60.094721,
       46.350461
      ],
      [
       60.092996,
       46.351248
      ],
      [
       60.067965,
       46.364132
      ],
      [
       60.066464,
       46.364989
      ],
      [
       60.065044,
       46.365971
      ],
      [
       60.063713,
       46.367073
      ],
      [
       60.053117,
       46.376642
      ],
      [
       60.038182,
       46.38741
      ],
      [
       60.036678,
       46.388608
      ],
      [
       60.035296,
       46.389945
      ],
      [
       60.034049,
       46.391409
      ],
      [
       60.032948,
       46.392986
      ],
      [
       60.032197,
       46.394317
      ],
      [
       60.017218,
       46.398846
      ],
      [
       60.015595,
       46.399414
      ],
      [
       60.014027,
       46.400119
      ],
      [
       60.012525,
       46.400956
      ],
      [
       60.006397,
       46.404727
      ],
      [
       60.000822,
       46.405585
      ],
      [
       59.999164,
       46.405912
      ],
      [
       59.997539,
       46.406378
      ],
      [
       59.988704,
       46.409323
      ],
      [
       59.986989,
       46.409984
      ],
      [
       59.985342,
       46.410799
      ],
      [
       59.983777,
       46.411763
      ],
      [
       59.982306,
       46.412865
      ],
      [
       59.980944,
       46.414098
      ],
      [
       59.9797,
       46.415451
      ],
      [
       59.978585,
       46.416913
      ],
      [
       59.971959,
       46.426484
      ],
      [
       59.970872,
       46.428242
      ],
      [
       59.969972,
       46.430102
      ],
      [
       59.969269,
       46.432045
      ],
      [
       59.964116,
       46.448978
      ],
      [
       59.963726,
       46.450462
      ],
      [
       59.957836,
       46.476966
      ],
      [
       59.95751,
       46.478857
      ],
      [
       59.957367,
       46.48077
      ],
      [
       59.957408,
       46.482688
      ],
      [
       59.957632,
       46.484593
      ],
      [
       59.962049,
       46.511097
      ],
      [
       59.962127,
       46.511536
      ],
      [
       59.970226,
       46.554236
      ],
      [
       59.970728,
       46.556286
      ],
      [
       59.971444,
       46.558271
      ],
      [
       59.972364,
       46.56017
      ],
      [
       59.984143,
       46.581521
      ],
      [
       59.985261,
       46.583316
      ],
      [
       59.986563,
       46.584983
      ],
      [
       59.98762,
       46.586076
      ],
      [
       59.988766,
       46.587823
      ],
      [
       59.995004,
       46.5962
      ],
      [
       59.99647,
       46.597951
      ],
      [
       59.998126,
       46.599523
      ],
      [
       59.999951,
       46.600896
      ],
      [
       60.025256,
       46.617766
      ],
      [
       60.026942,
       46.618774
      ],
      [
       60.02872,
       46.619612
      ],
      [
       60.03057,
       46.620272
      ],
      [
       60.050079,
       46.626161
      ],
      [
       60.05228,
       46.626691
      ],
      [
       60.072526,
       46.630373
      ],
      [
       60.073391,
       46.630511
      ],
      [
       60.09808,
       46.633893
      ],
      [
       60.10526,
       46.636559
      ],
      [
       60.118956,
       46.649039
      ],
      [
       60.120827,
       46.650548
      ],
      [
       60.122865,
       46.651822
      ],
      [
       60.151946,
       46.66765
      ],
      [
       60.152562,
       46.667971
      ],
      [
       60.176121,
       46.679751
      ],
      [
       60.178011,
       46.680577
      ],
      [
       60.179976,
       46.681205
      ],
      [
       60.189809,
       46.683792
      ],
      [
       60.201931,
       46.693605
      ],
      [
       60.202272,
       46.693875
      ],
      [
       60.225095,
       46.711544
      ],
      [
       60.226703,
       46.712667
      ],
      [
       60.227845,
       46.713308
      ],
      [
       60.23106,
       46.714693
      ],
      [
       60.232076,
       46.715024
      ]
     ]
    ],
    "type": "Polygon"
   },
   "id": "lake-void-north-aral-sea-plate-390-2220",
   "properties": {
    "coordinateFrame": "WGS84-reference-coordinates",
    "correctionFeatureId": "lake-void-north-aral-sea-plate-390-2220",
    "emittedAreaSquareKilometres": 4076.135,
    "geometryReferenceAgeMa": 0,
    "lake": "North Aral Sea",
    "lakeAreaSquareKilometres": 3410.054,
    "lifecycleNativeCoastChartIds": [
     "cao-coast:GPlates-e0f84ff0-5693-485e-83d3-13e157af33f4:162:0",
     "cao-coast:GPlates-e0f84ff0-5693-485e-83d3-13e157af33f4:162:1"
    ],
    "naturalEarthIndex": 1348,
    "onset": {
     "ageMa": 2.6,
     "evidence": "observed/proxy-constrained",
     "sourceIds": [
      "boomer-aral-2000"
     ],
     "uncertaintyMa": 0.6
    },
    "plateId": 390,
    "sourceClass": "cao-void-inside-continental-outline",
    "staticFeatureId": "GPlates-e0f84ff0-5693-485e-83d3-13e157af33f4",
    "staticSourceOrder": 2220,
    "surfaceClass": "land",
    "touchingNativeCoastChartIds": [
     "cao-coast:GPlates-df87fa65-7539-44f6-9a34-00e571a39406:191:0",
     "cao-coast:GPlates-e0f84ff0-5693-485e-83d3-13e157af33f4:162:0",
     "cao-coast:GPlates-e0f84ff0-5693-485e-83d3-13e157af33f4:162:1"
    ],
    "validTimeMa": {
     "oldest": 348.0,
     "youngest": 2.6,
     "youngestExclusive": true
    },
    "voidAreaSquareKilometres": 3408.884
   },
   "type": "Feature"
  },
  {
   "geometry": {
    "coordinates": [
     [
      [
       61.359029,
       46.668957
      ],
      [
       61.371382,
       46.679251
      ],
      [
       61.372796,
       46.680327
      ],
      [
       61.3743,
       46.681273
      ],
      [
       61.375882,
       46.682082
      ],
      [
       61.377529,
       46.682747
      ],
      [
       61.402561,
       46.691582
      ],
      [
       61.404361,
       46.692123
      ],
      [
       61.406204,
       46.692494
      ],
      [
       61.408073,
       46.692689
      ],
      [
       61.409952,
       46.692709
      ],
      [
       61.411825,
       46.692551
      ],
      [
       61.413675,
       46.692219
      ],
      [
       61.415485,
       46.691715
      ],
      [
       61.41724,
       46.691043
      ],
      [
       61.418924,
       46.690209
      ],
      [
       61.420523,
       46.68922
      ],
      [
       61.422022,
       46.688086
      ],
      [
       61.429642,
       46.681736
      ],
      [
       61.447392,
       46.690611
      ],
      [
       61.449234,
       46.691419
      ],
      [
       61.451148,
       46.692037
      ],
      [
       61.453115,
       46.692461
      ],
      [
       61.455114,
       46.692685
      ],
      [
       61.527264,
       46.697102
      ],
      [
       61.529222,
       46.697125
      ],
      [
       61.531174,
       46.696958
      ],
      [
       61.533099,
       46.6966
      ],
      [
       61.53498,
       46.696055
      ],
      [
       61.536799,
       46.695329
      ],
      [
       61.538539,
       46.694429
      ],
      [
       61.540182,
       46.693363
      ],
      [
       61.541712,
       46.692141
      ],
      [
       61.543116,
       46.690775
      ],
      [
       61.54438,
       46.689279
      ],
      [
       61.545491,
       46.687666
      ],
      [
       61.546439,
       46.685953
      ],
      [
       61.547215,
       46.684154
      ],
      [
       61.547812,
       46.682289
      ],
      [
       61.548223,
       46.680374
      ],
      [
       61.548444,
       46.678428
      ],
      [
       61.548475,
       46.67647
      ],
      [
       61.548314,
       46.674518
      ],
      [
       61.547962,
       46.672591
      ],
      [
       61.547424,
       46.670708
      ],
      [
       61.546704,
       46.668887
      ],
      [
       61.54581,
       46.667144
      ],
      [
       61.523723,
       46.628861
      ],
      [
       61.522581,
       46.627103
      ],
      [
       61.521262,
       46.625473
      ],
      [
       61.519779,
       46.623991
      ],
      [
       61.518149,
       46.622672
      ],
      [
       61.516391,
       46.621531
      ],
      [
       61.514522,
       46.62058
      ],
      [
       61.491142,
       46.610188
      ],
      [
       61.472013,
       46.592123
      ],
      [
       61.470174,
       46.581088
      ],
      [
       61.469746,
       46.579132
      ],
      [
       61.469125,
       46.577228
      ],
      [
       61.468317,
       46.575396
      ],
      [
       61.467329,
       46.573654
      ],
      [
       61.466172,
       46.572019
      ],
      [
       61.464858,
       46.570509
      ],
      [
       61.463399,
       46.569137
      ],
      [
       61.46181,
       46.567918
      ],
      [
       61.349028,
       46.490044
      ],
      [
       61.3324,
       46.668197
      ],
      [
       61.359029,
       46.668957
      ]
     ]
    ],
    "type": "Polygon"
   },
   "id": "lake-void-north-aral-sea-plate-4673-2291",
   "properties": {
    "coordinateFrame": "WGS84-reference-coordinates",
    "correctionFeatureId": "lake-void-north-aral-sea-plate-4673-2291",
    "emittedAreaSquareKilometres": 218.005,
    "geometryReferenceAgeMa": 0,
    "lake": "North Aral Sea",
    "lakeAreaSquareKilometres": 3410.054,
    "lifecycleNativeCoastChartIds": [
     "cao-coast:GPlates-df87fa65-7539-44f6-9a34-00e571a39406:191:0"
    ],
    "naturalEarthIndex": 1348,
    "onset": {
     "ageMa": 2.6,
     "evidence": "observed/proxy-constrained",
     "sourceIds": [
      "boomer-aral-2000"
     ],
     "uncertaintyMa": 0.6
    },
    "plateId": 4673,
    "sourceClass": "cao-void-inside-continental-outline",
    "staticFeatureId": "GPlates-df87fa65-7539-44f6-9a34-00e571a39406",
    "staticSourceOrder": 2291,
    "surfaceClass": "land",
    "touchingNativeCoastChartIds": [
     "cao-coast:GPlates-df87fa65-7539-44f6-9a34-00e571a39406:191:0",
     "cao-coast:GPlates-e0f84ff0-5693-485e-83d3-13e157af33f4:162:0"
    ],
    "validTimeMa": {
     "oldest": 310.0,
     "youngest": 2.6,
     "youngestExclusive": true
    },
    "voidAreaSquareKilometres": 3408.884
   },
   "type": "Feature"
  },
  {
   "geometry": {
    "coordinates": [
     [
      [
       -82.32222,
       46.19028
      ],
      [
       -82.135,
       46.11694
      ],
      [
       -81.928439,
       46.110668
      ],
      [
       -81.911324,
       46.061418
      ],
      [
       -81.910778,
       46.059559
      ],
      [
       -81.910413,
       46.057656
      ],
      [
       -81.910235,
       46.055727
      ],
      [
       -81.910244,
       46.053789
      ],
      [
       -81.910441,
       46.051862
      ],
      [
       -81.910823,
       46.049962
      ],
      [
       -81.911388,
       46.048109
      ],
      [
       -81.912129,
       46.046318
      ],
      [
       -81.913039,
       46.044608
      ],
      [
       -81.914111,
       46.042994
      ],
      [
       -81.915334,
       46.041491
      ],
      [
       -81.916697,
       46.040114
      ],
      [
       -81.918187,
       46.038875
      ],
      [
       -81.919789,
       46.037786
      ],
      [
       -81.92149,
       46.036857
      ],
      [
       -81.923272,
       46.036097
      ],
      [
       -81.92512,
       46.035513
      ],
      [
       -81.926117,
       46.035301
      ],
      [
       -83.318559,
       46.135846
      ],
      [
       -83.839129,
       46.25016
      ],
      [
       -83.85177,
       46.294252
      ],
      [
       -83.85221,
       46.296126
      ],
      [
       -83.852289,
       46.296708
      ],
      [
       -83.04806,
       46.17694
      ],
      [
       -82.32222,
       46.19028
      ]
     ]
    ],
    "type": "Polygon"
   },
   "id": "lake-void-north-channel-plate-101-1842",
   "properties": {
    "coordinateFrame": "WGS84-reference-coordinates",
    "correctionFeatureId": "lake-void-north-channel-plate-101-1842",
    "emittedAreaSquareKilometres": 1304.167,
    "geometryReferenceAgeMa": 0,
    "lake": "North Channel",
    "lakeAreaSquareKilometres": 3676.773,
    "lifecycleNativeCoastChartIds": [
     "cao-coast:GPlates-57229062-955f-47b5-9f50-d0fd15818b43:440:0"
    ],
    "naturalEarthIndex": 470,
    "onset": {
     "ageMa": 0.013,
     "evidence": "observed/proxy-constrained",
     "sourceIds": [
      "larson-great-lakes-2001"
     ],
     "uncertaintyMa": 0.001
    },
    "plateId": 101,
    "sourceClass": "cao-void-inside-continental-outline",
    "staticFeatureId": "GPlates-57229062-955f-47b5-9f50-d0fd15818b43",
    "staticSourceOrder": 1842,
    "surfaceClass": "land",
    "touchingNativeCoastChartIds": [
     "cao-coast:GPlates-57229062-955f-47b5-9f50-d0fd15818b43:440:0"
    ],
    "validTimeMa": {
     "oldest": 1800.0,
     "youngest": 0.013,
     "youngestExclusive": true
    },
    "voidAreaSquareKilometres": 3547.128
   },
   "type": "Feature"
  },
  {
   "geometry": {
    "coordinates": [
     [
      [
       -81.927015,
       46.035111
      ],
      [
       -81.933506,
       46.034058
      ],
      [
       -81.922023,
       46.03084
      ],
      [
       -81.921227,
       46.030599
      ],
      [
       -81.914898,
       46.028538
      ],
      [
       -81.912934,
       46.027782
      ],
      [
       -81.91106,
       46.026824
      ],
      [
       -81.909297,
       46.025674
      ],
      [
       -81.900025,
       46.018904
      ],
      [
       -81.898454,
       46.01763
      ],
      [
       -81.89702,
       46.016205
      ],
      [
       -81.895738,
       46.014642
      ],
      [
       -81.894619,
       46.012957
      ],
      [
       -81.893677,
       46.011168
      ],
      [
       -81.892919,
       46.009293
      ],
      [
       -81.875698,
       45.959545
      ],
      [
       -81.875148,
       45.95766
      ],
      [
       -81.874785,
       45.955729
      ],
      [
       -81.874613,
       45.953772
      ],
      [
       -81.874634,
       45.951808
      ],
      [
       -81.874847,
       45.949855
      ],
      [
       -81.875251,
       45.947933
      ],
      [
       -81.875842,
       45.946059
      ],
      [
       -81.876614,
       45.944253
      ],
      [
       -81.877559,
       45.942531
      ],
      [
       -81.878668,
       45.94091
      ],
      [
       -81.879932,
       45.939405
      ],
      [
       -81.881336,
       45.938032
      ],
      [
       -81.882869,
       45.936803
      ],
      [
       -81.884515,
       45.935731
      ],
      [
       -81.886258,
       45.934825
      ],
      [
       -81.888082,
       45.934094
      ],
      [
       -81.889968,
       45.933546
      ],
      [
       -81.891899,
       45.933186
      ],
      [
       -81.893856,
       45.933017
      ],
      [
       -81.89582,
       45.93304
      ],
      [
       -81.897773,
       45.933257
      ],
      [
       -81.899695,
       45.933663
      ],
      [
       -81.901568,
       45.934257
      ],
      [
       -81.903373,
       45.935031
      ],
      [
       -81.905094,
       45.935978
      ],
      [
       -81.906713,
       45.93709
      ],
      [
       -81.908216,
       45.938355
      ],
      [
       -81.909587,
       45.939762
      ],
      [
       -81.922042,
       45.953861
      ],
      [
       -81.956812,
       45.96777
      ],
      [
       -81.997108,
       45.965034
      ],
      [
       -82.039364,
       45.949571
      ],
      [
       -82.076301,
       45.927733
      ],
      [
       -82.086385,
       45.91846
      ],
      [
       -82.097634,
       45.90421
      ],
      [
       -82.106132,
       45.888866
      ],
      [
       -82.109766,
       45.873831
      ],
      [
       -82.1103,
       45.872004
      ],
      [
       -82.111007,
       45.870235
      ],
      [
       -82.121605,
       45.84698
      ],
      [
       -82.122486,
       45.845269
      ],
      [
       -82.123528,
       45.843651
      ],
      [
       -82.124721,
       45.84214
      ],
      [
       -82.126053,
       45.840751
      ],
      [
       -82.127513,
       45.839497
      ],
      [
       -82.129086,
       45.838388
      ],
      [
       -82.130759,
       45.837436
      ],
      [
       -82.151658,
       45.826839
      ],
      [
       -82.153463,
       45.826034
      ],
      [
       -82.155338,
       45.82541
      ],
      [
       -82.157266,
       45.824975
      ],
      [
       -82.159227,
       45.824732
      ],
      [
       -82.161203,
       45.824683
      ],
      [
       -82.163173,
       45.82483
      ],
      [
       -82.16512,
       45.825171
      ],
      [
       -82.180722,
       45.828704
      ],
      [
       -82.182664,
       45.829248
      ],
      [
       -82.184541,
       45.829984
      ],
      [
       -82.186334,
       45.830906
      ],
      [
       -82.188025,
       45.832004
      ],
      [
       -82.189597,
       45.833266
      ],
      [
       -82.191035,
       45.834681
      ],
      [
       -82.192322,
       45.836233
      ],
      [
       -82.193447,
       45.837906
      ],
      [
       -82.194397,
       45.839685
      ],
      [
       -82.195163,
       45.84155
      ],
      [
       -82.195738,
       45.843482
      ],
      [
       -82.196115,
       45.845463
      ],
      [
       -82.196291,
       45.847472
      ],
      [
       -82.196264,
       45.849488
      ],
      [
       -82.196034,
       45.851491
      ],
      [
       -82.195603,
       45.853461
      ],
      [
       -82.193424,
       45.861469
      ],
      [
       -82.200433,
       45.867657
      ],
      [
       -82.202052,
       45.86926
      ],
      [
       -82.222216,
       45.891632
      ],
      [
       -82.22359,
       45.893335
      ],
      [
       -82.224769,
       45.895178
      ],
      [
       -82.238751,
       45.919905
      ],
      [
       -82.239665,
       45.921731
      ],
      [
       -82.240012,
       45.922651
      ],
      [
       -82.254463,
       45.916398
      ],
      [
       -82.256697,
       45.915585
      ],
      [
       -82.259012,
       45.915043
      ],
      [
       -82.281237,
       45.911216
      ],
      [
       -82.283236,
       45.910975
      ],
      [
       -82.28525,
       45.910936
      ],
      [
       -82.287257,
       45.911099
      ],
      [
       -82.289238,
       45.911464
      ],
      [
       -82.291171,
       45.912026
      ],
      [
       -82.293039,
       45.912779
      ],
      [
       -82.294821,
       45.913717
      ],
      [
       -82.2965,
       45.914829
      ],
      [
       -82.298059,
       45.916104
      ],
      [
       -82.299481,
       45.917529
      ],
      [
       -82.300753,
       45.919091
      ],
      [
       -82.301862,
       45.920772
      ],
      [
       -82.311576,
       45.937256
      ],
      [
       -82.312557,
       45.939145
      ],
      [
       -82.313333,
       45.941128
      ],
      [
       -82.313893,
       45.943182
      ],
      [
       -82.314232,
       45.945284
      ],
      [
       -82.314345,
       45.94741
      ],
      [
       -82.314345,
       45.968659
      ],
      [
       -82.390439,
       45.95257
      ],
      [
       -82.393076,
       45.952193
      ],
      [
       -82.410903,
       45.950853
      ],
      [
       -82.423802,
       45.94756
      ],
      [
       -82.429708,
       45.94063
      ],
      [
       -82.438459,
       45.926358
      ],
      [
       -82.439705,
       45.924557
      ],
      [
       -82.441139,
       45.922902
      ],
      [
       -82.442747,
       45.921414
      ],
      [
       -82.459084,
       45.907874
      ],
      [
       -82.460649,
       45.906701
      ],
      [
       -82.462321,
       45.905687
      ],
      [
       -82.464084,
       45.904841
      ],
      [
       -82.465921,
       45.904171
      ],
      [
       -82.467815,
       45.903683
      ],
      [
       -82.469747,
       45.903383
      ],
      [
       -82.4717,
       45.903274
      ],
      [
       -82.473654,
       45.903355
      ],
      [
       -82.475591,
       45.903627
      ],
      [
       -82.477491,
       45.904086
      ],
      [
       -82.479338,
       45.904729
      ],
      [
       -82.481114,
       45.90555
      ],
      [
       -82.4828,
       45.90654
      ],
      [
       -82.484382,
       45.90769
      ],
      [
       -82.485844,
       45.908988
      ],
      [
       -82.487172,
       45.910424
      ],
      [
       -82.488354,
       45.911982
      ],
      [
       -82.489378,
       45.913648
      ],
      [
       -82.490234,
       45.915407
      ],
      [
       -82.490914,
       45.91724
      ],
      [
       -82.491412,
       45.919131
      ],
      [
       -82.491723,
       45.921062
      ],
      [
       -82.491844,
       45.923014
      ],
      [
       -82.491774,
       45.924968
      ],
      [
       -82.491216,
       45.931525
      ],
      [
       -82.492812,
       45.932201
      ],
      [
       -82.499348,
       45.931391
      ],
      [
       -82.501577,
       45.929881
      ],
      [
       -82.51423,
       45.912421
      ],
      [
       -82.515346,
       45.911018
      ],
      [
       -82.516583,
       45.90972
      ],
      [
       -82.517931,
       45.908539
      ],
      [
       -82.528234,
       45.900296
      ],
      [
       -82.529915,
       45.899088
      ],
      [
       -82.531712,
       45.898061
      ],
      [
       -82.533605,
       45.897224
      ],
      [
       -82.535575,
       45.896588
      ],
      [
       -82.546991,
       45.893544
      ],
      [
       -82.546287,
       45.893271
      ],
      [
       -82.544571,
       45.892406
      ],
      [
       -82.542945,
       45.891381
      ],
      [
       -82.541425,
       45.890204
      ],
      [
       -82.540025,
       45.888887
      ],
      [
       -82.538758,
       45.887442
      ],
      [
       -82.537636,
       45.885881
      ],
      [
       -82.536669,
       45.88422
      ],
      [
       -82.535865,
       45.882474
      ],
      [
       -82.535233,
       45.880659
      ],
      [
       -82.535216,
       45.880589
      ],
      [
       -82.534323,
       45.880737
      ],
      [
       -82.532344,
       45.880865
      ],
      [
       -82.530361,
       45.880796
      ],
      [
       -82.528395,
       45.880531
      ],
      [
       -82.514118,
       45.877882
      ],
      [
       -82.512167,
       45.877418
      ],
      [
       -82.510272,
       45.876761
      ],
      [
       -82.508453,
       45.875917
      ],
      [
       -82.506727,
       45.874895
      ],
      [
       -82.505112,
       45.873705
      ],
      [
       -82.503625,
       45.87236
      ],
      [
       -82.492439,
       45.861174
      ],
      [
       -82.491135,
       45.859737
      ],
      [
       -82.489977,
       45.858181
      ],
      [
       -82.488975,
       45.85652
      ],
      [
       -82.488138,
       45.854769
      ],
      [
       -82.487475,
       45.852946
      ],
      [
       -82.486992,
       45.851067
      ],
      [
       -82.486693,
       45.84915
      ],
      [
       -82.486582,
       45.847213
      ],
      [
       -82.486658,
       45.845274
      ],
      [
       -82.488424,
       45.825257
      ],
      [
       -82.488705,
       45.823246
      ],
      [
       -82.489189,
       45.821274
      ],
      [
       -82.48987,
       45.819361
      ],
      [
       -82.490741,
       45.817527
      ],
      [
       -82.491794,
       45.81579
      ],
      [
       -82.506365,
       45.794302
      ],
      [
       -82.507551,
       45.792727
      ],
      [
       -82.508886,
       45.791276
      ],
      [
       -82.510358,
       45.789963
      ],
      [
       -82.527137,
       45.776422
      ],
      [
       -82.528694,
       45.775285
      ],
      [
       -82.530353,
       45.774303
      ],
      [
       -82.532099,
       45.773485
      ],
      [
       -82.533916,
       45.77284
      ],
      [
       -82.535787,
       45.772372
      ],
      [
       -82.537694,
       45.772087
      ],
      [
       -82.539619,
       45.771986
      ],
      [
       -82.541545,
       45.772072
      ],
      [
       -82.543455,
       45.772342
      ],
      [
       -82.545329,
       45.772795
      ],
      [
       -82.54715,
       45.773427
      ],
      [
       -82.548903,
       45.774231
      ],
      [
       -82.556851,
       45.778352
      ],
      [
       -82.558613,
       45.779383
      ],
      [
       -82.560261,
       45.780588
      ],
      [
       -82.561778,
       45.781955
      ],
      [
       -82.563147,
       45.78347
      ],
      [
       -82.564354,
       45.785116
      ],
      [
       -82.565388,
       45.786877
      ],
      [
       -82.566236,
       45.788734
      ],
      [
       -82.566891,
       45.790668
      ],
      [
       -82.567346,
       45.792659
      ],
      [
       -82.568902,
       45.801554
      ],
      [
       -82.571863,
       45.807476
      ],
      [
       -82.581906,
       45.819572
      ],
      [
       -82.586261,
       45.822908
      ],
      [
       -82.595373,
       45.828572
      ],
      [
       -82.604628,
       45.832979
      ],
      [
       -82.605109,
       45.833083
      ],
      [
       -82.612425,
       45.826094
      ],
      [
       -82.614145,
       45.824628
      ],
      [
       -82.616019,
       45.823365
      ],
      [
       -82.626911,
       45.816889
      ],
      [
       -82.628559,
       45.81601
      ],
      [
       -82.630283,
       45.815289
      ],
      [
       -82.632066,
       45.814732
      ],
      [
       -82.633893,
       45.814344
      ],
      [
       -82.635748,
       45.814128
      ],
      [
       -82.637616,
       45.814086
      ],
      [
       -82.639479,
       45.814218
      ],
      [
       -82.641322,
       45.814524
      ],
      [
       -82.643128,
       45.815
      ],
      [
       -82.653431,
       45.818238
      ],
      [
       -82.655181,
       45.818879
      ],
      [
       -82.656863,
       45.81968
      ],
      [
       -82.658464,
       45.820634
      ],
      [
       -82.659969,
       45.821733
      ],
      [
       -82.661365,
       45.822967
      ],
      [
       -82.66264,
       45.824325
      ],
      [
       -82.663783,
       45.825797
      ],
      [
       -82.664784,
       45.827368
      ],
      [
       -82.670524,
       45.837377
      ],
      [
       -82.67157,
       45.839477
      ],
      [
       -82.672363,
       45.841685
      ],
      [
       -82.673792,
       45.846546
      ],
      [
       -82.684825,
       45.844224
      ],
      [
       -82.733156,
       45.827014
      ],
      [
       -82.735074,
       45.826437
      ],
      [
       -82.737041,
       45.826055
      ],
      [
       -82.739036,
       45.825872
      ],
      [
       -82.741039,
       45.825889
      ],
      [
       -82.761056,
       45.827066
      ],
      [
       -82.76311,
       45.827294
      ],
      [
       -82.765129,
       45.827733
      ],
      [
       -82.767092,
       45.828377
      ],
      [
       -82.768978,
       45.82922
      ],
      [
       -82.770768,
       45.830254
      ],
      [
       -82.772441,
       45.831467
      ],
      [
       -82.77398,
       45.832845
      ],
      [
       -82.775368,
       45.834376
      ],
      [
       -82.776591,
       45.836041
      ],
      [
       -82.78027,
       45.841634
      ],
      [
       -82.781471,
       45.843724
      ],
      [
       -82.782412,
       45.845944
      ],
      [
       -82.790654,
       45.869199
      ],
      [
       -82.791154,
       45.870827
      ],
      [
       -82.791514,
       45.872492
      ],
      [
       -82.791723,
       45.873707
      ],
      [
       -82.819043,
       45.879238
      ],
      [
       -82.820785,
       45.879672
      ],
      [
       -82.822481,
       45.880262
      ],
      [
       -82.824117,
       45.881001
      ],
      [
       -82.82568,
       45.881883
      ],
      [
       -82.827158,
       45.882903
      ],
      [
       -82.849677,
       45.899976
      ],
      [
       -82.851136,
       45.901195
      ],
      [
       -82.852472,
       45.902547
      ],
      [
       -82.853674,
       45.90402
      ],
      [
       -82.854731,
       45.905601
      ],
      [
       -82.855632,
       45.907275
      ],
      [
       -82.856371,
       45.909027
      ],
      [
       -82.85694,
       45.910841
      ],
      [
       -82.857334,
       45.9127
      ],
      [
       -82.85755,
       45.914589
      ],
      [
       -82.857586,
       45.91649
      ],
      [
       -82.857144,
       45.931797
      ],
      [
       -82.857002,
       45.933668
      ],
      [
       -82.856685,
       45.935518
      ],
      [
       -82.856196,
       45.937329
      ],
      [
       -82.85554,
       45.939087
      ],
      [
       -82.854722,
       45.940775
      ],
      [
       -82.853749,
       45.94238
      ],
      [
       -82.843105,
       45.958209
      ],
      [
       -82.834298,
       45.976803
      ],
      [
       -82.834475,
       45.976757
      ],
      [
       -82.845025,
       45.966751
      ],
      [
       -82.846406,
       45.965555
      ],
      [
       -82.847891,
       45.964491
      ],
      [
       -82.849467,
       45.963567
      ],
      [
       -82.851121,
       45.96279
      ],
      [
       -82.858922,
       45.959552
      ],
      [
       -82.861053,
       45.958806
      ],
      [
       -82.863254,
       45.958304
      ],
      [
       -82.865498,
       45.958054
      ],
      [
       -82.907401,
       45.955765
      ],
      [
       -82.92897,
       45.951914
      ],
      [
       -82.937828,
       45.948432
      ],
      [
       -82.940016,
       45.941763
      ],
      [
       -82.940645,
       45.9401
      ],
      [
       -82.941419,
       45.938499
      ],
      [
       -82.942333,
       45.936973
      ],
      [
       -82.947779,
       45.928731
      ],
      [
       -82.948978,
       45.927102
      ],
      [
       -82.950336,
       45.925601
      ],
      [
       -82.951839,
       45.924246
      ],
      [
       -82.953471,
       45.92305
      ],
      [
       -82.955216,
       45.922024
      ],
      [
       -82.957055,
       45.92118
      ],
      [
       -82.958971,
       45.920527
      ],
      [
       -82.970304,
       45.917289
      ],
      [
       -82.972489,
       45.916795
      ],
      [
       -82.974715,
       45.916548
      ],
      [
       -82.976955,
       45.916552
      ],
      [
       -82.997266,
       45.917729
      ],
      [
       -82.999488,
       45.917983
      ],
      [
       -83.001667,
       45.918484
      ],
      [
       -83.003777,
       45.919224
      ],
      [
       -83.011577,
       45.922462
      ],
      [
       -83.013274,
       45.923262
      ],
      [
       -83.014889,
       45.924217
      ],
      [
       -83.016406,
       45.925319
      ],
      [
       -83.017814,
       45.926559
      ],
      [
       -83.0191,
       45.927925
      ],
      [
       -83.020252,
       45.929406
      ],
      [
       -83.02126,
       45.930988
      ],
      [
       -83.022116,
       45.932657
      ],
      [
       -83.024108,
       45.93704
      ],
      [
       -83.025512,
       45.938865
      ],
      [
       -83.032853,
       45.942144
      ],
      [
       -83.04469,
       45.944727
      ],
      [
       -83.050088,
       45.9446
      ],
      [
       -83.051717,
       45.943738
      ],
      [
       -83.053254,
       45.941568
      ],
      [
       -83.056937,
       45.93471
      ],
      [
       -83.05787,
       45.933148
      ],
      [
       -83.05894,
       45.931677
      ],
      [
       -83.060141,
       45.930309
      ],
      [
       -83.0675,
       45.922656
      ],
      [
       -83.068664,
       45.921539
      ],
      [
       -83.069916,
       45.920519
      ],
      [
       -83.076981,
       45.91522
      ],
      [
       -83.07821,
       45.914368
      ],
      [
       -83.0795,
       45.91361
      ],
      [
       -83.09098,
       45.907429
      ],
      [
       -83.092862,
       45.906539
      ],
      [
       -83.094827,
       45.905849
      ],
      [
       -83.096853,
       45.905367
      ],
      [
       -83.098919,
       45.905099
      ],
      [
       -83.101001,
       45.905046
      ],
      [
       -83.111892,
       45.90534
      ],
      [
       -83.113784,
       45.905481
      ],
      [
       -83.115655,
       45.905801
      ],
      [
       -83.117487,
       45.906297
      ],
      [
       -83.119264,
       45.906964
      ],
      [
       -83.120969,
       45.907797
      ],
      [
       -83.122588,
       45.908788
      ],
      [
       -83.124106,
       45.909927
      ],
      [
       -83.125509,
       45.911205
      ],
      [
       -83.126784,
       45.912611
      ],
      [
       -83.12792,
       45.914131
      ],
      [
       -83.128908,
       45.915752
      ],
      [
       -83.129737,
       45.917459
      ],
      [
       -83.1304,
       45.919237
      ],
      [
       -83.13511,
       45.933955
      ],
      [
       -83.135778,
       45.93669
      ],
      [
       -83.136767,
       45.942492
      ],
      [
       -83.139504,
       45.943607
      ],
      [
       -83.141106,
       45.944344
      ],
      [
       -83.142637,
       45.945219
      ],
      [
       -83.149102,
       45.949302
      ],
      [
       -83.163806,
       45.954448
      ],
      [
       -83.183329,
       45.947429
      ],
      [
       -83.185063,
       45.946893
      ],
      [
       -83.18684,
       45.946517
      ],
      [
       -83.188643,
       45.946303
      ],
      [
       -83.265472,
       45.94071
      ],
      [
       -83.267437,
       45.940664
      ],
      [
       -83.269397,
       45.940811
      ],
      [
       -83.271334,
       45.941149
      ],
      [
       -83.273227,
       45.941676
      ],
      [
       -83.27506,
       45.942387
      ],
      [
       -83.276814,
       45.943274
      ],
      [
       -83.278473,
       45.944328
      ],
      [
       -83.28002,
       45.945541
      ],
      [
       -83.281441,
       45.9469
      ],
      [
       -83.282721,
       45.948391
      ],
      [
       -83.282763,
       45.948451
      ],
      [
       -83.296992,
       45.945036
      ],
      [
       -83.298937,
       45.94467
      ],
      [
       -83.300908,
       45.944498
      ],
      [
       -83.302887,
       45.944522
      ],
      [
       -83.304854,
       45.944741
      ],
      [
       -83.306789,
       45.945153
      ],
      [
       -83.308675,
       45.945755
      ],
      [
       -83.310491,
       45.94654
      ],
      [
       -83.320058,
       45.951249
      ],
      [
       -83.321698,
       45.952154
      ],
      [
       -83.323246,
       45.953208
      ],
      [
       -83.324688,
       45.954402
      ],
      [
       -83.347846,
       45.975481
      ],
      [
       -83.357698,
       45.981478
      ],
      [
       -83.366115,
       45.980897
      ],
      [
       -83.382003,
       45.975988
      ],
      [
       -83.384481,
       45.975393
      ],
      [
       -83.403661,
       45.972057
      ],
      [
       -83.406774,
       45.971139
      ],
      [
       -83.408249,
       45.969699
      ],
      [
       -83.415733,
       45.959116
      ],
      [
       -83.417117,
       45.957374
      ],
      [
       -83.418686,
       45.955796
      ],
      [
       -83.420421,
       45.954402
      ],
      [
       -83.448386,
       45.934385
      ],
      [
       -83.450098,
       45.933287
      ],
      [
       -83.451912,
       45.932368
      ],
      [
       -83.45381,
       45.931639
      ],
      [
       -83.455773,
       45.931106
      ],
      [
       -83.457779,
       45.930775
      ],
      [
       -83.459809,
       45.930649
      ],
      [
       -83.461841,
       45.93073
      ],
      [
       -83.463854,
       45.931018
      ],
      [
       -83.465828,
       45.931508
      ],
      [
       -83.467741,
       45.932196
      ],
      [
       -83.469575,
       45.933074
      ],
      [
       -83.506959,
       45.953386
      ],
      [
       -83.508618,
       45.954395
      ],
      [
       -83.510171,
       45.95556
      ],
      [
       -83.511604,
       45.956869
      ],
      [
       -83.512904,
       45.958312
      ],
      [
       -83.514057,
       45.959874
      ],
      [
       -83.515053,
       45.96154
      ],
      [
       -83.515884,
       45.963295
      ],
      [
       -83.51654,
       45.965122
      ],
      [
       -83.517016,
       45.967004
      ],
      [
       -83.517307,
       45.968923
      ],
      [
       -83.517411,
       45.970862
      ],
      [
       -83.517326,
       45.972801
      ],
      [
       -83.517054,
       45.974724
      ],
      [
       -83.516596,
       45.97661
      ],
      [
       -83.515958,
       45.978444
      ],
      [
       -83.515145,
       45.980207
      ],
      [
       -83.514165,
       45.981882
      ],
      [
       -83.50419,
       45.997184
      ],
      [
       -83.505439,
       45.99794
      ],
      [
       -83.526536,
       46.000901
      ],
      [
       -83.528148,
       46.001195
      ],
      [
       -83.52973,
       46.00162
      ],
      [
       -83.531271,
       46.002172
      ],
      [
       -83.553053,
       46.011003
      ],
      [
       -83.55477,
       46.011795
      ],
      [
       -83.556403,
       46.012746
      ],
      [
       -83.55794,
       46.013847
      ],
      [
       -83.559366,
       46.015087
      ],
      [
       -83.560668,
       46.016457
      ],
      [
       -83.561835,
       46.017944
      ],
      [
       -83.562857,
       46.019534
      ],
      [
       -83.563724,
       46.021213
      ],
      [
       -83.564429,
       46.022967
      ],
      [
       -83.573803,
       46.049916
      ],
      [
       -83.578916,
       46.063979
      ],
      [
       -83.589748,
       46.072716
      ],
      [
       -83.628079,
       46.087998
      ],
      [
       -83.663169,
       46.08946
      ],
      [
       -83.662236,
       46.088229
      ],
      [
       -83.66122,
       46.086578
      ],
      [
       -83.660368,
       46.084837
      ],
      [
       -83.659689,
       46.083021
      ],
      [
       -83.659189,
       46.081148
      ],
      [
       -83.658872,
       46.079235
      ],
      [
       -83.658742,
       46.077301
      ],
      [
       -83.658595,
       46.069353
      ],
      [
       -83.658657,
       46.067369
      ],
      [
       -83.658915,
       46.065401
      ],
      [
       -83.659368,
       46.063468
      ],
      [
       -83.660009,
       46.061589
      ],
      [
       -83.660833,
       46.059783
      ],
      [
       -83.661833,
       46.058068
      ],
      [
       -83.662997,
       46.056461
      ],
      [
       -83.664315,
       46.054977
      ],
      [
       -83.665774,
       46.05363
      ],
      [
       -83.667359,
       46.052435
      ],
      [
       -83.669055,
       46.051403
      ],
      [
       -83.670845,
       46.050544
      ],
      [
       -83.672711,
       46.049867
      ],
      [
       -83.674635,
       46.049378
      ],
      [
       -83.676597,
       46.049083
      ],
      [
       -83.67858,
       46.048983
      ],
      [
       -83.680563,
       46.04908
      ],
      [
       -83.682526,
       46.049374
      ],
      [
       -83.68445,
       46.04986
      ],
      [
       -83.686317,
       46.050535
      ],
      [
       -83.688108,
       46.051392
      ],
      [
       -83.824693,
       46.125277
      ],
      [
       -83.826367,
       46.126291
      ],
      [
       -83.827934,
       46.127465
      ],
      [
       -83.829378,
       46.128785
      ],
      [
       -83.830687,
       46.130241
      ],
      [
       -83.831847,
       46.131818
      ],
      [
       -83.832848,
       46.1335
      ],
      [
       -83.833679,
       46.135273
      ],
      [
       -83.834333,
       46.137118
      ],
      [
       -83.834803,
       46.139018
      ],
      [
       -83.835085,
       46.140955
      ],
      [
       -83.835177,
       46.14291
      ],
      [
       -83.835077,
       46.144865
      ],
      [
       -83.834787,
       46.146801
      ],
      [
       -83.834308,
       46.148699
      ],
      [
       -83.821209,
       46.191676
      ],
      [
       -83.82066,
       46.193242
      ],
      [
       -83.819982,
       46.194757
      ],
      [
       -83.819182,
       46.196211
      ],
      [
       -83.808072,
       46.214542
      ],
      [
       -83.807253,
       46.216392
      ],
      [
       -83.811237,
       46.215806
      ],
      [
       -83.813144,
       46.215618
      ],
      [
       -83.81506,
       46.215614
      ],
      [
       -83.816968,
       46.215793
      ],
      [
       -83.818849,
       46.216154
      ],
      [
       -83.820688,
       46.216693
      ],
      [
       -83.822467,
       46.217406
      ],
      [
       -83.824169,
       46.218285
      ],
      [
       -83.825779,
       46.219324
      ],
      [
       -83.827283,
       46.220511
      ],
      [
       -83.828666,
       46.221838
      ],
      [
       -83.829915,
       46.22329
      ],
      [
       -83.83102,
       46.224856
      ],
      [
       -83.83197,
       46.22652
      ],
      [
       -83.832757,
       46.228267
      ],
      [
       -83.833373,
       46.230081
      ],
      [
       -83.839129,
       46.25016
      ],
      [
       -83.318559,
       46.135846
      ],
      [
       -81.926117,
       46.035301
      ],
      [
       -81.927015,
       46.035111
      ]
     ],
     [
      [
       -82.228119,
       46.038779
      ],
      [
       -82.228783,
       46.038632
      ],
      [
       -82.23217,
       46.035306
      ],
      [
       -82.234595,
       46.03247
      ],
      [
       -82.225907,
       46.027631
      ],
      [
       -82.228119,
       46.038779
      ]
     ],
     [
      [
       -82.615956,
       45.932141
      ],
      [
       -82.600219,
       45.951752
      ],
      [
       -82.613301,
       45.952146
      ],
      [
       -82.615273,
       45.952303
      ],
      [
       -82.617219,
       45.952654
      ],
      [
       -82.619121,
       45.953196
      ],
      [
       -82.630533,
       45.957064
      ],
      [
       -82.643776,
       45.953223
      ],
      [
       -82.64539,
       45.952827
      ],
      [
       -82.64703,
       45.952566
      ],
      [
       -82.680243,
       45.948691
      ],
      [
       -82.692839,
       45.944406
      ],
      [
       -82.692643,
       45.937052
      ],
      [
       -82.692693,
       45.935017
      ],
      [
       -82.692949,
       45.932997
      ],
      [
       -82.693409,
       45.931013
      ],
      [
       -82.694068,
       45.929086
      ],
      [
       -82.694298,
       45.928587
      ],
      [
       -82.658185,
       45.922731
      ],
      [
       -82.615956,
       45.932141
      ]
     ]
    ],
    "type": "Polygon"
   },
   "id": "lake-void-north-channel-plate-10104-1748",
   "properties": {
    "coordinateFrame": "WGS84-reference-coordinates",
    "correctionFeatureId": "lake-void-north-channel-plate-10104-1748",
    "emittedAreaSquareKilometres": 2933.415,
    "geometryReferenceAgeMa": 0,
    "lake": "North Channel",
    "lakeAreaSquareKilometres": 3676.773,
    "lifecycleNativeCoastChartIds": [
     "cao-coast:GPlates-57229062-955f-47b5-9f50-d0fd15818b43:440:0"
    ],
    "naturalEarthIndex": 470,
    "onset": {
     "ageMa": 0.013,
     "evidence": "observed/proxy-constrained",
     "sourceIds": [
      "larson-great-lakes-2001"
     ],
     "uncertaintyMa": 0.001
    },
    "plateId": 10104,
    "sourceClass": "cao-void-inside-continental-outline",
    "staticFeatureId": "GPlates-835b4cef-c4f9-4ccb-a376-21b52e58ab8d",
    "staticSourceOrder": 1748,
    "surfaceClass": "land",
    "touchingNativeCoastChartIds": [
     "cao-coast:GPlates-57229062-955f-47b5-9f50-d0fd15818b43:440:0"
    ],
    "validTimeMa": {
     "oldest": 1670.0,
     "youngest": 0.013,
     "youngestExclusive": true
    },
    "voidAreaSquareKilometres": 3547.128
   },
   "type": "Feature"
  },
  {
   "geometry": {
    "coordinates": [
     [
      [
       -103.291944,
       56.282222
      ],
      [
       -103.292222,
       56.285833
      ],
      [
       -103.20435,
       56.446672
      ],
      [
       -103.183409,
       56.457413
      ],
      [
       -103.153367,
       56.435977
      ],
      [
       -103.188955,
       56.374018
      ],
      [
       -103.191985,
       56.368743
      ],
      [
       -103.291944,
       56.282222
      ]
     ]
    ],
    "type": "Polygon"
   },
   "id": "lake-void-reindeer-lake-plate-101-1740",
   "properties": {
    "coordinateFrame": "WGS84-reference-coordinates",
    "correctionFeatureId": "lake-void-reindeer-lake-plate-101-1740",
    "emittedAreaSquareKilometres": 47.389,
    "geometryReferenceAgeMa": 0,
    "lake": "Reindeer Lake",
    "lakeAreaSquareKilometres": 6685.977,
    "lifecycleNativeCoastChartIds": [
     "cao-coast:GPlates-1a4654ab-81e7-4f14-94a9-b7926860b554:413:0",
     "cao-coast:GPlates-8637dc7f-526a-4782-a88c-312c7569fe3b:417:2",
     "cao-coast:GPlates-f48ac26f-8aac-41f5-a9c9-66f081349295:443:0",
     "cao-coast:GPlates-f48ac26f-8aac-41f5-a9c9-66f081349295:443:3",
     "cao-coast:GPlates-f48ac26f-8aac-41f5-a9c9-66f081349295:443:4"
    ],
    "naturalEarthIndex": 16,
    "onset": {
     "ageMa": 0,
     "evidence": "present-only default",
     "sourceIds": [
      "natural-earth-lakes-10m"
     ]
    },
    "plateId": 101,
    "sourceClass": "cao-void-inside-continental-outline",
    "staticFeatureId": "GPlates-1a4654ab-81e7-4f14-94a9-b7926860b554",
    "staticSourceOrder": 1740,
    "surfaceClass": "land",
    "touchingNativeCoastChartIds": [
     "cao-coast:GPlates-1a4654ab-81e7-4f14-94a9-b7926860b554:413:0",
     "cao-coast:GPlates-8637dc7f-526a-4782-a88c-312c7569fe3b:417:2",
     "cao-coast:GPlates-f48ac26f-8aac-41f5-a9c9-66f081349295:443:0",
     "cao-coast:GPlates-f48ac26f-8aac-41f5-a9c9-66f081349295:443:3",
     "cao-coast:GPlates-f48ac26f-8aac-41f5-a9c9-66f081349295:443:4"
    ],
    "validTimeMa": {
     "oldest": 1800.0,
     "youngest": 0.0,
     "youngestExclusive": true
    },
    "voidAreaSquareKilometres": 6101.561
   },
   "type": "Feature"
  },
  {
   "geometry": {
    "coordinates": [
     [
      [
       -102.568056,
       57.069167
      ],
      [
       -102.774167,
       57.086944
      ],
      [
       -102.667778,
       57.25
      ],
      [
       -102.821667,
       57.318611
      ],
      [
       -102.984444,
       57.260833
      ],
      [
       -102.96875,
       57.319598
      ],
      [
       -101.949259,
       57.706001
      ],
      [
       -101.566957,
       57.799876
      ],
      [
       -101.763889,
       57.596667
      ],
      [
       -102.099444,
       57.490833
      ],
      [
       -102.164444,
       57.345833
      ],
      [
       -101.828333,
       57.295278
      ],
      [
       -102.072222,
       57.188056
      ],
      [
       -101.956389,
       56.983333
      ],
      [
       -102.292972,
       56.845783
      ],
      [
       -102.381134,
       56.894014
      ],
      [
       -102.559607,
       56.892415
      ],
      [
       -102.568056,
       57.069167
      ]
     ]
    ],
    "type": "Polygon"
   },
   "id": "lake-void-reindeer-lake-plate-101-1743",
   "properties": {
    "coordinateFrame": "WGS84-reference-coordinates",
    "correctionFeatureId": "lake-void-reindeer-lake-plate-101-1743",
    "emittedAreaSquareKilometres": 3330.965,
    "geometryReferenceAgeMa": 0,
    "lake": "Reindeer Lake",
    "lakeAreaSquareKilometres": 6685.977,
    "lifecycleNativeCoastChartIds": [
     "cao-coast:GPlates-07da4549-a75b-4cdf-b7df-f1e6e70a07eb:416:0",
     "cao-coast:GPlates-07da4549-a75b-4cdf-b7df-f1e6e70a07eb:416:1",
     "cao-coast:GPlates-1c015586-1d10-4b1a-8146-5f5d8f47c457:420:0",
     "cao-coast:GPlates-8637dc7f-526a-4782-a88c-312c7569fe3b:417:0",
     "cao-coast:GPlates-8637dc7f-526a-4782-a88c-312c7569fe3b:417:1",
     "cao-coast:GPlates-8637dc7f-526a-4782-a88c-312c7569fe3b:417:2"
    ],
    "naturalEarthIndex": 16,
    "onset": {
     "ageMa": 0,
     "evidence": "present-only default",
     "sourceIds": [
      "natural-earth-lakes-10m"
     ]
    },
    "plateId": 101,
    "sourceClass": "cao-void-inside-continental-outline",
    "staticFeatureId": "GPlates-07da4549-a75b-4cdf-b7df-f1e6e70a07eb",
    "staticSourceOrder": 1743,
    "surfaceClass": "land",
    "touchingNativeCoastChartIds": [
     "cao-coast:GPlates-07da4549-a75b-4cdf-b7df-f1e6e70a07eb:416:0",
     "cao-coast:GPlates-07da4549-a75b-4cdf-b7df-f1e6e70a07eb:416:1",
     "cao-coast:GPlates-1c015586-1d10-4b1a-8146-5f5d8f47c457:420:0",
     "cao-coast:GPlates-8637dc7f-526a-4782-a88c-312c7569fe3b:417:0",
     "cao-coast:GPlates-8637dc7f-526a-4782-a88c-312c7569fe3b:417:1",
     "cao-coast:GPlates-8637dc7f-526a-4782-a88c-312c7569fe3b:417:2"
    ],
    "validTimeMa": {
     "oldest": 1800.0,
     "youngest": 0.0,
     "youngestExclusive": true
    },
    "voidAreaSquareKilometres": 6101.561
   },
   "type": "Feature"
  },
  {
   "geometry": {
    "coordinates": [
     [
      [
       [
        -103.183933,
        56.484044
       ],
       [
        -103.1825,
        56.486667
       ],
       [
        -103.3075,
        56.454167
       ],
       [
        -103.3225,
        56.550833
       ],
       [
        -103.233611,
        56.594444
       ],
       [
        -103.149167,
        56.547778
       ],
       [
        -103.106641,
        56.85694
       ],
       [
        -103.104285,
        56.857708
       ],
       [
        -103.111426,
        56.510364
       ],
       [
        -103.183933,
        56.484044
       ]
      ]
     ],
     [
      [
       [
        -102.7025,
        56.7625
       ],
       [
        -102.554167,
        56.778611
       ],
       [
        -102.559607,
        56.892415
       ],
       [
        -102.381134,
        56.894014
       ],
       [
        -102.292972,
        56.845783
       ],
       [
        -102.430833,
        56.789444
       ],
       [
        -102.226944,
        56.755833
       ],
       [
        -102.4325,
        56.696944
       ],
       [
        -102.423786,
        56.624857
       ],
       [
        -102.552623,
        56.642921
       ],
       [
        -102.854956,
        56.599718
       ],
       [
        -102.670278,
        56.686389
       ],
       [
        -102.7025,
        56.7625
       ]
      ]
     ]
    ],
    "type": "MultiPolygon"
   },
   "id": "lake-void-reindeer-lake-plate-101-1744",
   "properties": {
    "coordinateFrame": "WGS84-reference-coordinates",
    "correctionFeatureId": "lake-void-reindeer-lake-plate-101-1744",
    "emittedAreaSquareKilometres": 661.587,
    "geometryReferenceAgeMa": 0,
    "lake": "Reindeer Lake",
    "lakeAreaSquareKilometres": 6685.977,
    "lifecycleNativeCoastChartIds": [
     "cao-coast:GPlates-07da4549-a75b-4cdf-b7df-f1e6e70a07eb:416:0",
     "cao-coast:GPlates-07da4549-a75b-4cdf-b7df-f1e6e70a07eb:416:1",
     "cao-coast:GPlates-1a4654ab-81e7-4f14-94a9-b7926860b554:413:0",
     "cao-coast:GPlates-8637dc7f-526a-4782-a88c-312c7569fe3b:417:0",
     "cao-coast:GPlates-8637dc7f-526a-4782-a88c-312c7569fe3b:417:1",
     "cao-coast:GPlates-8637dc7f-526a-4782-a88c-312c7569fe3b:417:2",
     "cao-coast:GPlates-f48ac26f-8aac-41f5-a9c9-66f081349295:443:0",
     "cao-coast:GPlates-f48ac26f-8aac-41f5-a9c9-66f081349295:443:1",
     "cao-coast:GPlates-f48ac26f-8aac-41f5-a9c9-66f081349295:443:2",
     "cao-coast:GPlates-f48ac26f-8aac-41f5-a9c9-66f081349295:443:3"
    ],
    "naturalEarthIndex": 16,
    "onset": {
     "ageMa": 0,
     "evidence": "present-only default",
     "sourceIds": [
      "natural-earth-lakes-10m"
     ]
    },
    "plateId": 101,
    "sourceClass": "cao-void-inside-continental-outline",
    "staticFeatureId": "GPlates-8637dc7f-526a-4782-a88c-312c7569fe3b",
    "staticSourceOrder": 1744,
    "surfaceClass": "land",
    "touchingNativeCoastChartIds": [
     "cao-coast:GPlates-07da4549-a75b-4cdf-b7df-f1e6e70a07eb:416:0",
     "cao-coast:GPlates-07da4549-a75b-4cdf-b7df-f1e6e70a07eb:416:1",
     "cao-coast:GPlates-1a4654ab-81e7-4f14-94a9-b7926860b554:413:0",
     "cao-coast:GPlates-8637dc7f-526a-4782-a88c-312c7569fe3b:417:0",
     "cao-coast:GPlates-8637dc7f-526a-4782-a88c-312c7569fe3b:417:1",
     "cao-coast:GPlates-8637dc7f-526a-4782-a88c-312c7569fe3b:417:2",
     "cao-coast:GPlates-f48ac26f-8aac-41f5-a9c9-66f081349295:443:0",
     "cao-coast:GPlates-f48ac26f-8aac-41f5-a9c9-66f081349295:443:1",
     "cao-coast:GPlates-f48ac26f-8aac-41f5-a9c9-66f081349295:443:2",
     "cao-coast:GPlates-f48ac26f-8aac-41f5-a9c9-66f081349295:443:3"
    ],
    "validTimeMa": {
     "oldest": 1800.0,
     "youngest": 0.0,
     "youngestExclusive": true
    },
    "voidAreaSquareKilometres": 6101.561
   },
   "type": "Feature"
  },
  {
   "geometry": {
    "coordinates": [
     [
      [
       -102.96875,
       57.319598
      ],
      [
       -102.934444,
       57.448056
      ],
      [
       -102.689722,
       57.534444
      ],
      [
       -102.720833,
       57.683889
      ],
      [
       -102.564722,
       57.675833
      ],
      [
       -102.411389,
       57.848333
      ],
      [
       -102.134722,
       57.943611
      ],
      [
       -102.086667,
       58.099722
      ],
      [
       -101.950556,
       58.122778
      ],
      [
       -102.064722,
       57.964722
      ],
      [
       -101.965278,
       57.940556
      ],
      [
       -101.771111,
       58.154722
      ],
      [
       -101.767778,
       57.946389
      ],
      [
       -101.940833,
       57.789444
      ],
      [
       -101.776389,
       57.816389
      ],
      [
       -101.703611,
       57.9325
      ],
      [
       -101.661944,
       57.884167
      ],
      [
       -101.515,
       57.925
      ],
      [
       -101.528611,
       57.839444
      ],
      [
       -101.566957,
       57.799876
      ],
      [
       -101.949259,
       57.706001
      ],
      [
       -102.96875,
       57.319598
      ]
     ]
    ],
    "type": "Polygon"
   },
   "id": "lake-void-reindeer-lake-plate-101-1747",
   "properties": {
    "coordinateFrame": "WGS84-reference-coordinates",
    "correctionFeatureId": "lake-void-reindeer-lake-plate-101-1747",
    "emittedAreaSquareKilometres": 2170.914,
    "geometryReferenceAgeMa": 0,
    "lake": "Reindeer Lake",
    "lakeAreaSquareKilometres": 6685.977,
    "lifecycleNativeCoastChartIds": [
     "cao-coast:GPlates-07da4549-a75b-4cdf-b7df-f1e6e70a07eb:416:0",
     "cao-coast:GPlates-07da4549-a75b-4cdf-b7df-f1e6e70a07eb:416:1",
     "cao-coast:GPlates-1c015586-1d10-4b1a-8146-5f5d8f47c457:420:0"
    ],
    "naturalEarthIndex": 16,
    "onset": {
     "ageMa": 0,
     "evidence": "present-only default",
     "sourceIds": [
      "natural-earth-lakes-10m"
     ]
    },
    "plateId": 101,
    "sourceClass": "cao-void-inside-continental-outline",
    "staticFeatureId": "GPlates-1c015586-1d10-4b1a-8146-5f5d8f47c457",
    "staticSourceOrder": 1747,
    "surfaceClass": "land",
    "touchingNativeCoastChartIds": [
     "cao-coast:GPlates-07da4549-a75b-4cdf-b7df-f1e6e70a07eb:416:0",
     "cao-coast:GPlates-07da4549-a75b-4cdf-b7df-f1e6e70a07eb:416:1",
     "cao-coast:GPlates-1c015586-1d10-4b1a-8146-5f5d8f47c457:420:0"
    ],
    "validTimeMa": {
     "oldest": 1800.0,
     "youngest": 0.0,
     "youngestExclusive": true
    },
    "voidAreaSquareKilometres": 6101.561
   },
   "type": "Feature"
  },
  {
   "geometry": {
    "coordinates": [
     [
      [
       -103.111426,
       56.510364
      ],
      [
       -103.112222,
       56.471667
      ],
      [
       -102.961389,
       56.521389
      ],
      [
       -102.916122,
       56.581262
      ],
      [
       -102.87198,
       56.597286
      ],
      [
       -102.869935,
       56.597578
      ],
      [
       -102.873889,
       56.590833
      ],
      [
       -102.854956,
       56.599718
      ],
      [
       -102.552623,
       56.642921
      ],
      [
       -102.423786,
       56.624857
      ],
      [
       -102.420278,
       56.595833
      ],
      [
       -102.836389,
       56.5025
      ],
      [
       -102.974883,
       56.354017
      ],
      [
       -102.983563,
       56.353039
      ],
      [
       -103.108056,
       56.441389
      ],
      [
       -103.191985,
       56.368743
      ],
      [
       -103.188955,
       56.374018
      ],
      [
       -103.153367,
       56.435977
      ],
      [
       -103.183409,
       56.457413
      ],
      [
       -103.20435,
       56.446672
      ],
      [
       -103.183933,
       56.484044
      ],
      [
       -103.111426,
       56.510364
      ]
     ]
    ],
    "type": "Polygon"
   },
   "id": "lake-void-reindeer-lake-plate-101-1845",
   "properties": {
    "coordinateFrame": "WGS84-reference-coordinates",
    "correctionFeatureId": "lake-void-reindeer-lake-plate-101-1845",
    "emittedAreaSquareKilometres": 484.739,
    "geometryReferenceAgeMa": 0,
    "lake": "Reindeer Lake",
    "lakeAreaSquareKilometres": 6685.977,
    "lifecycleNativeCoastChartIds": [
     "cao-coast:GPlates-1a4654ab-81e7-4f14-94a9-b7926860b554:413:0",
     "cao-coast:GPlates-8637dc7f-526a-4782-a88c-312c7569fe3b:417:0",
     "cao-coast:GPlates-8637dc7f-526a-4782-a88c-312c7569fe3b:417:1",
     "cao-coast:GPlates-8637dc7f-526a-4782-a88c-312c7569fe3b:417:2",
     "cao-coast:GPlates-f48ac26f-8aac-41f5-a9c9-66f081349295:443:0",
     "cao-coast:GPlates-f48ac26f-8aac-41f5-a9c9-66f081349295:443:1",
     "cao-coast:GPlates-f48ac26f-8aac-41f5-a9c9-66f081349295:443:2",
     "cao-coast:GPlates-f48ac26f-8aac-41f5-a9c9-66f081349295:443:3",
     "cao-coast:GPlates-f48ac26f-8aac-41f5-a9c9-66f081349295:443:4"
    ],
    "naturalEarthIndex": 16,
    "onset": {
     "ageMa": 0,
     "evidence": "present-only default",
     "sourceIds": [
      "natural-earth-lakes-10m"
     ]
    },
    "plateId": 101,
    "sourceClass": "cao-void-inside-continental-outline",
    "staticFeatureId": "GPlates-f48ac26f-8aac-41f5-a9c9-66f081349295",
    "staticSourceOrder": 1845,
    "surfaceClass": "land",
    "touchingNativeCoastChartIds": [
     "cao-coast:GPlates-1a4654ab-81e7-4f14-94a9-b7926860b554:413:0",
     "cao-coast:GPlates-8637dc7f-526a-4782-a88c-312c7569fe3b:417:0",
     "cao-coast:GPlates-8637dc7f-526a-4782-a88c-312c7569fe3b:417:1",
     "cao-coast:GPlates-8637dc7f-526a-4782-a88c-312c7569fe3b:417:2",
     "cao-coast:GPlates-f48ac26f-8aac-41f5-a9c9-66f081349295:443:0",
     "cao-coast:GPlates-f48ac26f-8aac-41f5-a9c9-66f081349295:443:1",
     "cao-coast:GPlates-f48ac26f-8aac-41f5-a9c9-66f081349295:443:2",
     "cao-coast:GPlates-f48ac26f-8aac-41f5-a9c9-66f081349295:443:3",
     "cao-coast:GPlates-f48ac26f-8aac-41f5-a9c9-66f081349295:443:4"
    ],
    "validTimeMa": {
     "oldest": 1800.0,
     "youngest": 0.0,
     "youngestExclusive": true
    },
    "voidAreaSquareKilometres": 6101.561
   },
   "type": "Feature"
  },
  {
   "geometry": {
    "coordinates": [
     [
      [
       -83.33861,
       43.89444
      ],
      [
       -83.47306,
       43.71639
      ],
      [
       -83.520272,
       43.689157
      ],
      [
       -83.520997,
       43.689571
      ],
      [
       -83.522655,
       43.690755
      ],
      [
       -83.524184,
       43.692102
      ],
      [
       -83.525569,
       43.693598
      ],
      [
       -83.526793,
       43.695227
      ],
      [
       -83.527846,
       43.696972
      ],
      [
       -83.53149,
       43.703774
      ],
      [
       -83.569595,
       43.660706
      ],
      [
       -83.67194,
       43.60167
      ],
      [
       -83.94639,
       43.73
      ],
      [
       -83.85361,
       43.99167
      ],
      [
       -83.711888,
       44.026908
      ],
      [
       -83.706361,
       44.025578
      ],
      [
       -83.705545,
       44.028485
      ],
      [
       -83.59444,
       44.05611
      ],
      [
       -83.53861,
       44.25528
      ],
      [
       -83.33333,
       44.33556
      ],
      [
       -83.33022,
       44.387184
      ],
      [
       -83.330193,
       44.387188
      ],
      [
       -83.32826,
       44.387263
      ],
      [
       -83.326327,
       44.387151
      ],
      [
       -83.324415,
       44.386854
      ],
      [
       -83.322541,
       44.386372
      ],
      [
       -83.320722,
       44.385712
      ],
      [
       -83.318975,
       44.384879
      ],
      [
       -83.317317,
       44.383881
      ],
      [
       -83.315763,
       44.382728
      ],
      [
       -83.314327,
       44.38143
      ],
      [
       -83.004214,
       44.072347
      ],
      [
       -83.002889,
       44.070889
      ],
      [
       -83.001714,
       44.069308
      ],
      [
       -83.0007,
       44.067619
      ],
      [
       -82.999857,
       44.065839
      ],
      [
       -82.999193,
       44.063984
      ],
      [
       -82.998715,
       44.062073
      ],
      [
       -82.998428,
       44.060124
      ],
      [
       -82.998333,
       44.058157
      ],
      [
       -82.998432,
       44.056189
      ],
      [
       -82.998725,
       44.054241
      ],
      [
       -82.999208,
       44.052331
      ],
      [
       -82.999489,
       44.051552
      ],
      [
       -83.39694,
       43.92139
      ],
      [
       -83.33861,
       43.89444
      ]
     ]
    ],
    "type": "Polygon"
   },
   "id": "lake-void-saginaw-bay-plate-10104-1748",
   "properties": {
    "coordinateFrame": "WGS84-reference-coordinates",
    "correctionFeatureId": "lake-void-saginaw-bay-plate-10104-1748",
    "emittedAreaSquareKilometres": 2898.725,
    "geometryReferenceAgeMa": 0,
    "lake": "Saginaw Bay",
    "lakeAreaSquareKilometres": 2859.627,
    "lifecycleNativeCoastChartIds": [
     "cao-coast:GPlates-835b4cef-c4f9-4ccb-a376-21b52e58ab8d:421:6"
    ],
    "naturalEarthIndex": 469,
    "onset": {
     "ageMa": 0.013,
     "evidence": "observed/proxy-constrained",
     "sourceIds": [
      "larson-great-lakes-2001"
     ],
     "uncertaintyMa": 0.001
    },
    "plateId": 10104,
    "sourceClass": "cao-void-inside-continental-outline",
    "staticFeatureId": "GPlates-835b4cef-c4f9-4ccb-a376-21b52e58ab8d",
    "staticSourceOrder": 1748,
    "surfaceClass": "land",
    "touchingNativeCoastChartIds": [
     "cao-coast:GPlates-835b4cef-c4f9-4ccb-a376-21b52e58ab8d:421:6"
    ],
    "validTimeMa": {
     "oldest": 1670.0,
     "youngest": 0.013,
     "youngestExclusive": true
    },
    "voidAreaSquareKilometres": 2736.52
   },
   "type": "Feature"
  },
  {
   "geometry": {
    "coordinates": [
     [
      [
       49.27278,
       53.40056
      ],
      [
       49.20944,
       53.27611
      ],
      [
       48.8525,
       53.26278
      ],
      [
       48.65333,
       53.36889
      ],
      [
       48.89611,
       53.27444
      ],
      [
       49.2025,
       53.30972
      ],
      [
       49.23,
       53.3925
      ],
      [
       48.92694,
       53.44778
      ],
      [
       49.04389,
       53.47056
      ],
      [
       48.85056,
       53.62944
      ],
      [
       48.87472,
       53.94778
      ],
      [
       48.35861,
       54.19972
      ],
      [
       48.41667,
       54.59611
      ],
      [
       48.54306,
       54.65806
      ],
      [
       48.8225,
       54.64528
      ],
      [
       48.85361,
       55.005
      ],
      [
       49.29139,
       55.15278
      ],
      [
       49.01167,
       55.41722
      ],
      [
       49.05694,
       55.47833
      ],
      [
       49.28417,
       55.25389
      ],
      [
       49.41056,
       55.27611
      ],
      [
       49.30222,
       55.48111
      ],
      [
       49.40528,
       55.56361
      ],
      [
       49.43583,
       55.36889
      ],
      [
       49.70917,
       55.41694
      ],
      [
       49.87333,
       55.34917
      ],
      [
       50.11667,
       55.47333
      ],
      [
       50.34639,
       55.39611
      ],
      [
       50.4975,
       55.48806
      ],
      [
       50.63417,
       55.41222
      ],
      [
       50.825,
       55.51111
      ],
      [
       51.41639,
       55.4725
      ],
      [
       51.46722,
       55.8625
      ],
      [
       51.49444,
       55.6025
      ],
      [
       51.7775,
       55.7175
      ],
      [
       52.00028,
       55.72083
      ],
      [
       51.74972,
       55.68639
      ],
      [
       51.70639,
       55.54583
      ],
      [
       51.52667,
       55.5725
      ],
      [
       51.45333,
       55.44972
      ],
      [
       51.12306,
       55.46583
      ],
      [
       51.23333,
       55.41472
      ],
      [
       51.18111,
       55.3275
      ],
      [
       51.14361,
       55.44972
      ],
      [
       50.82722,
       55.47806
      ],
      [
       50.62611,
       55.36167
      ],
      [
       49.89528,
       55.31056
      ],
      [
       49.59861,
       55.105
      ],
      [
       49.45111,
       55.125
      ],
      [
       49.38611,
       54.98583
      ],
      [
       48.95306,
       54.98778
      ],
      [
       48.94722,
       54.78583
      ],
      [
       49.15917,
       54.76444
      ],
      [
       49.05194,
       54.76236
      ],
      [
       48.97111,
       54.67667
      ],
      [
       49.15111,
       54.63278
      ],
      [
       48.90889,
       54.64944
      ],
      [
       48.88,
       54.4025
      ],
      [
       48.78778,
       54.4625
      ],
      [
       48.45639,
       54.35917
      ],
      [
       48.58806,
       54.17222
      ],
      [
       48.80361,
       54.15111
      ],
      [
       48.8925,
       53.98694
      ],
      [
       49.02611,
       53.94556
      ],
      [
       49.71167,
       54.23361
      ],
      [
       49.81889,
       54.15139
      ],
      [
       49.58444,
       54.16806
      ],
      [
       49.42333,
       53.98111
      ],
      [
       49.21639,
       53.94667
      ],
      [
       49.39306,
       53.70722
      ],
      [
       49.10194,
       53.82028
      ],
      [
       49.04222,
       53.56083
      ],
      [
       49.94222,
       53.43556
      ],
      [
       49.47167,
       53.44583
      ],
      [
       49.27278,
       53.40056
      ]
     ]
    ],
    "type": "Polygon"
   },
   "id": "lake-void-samara-reservoir-plate-302-2389",
   "properties": {
    "coordinateFrame": "WGS84-reference-coordinates",
    "correctionFeatureId": "lake-void-samara-reservoir-plate-302-2389",
    "emittedAreaSquareKilometres": 6136.394,
    "geometryReferenceAgeMa": 0,
    "lake": "Samara Reservoir",
    "lakeAreaSquareKilometres": 5757.483,
    "lifecycleNativeCoastChartIds": [
     "cao-coast:GPlates-234d4c2b-e0d5-43a2-bac2-81bfafa819d4:1937:0",
     "cao-coast:GPlates-b7b97dbb-0a3b-4001-a6a8-200b5347dabc:1936:0"
    ],
    "naturalEarthIndex": 1175,
    "onset": {
     "ageMa": 0,
     "evidence": "present-only default",
     "sourceIds": [
      "natural-earth-lakes-10m"
     ]
    },
    "plateId": 302,
    "sourceClass": "cao-void-inside-continental-outline",
    "staticFeatureId": "GPlates-3fb30ecc-970a-4a74-89b4-4c82b46e86d3",
    "staticSourceOrder": 2389,
    "surfaceClass": "land",
    "touchingNativeCoastChartIds": [
     "cao-coast:GPlates-234d4c2b-e0d5-43a2-bac2-81bfafa819d4:1937:0",
     "cao-coast:GPlates-b7b97dbb-0a3b-4001-a6a8-200b5347dabc:1936:0"
    ],
    "validTimeMa": {
     "oldest": 1000.0,
     "youngest": 0.0,
     "youngestExclusive": true
    },
    "voidAreaSquareKilometres": 4972.048
   },
   "type": "Feature"
  },
  {
   "geometry": {
    "coordinates": [
     [
      [
       -66.479444,
       54.595556
      ],
      [
       -66.176667,
       54.342778
      ],
      [
       -66.481389,
       54.356667
      ],
      [
       -66.320556,
       54.269722
      ],
      [
       -66.462222,
       54.288611
      ],
      [
       -66.304722,
       54.11
      ],
      [
       -66.471944,
       54.223056
      ],
      [
       -66.594722,
       54.424167
      ],
      [
       -66.458056,
       54.411667
      ],
      [
       -66.626667,
       54.528056
      ],
      [
       -66.493889,
       54.504444
      ],
      [
       -66.7025,
       54.602222
      ],
      [
       -66.545,
       54.549167
      ],
      [
       -66.661667,
       54.616389
      ],
      [
       -66.482778,
       54.635833
      ],
      [
       -66.518611,
       54.806944
      ],
      [
       -66.329444,
       54.739722
      ],
      [
       -66.613889,
       54.9025
      ],
      [
       -66.673056,
       54.978889
      ],
      [
       -66.530556,
       54.9625
      ],
      [
       -66.653333,
       55.055833
      ],
      [
       -66.421389,
       54.971667
      ],
      [
       -66.539722,
       55.123333
      ],
      [
       -66.293056,
       54.966389
      ],
      [
       -66.413611,
       54.951389
      ],
      [
       -66.340556,
       54.876944
      ],
      [
       -66.443056,
       54.912778
      ],
      [
       -66.384167,
       54.800833
      ],
      [
       -66.553333,
       54.895833
      ],
      [
       -66.3075,
       54.731944
      ],
      [
       -66.428056,
       54.728333
      ],
      [
       -66.388889,
       54.65
      ],
      [
       -66.153119,
       54.510453
      ],
      [
       -66.151965,
       54.504716
      ],
      [
       -66.454167,
       54.641944
      ],
      [
       -66.396111,
       54.583056
      ],
      [
       -66.136695,
       54.428756
      ],
      [
       -66.118201,
       54.336755
      ],
      [
       -66.479444,
       54.595556
      ]
     ]
    ],
    "type": "Polygon"
   },
   "id": "lake-void-smallwood-reservoir-plate-101-1728",
   "properties": {
    "coordinateFrame": "WGS84-reference-coordinates",
    "correctionFeatureId": "lake-void-smallwood-reservoir-plate-101-1728",
    "emittedAreaSquareKilometres": 1184.493,
    "geometryReferenceAgeMa": 0,
    "lake": "Smallwood Reservoir",
    "lakeAreaSquareKilometres": 6993.583,
    "lifecycleNativeCoastChartIds": [
     "cao-coast:GPlates-286b09cf-a802-4da1-bc9e-b98161991338:402:1",
     "cao-coast:GPlates-286b09cf-a802-4da1-bc9e-b98161991338:402:2",
     "cao-coast:GPlates-311db460-3941-4481-8414-237d954364c9:437:8",
     "cao-coast:GPlates-311db460-3941-4481-8414-237d954364c9:437:9"
    ],
    "naturalEarthIndex": 1352,
    "onset": {
     "ageMa": 0,
     "evidence": "present-only default",
     "sourceIds": [
      "natural-earth-lakes-10m"
     ]
    },
    "plateId": 101,
    "sourceClass": "cao-void-inside-continental-outline",
    "staticFeatureId": "GPlates-286b09cf-a802-4da1-bc9e-b98161991338",
    "staticSourceOrder": 1728,
    "surfaceClass": "land",
    "touchingNativeCoastChartIds": [
     "cao-coast:GPlates-286b09cf-a802-4da1-bc9e-b98161991338:402:1",
     "cao-coast:GPlates-286b09cf-a802-4da1-bc9e-b98161991338:402:2",
     "cao-coast:GPlates-311db460-3941-4481-8414-237d954364c9:437:8",
     "cao-coast:GPlates-311db460-3941-4481-8414-237d954364c9:437:9"
    ],
    "validTimeMa": {
     "oldest": 1800.0,
     "youngest": 0.0,
     "youngestExclusive": true
    },
    "voidAreaSquareKilometres": 4663.616
   },
   "type": "Feature"
  },
  {
   "geometry": {
    "coordinates": [
     [
      [
       -65.219722,
       53.6125
      ],
      [
       -65.075833,
       53.510833
      ],
      [
       -65.23,
       53.596667
      ],
      [
       -65.286389,
       53.491389
      ],
      [
       -64.970278,
       53.425556
      ],
      [
       -65.421944,
       53.455
      ],
      [
       -65.605,
       53.563056
      ],
      [
       -65.384444,
       53.524722
      ],
      [
       -65.434167,
       53.592778
      ],
      [
       -65.297778,
       53.594722
      ],
      [
       -65.463611,
       53.741111
      ],
      [
       -65.314722,
       53.675278
      ],
      [
       -65.343179,
       53.702205
      ],
      [
       -65.327861,
       53.696773
      ],
      [
       -65.187853,
       53.650943
      ],
      [
       -65.219722,
       53.6125
      ]
     ]
    ],
    "type": "Polygon"
   },
   "id": "lake-void-smallwood-reservoir-plate-101-1753",
   "properties": {
    "coordinateFrame": "WGS84-reference-coordinates",
    "correctionFeatureId": "lake-void-smallwood-reservoir-plate-101-1753",
    "emittedAreaSquareKilometres": 372.959,
    "geometryReferenceAgeMa": 0,
    "lake": "Smallwood Reservoir",
    "lakeAreaSquareKilometres": 6993.583,
    "lifecycleNativeCoastChartIds": [
     "cao-coast:GPlates-311db460-3941-4481-8414-237d954364c9:437:8",
     "cao-coast:GPlates-311db460-3941-4481-8414-237d954364c9:437:9",
     "cao-coast:GPlates-e8eb839b-a271-4dfb-b2e6-f7b67f820df8:425:0"
    ],
    "naturalEarthIndex": 1352,
    "onset": {
     "ageMa": 0,
     "evidence": "present-only default",
     "sourceIds": [
      "natural-earth-lakes-10m"
     ]
    },
    "plateId": 101,
    "sourceClass": "cao-void-inside-continental-outline",
    "staticFeatureId": "GPlates-e8eb839b-a271-4dfb-b2e6-f7b67f820df8",
    "staticSourceOrder": 1753,
    "surfaceClass": "land",
    "touchingNativeCoastChartIds": [
     "cao-coast:GPlates-311db460-3941-4481-8414-237d954364c9:437:8",
     "cao-coast:GPlates-311db460-3941-4481-8414-237d954364c9:437:9",
     "cao-coast:GPlates-e8eb839b-a271-4dfb-b2e6-f7b67f820df8:425:0"
    ],
    "validTimeMa": {
     "oldest": 1800.0,
     "youngest": 0.0,
     "youngestExclusive": true
    },
    "voidAreaSquareKilometres": 4663.616
   },
   "type": "Feature"
  },
  {
   "geometry": {
    "coordinates": [
     [
      [
       -66.136695,
       54.428756
      ],
      [
       -65.360278,
       53.966944
      ],
      [
       -65.414722,
       54.043056
      ],
      [
       -65.151944,
       53.953333
      ],
      [
       -65.043333,
       54.023611
      ],
      [
       -65.262222,
       54.118889
      ],
      [
       -64.73,
       54.029444
      ],
      [
       -64.993333,
       54.158611
      ],
      [
       -65.124444,
       54.452222
      ],
      [
       -65.311944,
       54.459167
      ],
      [
       -65.263056,
       54.657222
      ],
      [
       -65.127778,
       54.659444
      ],
      [
       -65.233056,
       54.533333
      ],
      [
       -65.085556,
       54.483333
      ],
      [
       -64.886944,
       54.135833
      ],
      [
       -64.630833,
       54.115833
      ],
      [
       -64.636111,
       54.186111
      ],
      [
       -64.471667,
       54.155556
      ],
      [
       -64.504444,
       54.214722
      ],
      [
       -64.306667,
       54.140278
      ],
      [
       -64.161667,
       54.1675
      ],
      [
       -64.315556,
       54.298056
      ],
      [
       -64.506111,
       54.244167
      ],
      [
       -64.339444,
       54.623056
      ],
      [
       -64.433333,
       54.774722
      ],
      [
       -64.2475,
       54.635278
      ],
      [
       -64.371667,
       54.494444
      ],
      [
       -63.921111,
       54.245278
      ],
      [
       -63.784167,
       54.074722
      ],
      [
       -63.560278,
       54.046667
      ],
      [
       -63.745278,
       54.115
      ],
      [
       -63.337778,
       54.075833
      ],
      [
       -63.243056,
       54.119444
      ],
      [
       -63.402222,
       54.150278
      ],
      [
       -63.1725,
       54.138333
      ],
      [
       -63.067778,
       54.116944
      ],
      [
       -63.264167,
       54.073889
      ],
      [
       -63.0675,
       53.994722
      ],
      [
       -63.248333,
       53.950556
      ],
      [
       -63.529167,
       54.005
      ],
      [
       -63.201389,
       54.0375
      ],
      [
       -63.673889,
       54.030833
      ],
      [
       -63.355556,
       53.912778
      ],
      [
       -64.095,
       53.8375
      ],
      [
       -64.151111,
       54.023611
      ],
      [
       -64.683611,
       54.110278
      ],
      [
       -64.588889,
       54.025
      ],
      [
       -64.738889,
       53.914167
      ],
      [
       -65.121667,
       53.883333
      ],
      [
       -65.044722,
       53.779167
      ],
      [
       -65.273056,
       53.837778
      ],
      [
       -65.2225,
       53.787222
      ],
      [
       -65.335,
       53.748889
      ],
      [
       -65.157778,
       53.687222
      ],
      [
       -65.187853,
       53.650943
      ],
      [
       -65.327861,
       53.696773
      ],
      [
       -65.343179,
       53.702205
      ],
      [
       -65.418056,
       53.773056
      ],
      [
       -65.297778,
       53.778056
      ],
      [
       -65.311944,
       53.900556
      ],
      [
       -65.519444,
       53.94
      ],
      [
       -65.576944,
       53.993056
      ],
      [
       -65.46971,
       53.947514
      ],
      [
       -65.4325,
       53.969444
      ],
      [
       -65.676667,
       54.126111
      ],
      [
       -65.772222,
       54.088889
      ],
      [
       -66.118201,
       54.336755
      ],
      [
       -66.136695,
       54.428756
      ]
     ]
    ],
    "type": "Polygon"
   },
   "id": "lake-void-smallwood-reservoir-plate-101-1816",
   "properties": {
    "coordinateFrame": "WGS84-reference-coordinates",
    "correctionFeatureId": "lake-void-smallwood-reservoir-plate-101-1816",
    "emittedAreaSquareKilometres": 4510.961,
    "geometryReferenceAgeMa": 0,
    "lake": "Smallwood Reservoir",
    "lakeAreaSquareKilometres": 6993.583,
    "lifecycleNativeCoastChartIds": [
     "cao-coast:GPlates-286b09cf-a802-4da1-bc9e-b98161991338:402:1",
     "cao-coast:GPlates-286b09cf-a802-4da1-bc9e-b98161991338:402:2",
     "cao-coast:GPlates-311db460-3941-4481-8414-237d954364c9:437:8",
     "cao-coast:GPlates-311db460-3941-4481-8414-237d954364c9:437:9",
     "cao-coast:GPlates-e8eb839b-a271-4dfb-b2e6-f7b67f820df8:425:0"
    ],
    "naturalEarthIndex": 1352,
    "onset": {
     "ageMa": 0,
     "evidence": "present-only default",
     "sourceIds": [
      "natural-earth-lakes-10m"
     ]
    },
    "plateId": 101,
    "sourceClass": "cao-void-inside-continental-outline",
    "staticFeatureId": "GPlates-311db460-3941-4481-8414-237d954364c9",
    "staticSourceOrder": 1816,
    "surfaceClass": "land",
    "touchingNativeCoastChartIds": [
     "cao-coast:GPlates-286b09cf-a802-4da1-bc9e-b98161991338:402:1",
     "cao-coast:GPlates-286b09cf-a802-4da1-bc9e-b98161991338:402:2",
     "cao-coast:GPlates-311db460-3941-4481-8414-237d954364c9:437:8",
     "cao-coast:GPlates-311db460-3941-4481-8414-237d954364c9:437:9",
     "cao-coast:GPlates-e8eb839b-a271-4dfb-b2e6-f7b67f820df8:425:0"
    ],
    "validTimeMa": {
     "oldest": 1800.0,
     "youngest": 0.0,
     "youngestExclusive": true
    },
    "voidAreaSquareKilometres": 4663.616
   },
   "type": "Feature"
  },
  {
   "geometry": {
    "coordinates": [
     [
      [
       58.274476,
       44.58466
      ],
      [
       58.276458,
       44.584736
      ],
      [
       58.278437,
       44.584615
      ],
      [
       58.291689,
       44.583143
      ],
      [
       58.29382,
       44.582789
      ],
      [
       58.295924,
       44.582321
      ],
      [
       58.300725,
       44.603443
      ],
      [
       58.300263,
       44.60595
      ],
      [
       58.30528,
       44.61
      ],
      [
       58.209138,
       44.794874
      ],
      [
       58.201269,
       44.843516
      ],
      [
       58.201035,
       44.845751
      ],
      [
       58.201054,
       44.847998
      ],
      [
       58.202527,
       44.870821
      ],
      [
       58.202769,
       44.872891
      ],
      [
       58.203226,
       44.874925
      ],
      [
       58.208379,
       44.89333
      ],
      [
       58.209133,
       44.895526
      ],
      [
       58.210137,
       44.897619
      ],
      [
       58.216088,
       44.908376
      ],
      [
       58.216959,
       44.912413
      ],
      [
       58.217487,
       44.914374
      ],
      [
       58.218212,
       44.916271
      ],
      [
       58.219125,
       44.918085
      ],
      [
       58.220218,
       44.919796
      ],
      [
       58.246686,
       44.956964
      ],
      [
       58.247707,
       44.95828
      ],
      [
       58.248835,
       44.959505
      ],
      [
       58.262823,
       44.973493
      ],
      [
       58.266123,
       44.991641
      ],
      [
       58.266579,
       44.99359
      ],
      [
       58.267227,
       44.995483
      ],
      [
       58.268062,
       44.997302
      ],
      [
       58.280021,
       45.020265
      ],
      [
       58.279796,
       45.02837
      ],
      [
       58.279828,
       45.030188
      ],
      [
       58.280025,
       45.031995
      ],
      [
       58.280385,
       45.033776
      ],
      [
       58.285539,
       45.05439
      ],
      [
       58.286072,
       45.056167
      ],
      [
       58.286768,
       45.057888
      ],
      [
       58.28762,
       45.059536
      ],
      [
       58.288621,
       45.061098
      ],
      [
       58.292673,
       45.06682
      ],
      [
       58.293102,
       45.068338
      ],
      [
       58.29377,
       45.070067
      ],
      [
       58.294594,
       45.071727
      ],
      [
       58.295568,
       45.073303
      ],
      [
       58.296685,
       45.074782
      ],
      [
       58.297933,
       45.076152
      ],
      [
       58.312702,
       45.090921
      ],
      [
       58.313648,
       45.091808
      ],
      [
       58.3413,
       45.116087
      ],
      [
       58.353179,
       45.137017
      ],
      [
       58.358555,
       45.177339
      ],
      [
       58.358808,
       45.17881
      ],
      [
       58.359169,
       45.180257
      ],
      [
       58.367267,
       45.208234
      ],
      [
       58.367929,
       45.210151
      ],
      [
       58.368782,
       45.211992
      ],
      [
       58.369817,
       45.213737
      ],
      [
       58.371024,
       45.215368
      ],
      [
       58.38702,
       45.234842
      ],
      [
       58.389124,
       45.238348
      ],
      [
       58.38741,
       45.24892
      ],
      [
       58.387193,
       45.250846
      ],
      [
       58.387163,
       45.252785
      ],
      [
       58.387321,
       45.254718
      ],
      [
       58.389568,
       45.271873
      ],
      [
       58.409237,
       45.311079
      ],
      [
       58.440529,
       45.341777
      ],
      [
       58.452525,
       45.359608
      ],
      [
       58.453673,
       45.361149
      ],
      [
       58.454964,
       45.362573
      ],
      [
       58.456386,
       45.363867
      ],
      [
       58.457926,
       45.365018
      ],
      [
       58.459569,
       45.366016
      ],
      [
       58.475343,
       45.37459
      ],
      [
       58.475777,
       45.37502
      ],
      [
       58.477383,
       45.37645
      ],
      [
       58.479134,
       45.377699
      ],
      [
       58.481009,
       45.378753
      ],
      [
       58.482986,
       45.379599
      ],
      [
       58.488065,
       45.381458
      ],
      [
       58.509146,
       45.403497
      ],
      [
       58.510342,
       45.404648
      ],
      [
       58.511629,
       45.405696
      ],
      [
       58.512999,
       45.406633
      ],
      [
       58.521834,
       45.412155
      ],
      [
       58.522562,
       45.412589
      ],
      [
       58.528718,
       45.416083
      ],
      [
       58.528342,
       45.421351
      ],
      [
       58.528302,
       45.423425
      ],
      [
       58.528476,
       45.425492
      ],
      [
       58.528864,
       45.427529
      ],
      [
       58.529096,
       45.428301
      ],
      [
       58.529017,
       45.432107
      ],
      [
       58.529064,
       45.433954
      ],
      [
       58.529282,
       45.435788
      ],
      [
       58.529667,
       45.437594
      ],
      [
       58.53327,
       45.451328
      ],
      [
       58.532584,
       45.463445
      ],
      [
       58.53256,
       45.465154
      ],
      [
       58.532683,
       45.466858
      ],
      [
       58.53295,
       45.468546
      ],
      [
       58.534182,
       45.474628
      ],
      [
       58.534582,
       45.476252
      ],
      [
       58.535117,
       45.477836
      ],
      [
       58.538798,
       45.487407
      ],
      [
       58.539616,
       45.48925
      ],
      [
       58.540614,
       45.491001
      ],
      [
       58.541785,
       45.492643
      ],
      [
       58.54652,
       45.498624
      ],
      [
       58.550556,
       45.511236
      ],
      [
       58.551498,
       45.525364
      ],
      [
       58.551804,
       45.527757
      ],
      [
       58.552395,
       45.530095
      ],
      [
       58.554971,
       45.538194
      ],
      [
       58.555591,
       45.539878
      ],
      [
       58.55636,
       45.5415
      ],
      [
       58.557271,
       45.543047
      ],
      [
       58.558317,
       45.544506
      ],
      [
       58.55949,
       45.545865
      ],
      [
       58.565748,
       45.552491
      ],
      [
       58.567757,
       45.554346
      ],
      [
       58.576188,
       45.561123
      ],
      [
       58.577709,
       45.564718
      ],
      [
       58.581214,
       45.576585
      ],
      [
       58.581706,
       45.57804
      ],
      [
       58.584061,
       45.584221
      ],
      [
       58.584878,
       45.586077
      ],
      [
       58.585879,
       45.587841
      ],
      [
       58.587054,
       45.589495
      ],
      [
       58.588665,
       45.591535
      ],
      [
       58.589908,
       45.592964
      ],
      [
       58.59128,
       45.594269
      ],
      [
       58.592769,
       45.595438
      ],
      [
       58.594362,
       45.596461
      ],
      [
       58.596045,
       45.597329
      ],
      [
       58.605746,
       45.601764
      ],
      [
       58.607283,
       45.602391
      ],
      [
       58.608866,
       45.602888
      ],
      [
       58.610485,
       45.603252
      ],
      [
       58.618914,
       45.604785
      ],
      [
       58.618449,
       45.613858
      ],
      [
       58.618436,
       45.615606
      ],
      [
       58.618576,
       45.617348
      ],
      [
       58.618867,
       45.619072
      ],
      [
       58.618957,
       45.61942
      ],
      [
       58.619322,
       45.622705
      ],
      [
       58.61636,
       45.634752
      ],
      [
       58.616,
       45.636575
      ],
      [
       58.615811,
       45.638424
      ],
      [
       58.615795,
       45.640282
      ],
      [
       58.615952,
       45.642134
      ],
      [
       58.616279,
       45.643963
      ],
      [
       58.616775,
       45.645754
      ],
      [
       58.62101,
       45.658682
      ],
      [
       58.621126,
       45.659699
      ],
      [
       58.621429,
       45.661569
      ],
      [
       58.621908,
       45.663401
      ],
      [
       58.622558,
       45.665179
      ],
      [
       58.623374,
       45.666888
      ],
      [
       58.627192,
       45.674004
      ],
      [
       58.627192,
       45.686193
      ],
      [
       58.627272,
       45.687985
      ],
      [
       58.627513,
       45.689762
      ],
      [
       58.627912,
       45.69151
      ],
      [
       58.628466,
       45.693216
      ],
      [
       58.62957,
       45.69616
      ],
      [
       58.632848,
       45.7243
      ],
      [
       58.633195,
       45.726345
      ],
      [
       58.633752,
       45.728344
      ],
      [
       58.634513,
       45.730275
      ],
      [
       58.63547,
       45.732116
      ],
      [
       58.641141,
       45.741769
      ],
      [
       58.642116,
       45.743271
      ],
      [
       58.643222,
       45.74468
      ],
      [
       58.644449,
       45.745984
      ],
      [
       58.649025,
       45.750428
      ],
      [
       58.649207,
       45.763875
      ],
      [
       58.649348,
       45.765989
      ],
      [
       58.649711,
       45.768075
      ],
      [
       58.650293,
       45.770111
      ],
      [
       58.652944,
       45.777817
      ],
      [
       58.65315,
       45.778388
      ],
      [
       58.658303,
       45.792009
      ],
      [
       58.659374,
       45.794366
      ],
      [
       58.667841,
       45.810194
      ],
      [
       58.668483,
       45.811307
      ],
      [
       58.676871,
       45.82482
      ],
      [
       58.677204,
       45.825634
      ],
      [
       58.677985,
       45.827314
      ],
      [
       58.678918,
       45.828914
      ],
      [
       58.679994,
       45.830421
      ],
      [
       58.681206,
       45.831822
      ],
      [
       58.696359,
       45.847787
      ],
      [
       58.737971,
       45.870739
      ],
      [
       58.743842,
       45.871358
      ],
      [
       58.745734,
       45.871467
      ],
      [
       58.747627,
       45.871397
      ],
      [
       58.749505,
       45.871147
      ],
      [
       58.751352,
       45.870721
      ],
      [
       58.753149,
       45.870123
      ],
      [
       58.754882,
       45.869357
      ],
      [
       58.760036,
       45.86678
      ],
      [
       58.761993,
       45.865659
      ],
      [
       58.76234,
       45.865433
      ],
      [
       58.762941,
       45.865736
      ],
      [
       58.764924,
       45.866482
      ],
      [
       58.766976,
       45.867015
      ],
      [
       58.769072,
       45.867328
      ],
      [
       58.776802,
       45.868065
      ],
      [
       58.778676,
       45.868155
      ],
      [
       58.780551,
       45.868069
      ],
      [
       58.782409,
       45.867808
      ],
      [
       58.79645,
       45.865158
      ],
      [
       58.795746,
       45.866573
      ],
      [
       58.795088,
       45.868266
      ],
      [
       58.794586,
       45.870013
      ],
      [
       58.794245,
       45.871797
      ],
      [
       58.794067,
       45.873605
      ],
      [
       58.793698,
       45.880599
      ],
      [
       58.7937,
       45.882739
      ],
      [
       58.79393,
       45.884867
      ],
      [
       58.794386,
       45.886957
      ],
      [
       58.798436,
       45.901681
      ],
      [
       58.799139,
       45.903776
      ],
      [
       58.799576,
       45.904718
      ],
      [
       58.866098,
       45.941409
      ],
      [
       58.870728,
       45.941409
      ],
      [
       58.872454,
       45.941334
      ],
      [
       58.874167,
       45.941111
      ],
      [
       58.875854,
       45.940741
      ],
      [
       58.877503,
       45.940227
      ],
      [
       58.886705,
       45.936914
      ],
      [
       58.88881,
       45.936017
      ],
      [
       58.890798,
       45.934885
      ],
      [
       58.892645,
       45.933534
      ],
      [
       58.895047,
       45.931556
      ],
      [
       58.903191,
       45.931827
      ],
      [
       58.905309,
       45.931785
      ],
      [
       58.907411,
       45.93152
      ],
      [
       58.933915,
       45.926734
      ],
      [
       58.934993,
       45.926508
      ],
      [
       58.947437,
       45.923546
      ],
      [
       58.964222,
       45.924789
      ],
      [
       58.965961,
       45.924842
      ],
      [
       58.967699,
       45.924744
      ],
      [
       58.969421,
       45.924495
      ],
      [
       58.971115,
       45.924097
      ],
      [
       58.990397,
       45.918674
      ],
      [
       58.991393,
       45.91977
      ],
      [
       58.992811,
       45.921181
      ],
      [
       58.994363,
       45.922443
      ],
      [
       58.996034,
       45.923544
      ],
      [
       58.997805,
       45.924473
      ],
      [
       58.999661,
       45.92522
      ],
      [
       59.001582,
       45.925778
      ],
      [
       59.00355,
       45.926141
      ],
      [
       59.014594,
       45.927613
      ],
      [
       59.016334,
       45.927768
      ],
      [
       59.018081,
       45.92777
      ],
      [
       59.019822,
       45.92762
      ],
      [
       59.028288,
       45.926516
      ],
      [
       59.030175,
       45.926177
      ],
      [
       59.032021,
       45.92566
      ],
      [
       59.033809,
       45.924967
      ],
      [
       59.035522,
       45.924107
      ],
      [
       59.037145,
       45.923087
      ],
      [
       59.045179,
       45.917482
      ],
      [
       59.045304,
       45.918807
      ],
      [
       59.045714,
       45.920843
      ],
      [
       59.049763,
       45.936672
      ],
      [
       59.050287,
       45.938395
      ],
      [
       59.050965,
       45.940064
      ],
      [
       59.05179,
       45.941666
      ],
      [
       59.052755,
       45.943186
      ],
      [
       59.053853,
       45.944614
      ],
      [
       59.063792,
       45.956393
      ],
      [
       59.065017,
       45.957718
      ],
      [
       59.066355,
       45.958927
      ],
      [
       59.067798,
       45.96001
      ],
      [
       59.069332,
       45.960959
      ],
      [
       59.070945,
       45.961767
      ],
      [
       59.072624,
       45.962425
      ],
      [
       59.088821,
       45.967947
      ],
      [
       59.090975,
       45.968549
      ],
      [
       59.093182,
       45.968907
      ],
      [
       59.114164,
       45.971115
      ],
      [
       59.116549,
       45.971223
      ],
      [
       59.118929,
       45.971046
      ],
      [
       59.151691,
       45.966629
      ],
      [
       59.154395,
       45.966072
      ],
      [
       59.170224,
       45.961655
      ],
      [
       59.172219,
       45.960983
      ],
      [
       59.174132,
       45.960105
      ],
      [
       59.175447,
       45.959326
      ],
      [
       59.179821,
       45.966462
      ],
      [
       59.180934,
       45.968092
      ],
      [
       59.181471,
       45.968732
      ],
      [
       59.31345,
       46.019351
      ],
      [
       59.314066,
       46.018979
      ],
      [
       59.315652,
       46.017792
      ],
      [
       59.317112,
       46.016453
      ],
      [
       59.318434,
       46.014977
      ],
      [
       59.324692,
       46.007247
      ],
      [
       59.325462,
       46.006232
      ],
      [
       59.326108,
       46.005321
      ],
      [
       59.327236,
       46.003536
      ],
      [
       59.328171,
       46.001643
      ],
      [
       59.3289,
       45.999661
      ],
      [
       59.329417,
       45.997614
      ],
      [
       59.329714,
       45.995523
      ],
      [
       59.32979,
       45.993413
      ],
      [
       59.329512,
       45.977022
      ],
      [
       59.329388,
       45.97511
      ],
      [
       59.329081,
       45.973219
      ],
      [
       59.328595,
       45.971366
      ],
      [
       59.327934,
       45.969568
      ],
      [
       59.319836,
       45.950427
      ],
      [
       59.319178,
       45.949025
      ],
      [
       59.318413,
       45.947678
      ],
      [
       59.300375,
       45.918597
      ],
      [
       59.299383,
       45.917144
      ],
      [
       59.298267,
       45.915784
      ],
      [
       59.297035,
       45.914527
      ],
      [
       59.257648,
       45.877716
      ],
      [
       59.256129,
       45.876432
      ],
      [
       59.25449,
       45.875305
      ],
      [
       59.252747,
       45.874346
      ],
      [
       59.233499,
       45.864975
      ],
      [
       59.231667,
       45.864194
      ],
      [
       59.229768,
       45.863598
      ],
      [
       59.227818,
       45.863195
      ],
      [
       59.175652,
       45.855081
      ],
      [
       59.173779,
       45.854879
      ],
      [
       59.171896,
       45.854855
      ],
      [
       59.170019,
       45.855007
      ],
      [
       59.147769,
       45.857878
      ],
      [
       59.146009,
       45.858186
      ],
      [
       59.144285,
       45.858649
      ],
      [
       59.142608,
       45.859264
      ],
      [
       59.112807,
       45.871734
      ],
      [
       59.110587,
       45.870069
      ],
      [
       59.108962,
       45.868971
      ],
      [
       59.107237,
       45.868037
      ],
      [
       59.105429,
       45.867276
      ],
      [
       59.103555,
       45.866697
      ],
      [
       59.092577,
       45.863882
      ],
      [
       59.089113,
       45.861531
      ],
      [
       59.087574,
       45.860585
      ],
      [
       59.085955,
       45.859783
      ],
      [
       59.084272,
       45.859129
      ],
      [
       59.082536,
       45.85863
      ],
      [
       59.080762,
       45.858289
      ],
      [
       59.078964,
       45.85811
      ],
      [
       59.077297,
       45.85802
      ],
      [
       59.075984,
       45.857423
      ],
      [
       59.074221,
       45.85672
      ],
      [
       59.072399,
       45.856188
      ],
      [
       59.070535,
       45.855831
      ],
      [
       59.068646,
       45.855652
      ],
      [
       59.066748,
       45.855653
      ],
      [
       59.064859,
       45.855834
      ],
      [
       59.062995,
       45.856193
      ],
      [
       59.056149,
       45.857853
      ],
      [
       59.055888,
       45.85788
      ],
      [
       59.047276,
       45.850664
      ],
      [
       59.043553,
       45.843963
      ],
      [
       59.042576,
       45.842382
      ],
      [
       59.035721,
       45.832363
      ],
      [
       59.034374,
       45.830611
      ],
      [
       59.032842,
       45.829018
      ],
      [
       59.027271,
       45.823832
      ],
      [
       59.025104,
       45.82208
      ],
      [
       58.998116,
       45.803212
      ],
      [
       58.996556,
       45.802225
      ],
      [
       58.994912,
       45.801387
      ],
      [
       58.993198,
       45.800703
      ],
      [
       58.966684,
       45.791525
      ],
      [
       58.938781,
       45.77818
      ],
      [
       58.936877,
       45.777388
      ],
      [
       58.934902,
       45.776795
      ],
      [
       58.932877,
       45.77641
      ],
      [
       58.930823,
       45.776234
      ],
      [
       58.929505,
       45.776258
      ],
      [
       58.929482,
       45.774938
      ],
      [
       58.929353,
       45.772987
      ],
      [
       58.929035,
       45.771058
      ],
      [
       58.92853,
       45.769169
      ],
      [
       58.928229,
       45.768369
      ],
      [
       58.923072,
       45.737431
      ],
      [
       58.92164,
       45.688727
      ],
      [
       58.921493,
       45.686825
      ],
      [
       58.921166,
       45.684946
      ],
      [
       58.920661,
       45.683107
      ],
      [
       58.897102,
       45.610957
      ],
      [
       58.89659,
       45.609567
      ],
      [
       58.887937,
       45.588499
      ],
      [
       58.887106,
       45.586726
      ],
      [
       58.886105,
       45.585043
      ],
      [
       58.884944,
       45.583467
      ],
      [
       58.883635,
       45.582011
      ],
      [
       58.88219,
       45.58069
      ],
      [
       58.880622,
       45.579517
      ],
      [
       58.878947,
       45.578503
      ],
      [
       58.877182,
       45.577657
      ],
      [
       58.815158,
       45.551607
      ],
      [
       58.813078,
       45.550866
      ],
      [
       58.810929,
       45.550358
      ],
      [
       58.776403,
       45.544193
      ],
      [
       58.768644,
       45.535658
      ],
      [
       58.753785,
       45.499186
      ],
      [
       58.752948,
       45.497392
      ],
      [
       58.751939,
       45.49569
      ],
      [
       58.750766,
       45.494096
      ],
      [
       58.749441,
       45.492625
      ],
      [
       58.747977,
       45.491293
      ],
      [
       58.722945,
       45.470679
      ],
      [
       58.721615,
       45.469674
      ],
      [
       58.687545,
       45.446087
      ],
      [
       58.680402,
       45.431801
      ],
      [
       58.657626,
       45.349238
      ],
      [
       58.649247,
       45.300361
      ],
      [
       58.649247,
       45.269091
      ],
      [
       58.658371,
       45.253124
      ],
      [
       58.680437,
       45.214875
      ],
      [
       58.681224,
       45.213366
      ],
      [
       58.68188,
       45.211795
      ],
      [
       58.702494,
       45.155843
      ],
      [
       58.703127,
       45.153791
      ],
      [
       58.703537,
       45.151683
      ],
      [
       58.703718,
       45.149543
      ],
      [
       58.703668,
       45.147396
      ],
      [
       58.702196,
       45.128254
      ],
      [
       58.701893,
       45.125998
      ],
      [
       58.701335,
       45.123792
      ],
      [
       58.700531,
       45.121664
      ],
      [
       58.688751,
       45.09516
      ],
      [
       58.68788,
       45.093432
      ],
      [
       58.686847,
       45.091796
      ],
      [
       58.68566,
       45.090267
      ],
      [
       58.659156,
       45.059346
      ],
      [
       58.657905,
       45.058015
      ],
      [
       58.656537,
       45.056803
      ],
      [
       58.655065,
       45.055721
      ],
      [
       58.590884,
       45.012933
      ],
      [
       58.600213,
       45.005758
      ],
      [
       58.601628,
       45.004561
      ],
      [
       58.602926,
       45.003238
      ],
      [
       58.604096,
       45.001801
      ],
      [
       58.605129,
       45.000262
      ],
      [
       58.606014,
       44.998634
      ],
      [
       58.606744,
       44.99693
      ],
      [
       58.607314,
       44.995167
      ],
      [
       58.611731,
       44.97897
      ],
      [
       58.612127,
       44.977208
      ],
      [
       58.612363,
       44.975418
      ],
      [
       58.612436,
       44.973614
      ],
      [
       58.612346,
       44.97181
      ],
      [
       58.612093,
       44.970022
      ],
      [
       58.607676,
       44.946463
      ],
      [
       58.607245,
       44.944638
      ],
      [
       58.606644,
       44.94286
      ],
      [
       58.605879,
       44.941147
      ],
      [
       58.604957,
       44.939513
      ],
      [
       58.603885,
       44.937973
      ],
      [
       58.602675,
       44.93654
      ],
      [
       58.587899,
       44.920627
      ],
      [
       58.587772,
       44.919643
      ],
      [
       58.593368,
       44.910551
      ],
      [
       58.620264,
       44.8939
      ],
      [
       58.621833,
       44.892822
      ],
      [
       58.623293,
       44.8916
      ],
      [
       58.624629,
       44.890245
      ],
      [
       58.625831,
       44.888769
      ],
      [
       58.626887,
       44.887185
      ],
      [
       58.640139,
       44.865098
      ],
      [
       58.641081,
       44.863333
      ],
      [
       58.641842,
       44.861482
      ],
      [
       58.642415,
       44.859565
      ],
      [
       58.642793,
       44.8576
      ],
      [
       58.642973,
       44.855608
      ],
      [
       58.644446,
       44.818797
      ],
      [
       58.64443,
       44.816868
      ],
      [
       58.644229,
       44.81495
      ],
      [
       58.643843,
       44.81306
      ],
      [
       58.643277,
       44.811216
      ],
      [
       58.642537,
       44.809435
      ],
      [
       58.629285,
       44.781459
      ],
      [
       58.628341,
       44.7797
      ],
      [
       58.627227,
       44.778043
      ],
      [
       58.625953,
       44.776506
      ],
      [
       58.609756,
       44.758837
      ],
      [
       58.608279,
       44.757385
      ],
      [
       58.60666,
       44.756093
      ],
      [
       58.604916,
       44.754976
      ],
      [
       58.603066,
       44.754045
      ],
      [
       58.60113,
       44.75331
      ],
      [
       58.599128,
       44.75278
      ],
      [
       58.598486,
       44.752679
      ],
      [
       58.598293,
       44.751611
      ],
      [
       58.597732,
       44.749661
      ],
      [
       58.564196,
       44.651968
      ],
      [
       58.543813,
       44.56461
      ],
      [
       58.54318,
       44.562453
      ],
      [
       58.542308,
       44.56038
      ],
      [
       58.541209,
       44.558417
      ],
      [
       58.49998,
       44.493629
      ],
      [
       58.498967,
       44.492182
      ],
      [
       58.497829,
       44.49083
      ],
      [
       58.496577,
       44.489583
      ],
      [
       58.430317,
       44.429213
      ],
      [
       58.428824,
       44.42798
      ],
      [
       58.427219,
       44.426896
      ],
      [
       58.425516,
       44.425973
      ],
      [
       58.423732,
       44.42522
      ],
      [
       58.37116,
       44.405943
      ],
      [
       58.369317,
       44.405366
      ],
      [
       58.367427,
       44.40497
      ],
      [
       58.365507,
       44.404758
      ],
      [
       58.345531,
       44.403525
      ],
      [
       58.344166,
       44.403487
      ],
      [
       58.304441,
       44.403751
      ],
      [
       58.302365,
       44.403873
      ],
      [
       58.275861,
       44.406818
      ],
      [
       58.274391,
       44.407037
      ],
      [
       58.272942,
       44.407365
      ],
      [
       58.254904,
       44.41215
      ],
      [
       58.252821,
       44.412826
      ],
      [
       58.250824,
       44.413727
      ],
      [
       58.248938,
       44.41484
      ],
      [
       58.233478,
       44.425147
      ],
      [
       58.231813,
       44.426387
      ],
      [
       58.230285,
       44.427792
      ],
      [
       58.228912,
       44.429348
      ],
      [
       58.227707,
       44.431038
      ],
      [
       58.226683,
       44.432844
      ],
      [
       58.217112,
       44.451986
      ],
      [
       58.216254,
       44.453963
      ],
      [
       58.215613,
       44.456022
      ],
      [
       58.215197,
       44.458137
      ],
      [
       58.215011,
       44.460285
      ],
      [
       58.213538,
       44.505931
      ],
      [
       58.213582,
       44.508048
      ],
      [
       58.21385,
       44.510149
      ],
      [
       58.217098,
       44.528036
      ],
      [
       58.217538,
       44.52993
      ],
      [
       58.218159,
       44.531771
      ],
      [
       58.218957,
       44.533544
      ],
      [
       58.219922,
       44.535231
      ],
      [
       58.22767,
       44.547357
      ],
      [
       58.273763,
       44.584562
      ],
      [
       58.274476,
       44.58466
      ]
     ]
    ],
    "type": "Polygon"
   },
   "id": "lake-void-south-aral-sea-plate-302-2408",
   "properties": {
    "coordinateFrame": "WGS84-reference-coordinates",
    "correctionFeatureId": "lake-void-south-aral-sea-plate-302-2408",
    "emittedAreaSquareKilometres": 4197.834,
    "geometryReferenceAgeMa": 0,
    "lake": "South Aral Sea",
    "lakeAreaSquareKilometres": 3391.824,
    "lifecycleNativeCoastChartIds": [
     "cao-coast:GPlates-b7b97dbb-0a3b-4001-a6a8-200b5347dabc:58:4"
    ],
    "naturalEarthIndex": 1346,
    "onset": {
     "ageMa": 2.6,
     "evidence": "observed/proxy-constrained",
     "sourceIds": [
      "boomer-aral-2000"
     ],
     "uncertaintyMa": 0.6
    },
    "plateId": 302,
    "sourceClass": "cao-void-inside-continental-outline",
    "staticFeatureId": "GPlates-e3821237-72f5-42a3-8f7c-33a220b0dc37",
    "staticSourceOrder": 2408,
    "surfaceClass": "land",
    "touchingNativeCoastChartIds": [
     "cao-coast:GPlates-b7b97dbb-0a3b-4001-a6a8-200b5347dabc:58:4"
    ],
    "validTimeMa": {
     "oldest": 1000.0,
     "youngest": 2.6,
     "youngestExclusive": true
    },
    "voidAreaSquareKilometres": 3391.174
   },
   "type": "Feature"
  },
  {
   "geometry": {
    "coordinates": [
     [
      [
       -84.348571,
       46.489694
      ],
      [
       -84.362488,
       46.493928
      ],
      [
       -84.382357,
       46.495625
      ],
      [
       -84.398932,
       46.493174
      ],
      [
       -84.410696,
       46.486928
      ],
      [
       -84.434874,
       46.461391
      ],
      [
       -84.507953,
       46.437425
      ],
      [
       -84.508517,
       46.438575
      ],
      [
       -84.509216,
       46.440456
      ],
      [
       -84.509722,
       46.442397
      ],
      [
       -84.510032,
       46.44438
      ],
      [
       -84.510324,
       46.447162
      ],
      [
       -84.513713,
       46.478343
      ],
      [
       -84.513829,
       46.480267
      ],
      [
       -84.513759,
       46.482193
      ],
      [
       -84.513658,
       46.482947
      ],
      [
       -84.185316,
       46.549997
      ],
      [
       -84.169362,
       46.515354
      ],
      [
       -84.183441,
       46.516718
      ],
      [
       -84.185198,
       46.516968
      ],
      [
       -84.186926,
       46.517372
      ],
      [
       -84.188611,
       46.517927
      ],
      [
       -84.190241,
       46.51863
      ],
      [
       -84.191801,
       46.519475
      ],
      [
       -84.198844,
       46.5237
      ],
      [
       -84.237892,
       46.498573
      ],
      [
       -84.246681,
       46.491249
      ],
      [
       -84.245105,
       46.49089
      ],
      [
       -84.243093,
       46.490319
      ],
      [
       -84.241152,
       46.489541
      ],
      [
       -84.239303,
       46.488564
      ],
      [
       -84.237566,
       46.4874
      ],
      [
       -84.23596,
       46.486061
      ],
      [
       -84.234502,
       46.484561
      ],
      [
       -84.225103,
       46.473819
      ],
      [
       -84.223933,
       46.472348
      ],
      [
       -84.222907,
       46.470773
      ],
      [
       -84.222032,
       46.469109
      ],
      [
       -84.221318,
       46.46737
      ],
      [
       -84.22077,
       46.465572
      ],
      [
       -84.220394,
       46.46373
      ],
      [
       -84.218498,
       46.45157
      ],
      [
       -84.207437,
       46.416121
      ],
      [
       -84.204306,
       46.410126
      ],
      [
       -84.193485,
       46.402722
      ],
      [
       -84.185995,
       46.399163
      ],
      [
       -84.187514,
       46.40107
      ],
      [
       -84.188985,
       46.403183
      ],
      [
       -84.194844,
       46.412876
      ],
      [
       -84.195855,
       46.414772
      ],
      [
       -84.196657,
       46.416766
      ],
      [
       -84.197241,
       46.418834
      ],
      [
       -84.197599,
       46.420953
      ],
      [
       -84.19882,
       46.431646
      ],
      [
       -84.198948,
       46.434157
      ],
      [
       -84.198704,
       46.454348
      ],
      [
       -84.198559,
       46.456519
      ],
      [
       -84.198179,
       46.458661
      ],
      [
       -84.197569,
       46.46075
      ],
      [
       -84.196736,
       46.46276
      ],
      [
       -84.191487,
       46.473697
      ],
      [
       -84.190711,
       46.475155
      ],
      [
       -84.189818,
       46.476545
      ],
      [
       -84.16666,
       46.509487
      ],
      [
       -84.081653,
       46.324895
      ],
      [
       -84.082807,
       46.324808
      ],
      [
       -84.084732,
       46.324849
      ],
      [
       -84.118583,
       46.327205
      ],
      [
       -84.12058,
       46.327446
      ],
      [
       -84.122543,
       46.327886
      ],
      [
       -84.124452,
       46.32852
      ],
      [
       -84.126287,
       46.329344
      ],
      [
       -84.128031,
       46.330347
      ],
      [
       -84.129665,
       46.331521
      ],
      [
       -84.131172,
       46.332853
      ],
      [
       -84.132539,
       46.33433
      ],
      [
       -84.13375,
       46.335936
      ],
      [
       -84.134793,
       46.337656
      ],
      [
       -84.135659,
       46.339472
      ],
      [
       -84.136035,
       46.340523
      ],
      [
       -84.140126,
       46.343194
      ],
      [
       -84.141847,
       46.344453
      ],
      [
       -84.143423,
       46.345887
      ],
      [
       -84.144838,
       46.347482
      ],
      [
       -84.154197,
       46.359234
      ],
      [
       -84.158486,
       46.345783
      ],
      [
       -84.159153,
       46.343993
      ],
      [
       -84.159987,
       46.342275
      ],
      [
       -84.160981,
       46.340645
      ],
      [
       -84.162126,
       46.339116
      ],
      [
       -84.163412,
       46.337704
      ],
      [
       -84.164826,
       46.336421
      ],
      [
       -84.166356,
       46.335279
      ],
      [
       -84.167989,
       46.334288
      ],
      [
       -84.169708,
       46.333457
      ],
      [
       -84.171499,
       46.332794
      ],
      [
       -84.173345,
       46.332304
      ],
      [
       -84.175229,
       46.331993
      ],
      [
       -84.177134,
       46.331863
      ],
      [
       -84.179043,
       46.331915
      ],
      [
       -84.225742,
       46.335433
      ],
      [
       -84.32306,
       46.49806
      ],
      [
       -84.348571,
       46.489694
      ]
     ]
    ],
    "type": "Polygon"
   },
   "id": "lake-void-st-marys-river-plate-101-1756",
   "properties": {
    "coordinateFrame": "WGS84-reference-coordinates",
    "correctionFeatureId": "lake-void-st-marys-river-plate-101-1756",
    "emittedAreaSquareKilometres": 277.587,
    "geometryReferenceAgeMa": 0,
    "lake": "St. Marys River",
    "lakeAreaSquareKilometres": 201.909,
    "lifecycleNativeCoastChartIds": [
     "cao-coast:GPlates-57229062-955f-47b5-9f50-d0fd15818b43:440:0",
     "cao-coast:GPlates-ca40378a-df29-4898-b48f-5a4435ead955:428:4",
     "cao-coast:GPlates-ca40378a-df29-4898-b48f-5a4435ead955:428:5"
    ],
    "naturalEarthIndex": 1344,
    "onset": {
     "ageMa": 0,
     "evidence": "present-only default",
     "sourceIds": [
      "natural-earth-lakes-10m"
     ]
    },
    "plateId": 101,
    "sourceClass": "cao-void-inside-continental-outline",
    "staticFeatureId": "GPlates-ca40378a-df29-4898-b48f-5a4435ead955",
    "staticSourceOrder": 1756,
    "surfaceClass": "land",
    "touchingNativeCoastChartIds": [
     "cao-coast:GPlates-57229062-955f-47b5-9f50-d0fd15818b43:440:0",
     "cao-coast:GPlates-ca40378a-df29-4898-b48f-5a4435ead955:428:4",
     "cao-coast:GPlates-ca40378a-df29-4898-b48f-5a4435ead955:428:5"
    ],
    "validTimeMa": {
     "oldest": 1800.0,
     "youngest": 0.0,
     "youngestExclusive": true
    },
    "voidAreaSquareKilometres": 175.419
   },
   "type": "Feature"
  },
  {
   "geometry": {
    "coordinates": [
     [
      [
       -84.185316,
       46.549997
      ],
      [
       -84.17306,
       46.5525
      ],
      [
       -84.075,
       46.50361
      ],
      [
       -84.067856,
       46.453451
      ],
      [
       -84.067979,
       46.452739
      ],
      [
       -84.068356,
       46.451012
      ],
      [
       -84.068883,
       46.449324
      ],
      [
       -84.069558,
       46.44769
      ],
      [
       -84.070375,
       46.446121
      ],
      [
       -84.076384,
       46.435729
      ],
      [
       -84.07619,
       46.426908
      ],
      [
       -84.076261,
       46.424725
      ],
      [
       -84.07657,
       46.422563
      ],
      [
       -84.077113,
       46.420447
      ],
      [
       -84.077883,
       46.418403
      ],
      [
       -84.081057,
       46.411201
      ],
      [
       -84.081926,
       46.409464
      ],
      [
       -84.08296,
       46.407818
      ],
      [
       -84.084148,
       46.406281
      ],
      [
       -84.08548,
       46.404867
      ],
      [
       -84.086943,
       46.403588
      ],
      [
       -84.088523,
       46.402457
      ],
      [
       -84.09553,
       46.39794
      ],
      [
       -84.096172,
       46.397567
      ],
      [
       -84.094686,
       46.380822
      ],
      [
       -84.070343,
       46.359999
      ],
      [
       -84.068942,
       46.358679
      ],
      [
       -84.067674,
       46.35723
      ],
      [
       -84.066552,
       46.355666
      ],
      [
       -84.065585,
       46.354002
      ],
      [
       -84.064783,
       46.352252
      ],
      [
       -84.064152,
       46.350433
      ],
      [
       -84.0637,
       46.348562
      ],
      [
       -84.063429,
       46.346656
      ],
      [
       -84.063343,
       46.344733
      ],
      [
       -84.063442,
       46.342811
      ],
      [
       -84.063726,
       46.340907
      ],
      [
       -84.064191,
       46.339039
      ],
      [
       -84.064834,
       46.337224
      ],
      [
       -84.065648,
       46.33548
      ],
      [
       -84.066626,
       46.333822
      ],
      [
       -84.067759,
       46.332265
      ],
      [
       -84.069036,
       46.330825
      ],
      [
       -84.070446,
       46.329515
      ],
      [
       -84.071976,
       46.328346
      ],
      [
       -84.07361,
       46.327329
      ],
      [
       -84.075335,
       46.326474
      ],
      [
       -84.077134,
       46.325789
      ],
      [
       -84.078991,
       46.32528
      ],
      [
       -84.080887,
       46.324952
      ],
      [
       -84.081653,
       46.324895
      ],
      [
       -84.16666,
       46.509487
      ],
      [
       -84.163817,
       46.513532
      ],
      [
       -84.162843,
       46.514722
      ],
      [
       -84.169362,
       46.515354
      ],
      [
       -84.185316,
       46.549997
      ]
     ]
    ],
    "type": "Polygon"
   },
   "id": "lake-void-st-marys-river-plate-101-1842",
   "properties": {
    "coordinateFrame": "WGS84-reference-coordinates",
    "correctionFeatureId": "lake-void-st-marys-river-plate-101-1842",
    "emittedAreaSquareKilometres": 92.113,
    "geometryReferenceAgeMa": 0,
    "lake": "St. Marys River",
    "lakeAreaSquareKilometres": 201.909,
    "lifecycleNativeCoastChartIds": [
     "cao-coast:GPlates-57229062-955f-47b5-9f50-d0fd15818b43:440:0",
     "cao-coast:GPlates-ca40378a-df29-4898-b48f-5a4435ead955:428:4"
    ],
    "naturalEarthIndex": 1344,
    "onset": {
     "ageMa": 0,
     "evidence": "present-only default",
     "sourceIds": [
      "natural-earth-lakes-10m"
     ]
    },
    "plateId": 101,
    "sourceClass": "cao-void-inside-continental-outline",
    "staticFeatureId": "GPlates-57229062-955f-47b5-9f50-d0fd15818b43",
    "staticSourceOrder": 1842,
    "surfaceClass": "land",
    "touchingNativeCoastChartIds": [
     "cao-coast:GPlates-57229062-955f-47b5-9f50-d0fd15818b43:440:0",
     "cao-coast:GPlates-ca40378a-df29-4898-b48f-5a4435ead955:428:4"
    ],
    "validTimeMa": {
     "oldest": 1800.0,
     "youngest": 0.0,
     "youngestExclusive": true
    },
    "voidAreaSquareKilometres": 175.419
   },
   "type": "Feature"
  },
  {
   "geometry": {
    "coordinates": [
     [
      [
       34.065144,
       48.897709
      ],
      [
       34.096828,
       48.885758
      ],
      [
       34.065,
       48.840833
      ],
      [
       34.583176,
       48.588277
      ],
      [
       34.589386,
       48.568141
      ],
      [
       34.58988,
       48.566196
      ],
      [
       34.590177,
       48.56421
      ],
      [
       34.590274,
       48.562205
      ],
      [
       34.590169,
       48.5602
      ],
      [
       34.589863,
       48.558216
      ],
      [
       34.589361,
       48.556272
      ],
      [
       34.588665,
       48.554389
      ],
      [
       34.587785,
       48.552584
      ],
      [
       34.586728,
       48.550877
      ],
      [
       34.585505,
       48.549285
      ],
      [
       34.584129,
       48.547823
      ],
      [
       34.582613,
       48.546507
      ],
      [
       34.566076,
       48.533543
      ],
      [
       34.475278,
       48.549167
      ],
      [
       34.453159,
       48.562678
      ],
      [
       34.454775,
       48.566749
      ],
      [
       34.449197,
       48.568887
      ],
      [
       34.446686,
       48.570055
      ],
      [
       34.431688,
       48.578338
      ],
      [
       34.427669,
       48.578247
      ],
      [
       34.347549,
       48.627187
      ],
      [
       34.349336,
       48.636457
      ],
      [
       34.349184,
       48.637064
      ],
      [
       34.328695,
       48.638703
      ],
      [
       34.276171,
       48.670786
      ],
      [
       34.27487,
       48.679673
      ],
      [
       34.27114,
       48.682859
      ],
      [
       34.253193,
       48.684822
      ],
      [
       34.205421,
       48.714002
      ],
      [
       34.202311,
       48.717077
      ],
      [
       34.185713,
       48.729053
      ],
      [
       34.180919,
       48.728968
      ],
      [
       34.151944,
       48.746667
      ],
      [
       34.074584,
       48.751205
      ],
      [
       34.064309,
       48.753023
      ],
      [
       34.062501,
       48.75343
      ],
      [
       34.060738,
       48.754003
      ],
      [
       34.059036,
       48.754737
      ],
      [
       34.036075,
       48.765923
      ],
      [
       34.035407,
       48.766264
      ],
      [
       34.018334,
       48.775389
      ],
      [
       34.01788,
       48.775639
      ],
      [
       34.014759,
       48.777413
      ],
      [
       34.005776,
       48.772359
      ],
      [
       34.0042,
       48.771562
      ],
      [
       34.00256,
       48.770907
      ],
      [
       34.000868,
       48.770399
      ],
      [
       33.999139,
       48.770043
      ],
      [
       33.975295,
       48.766217
      ],
      [
       33.973321,
       48.766
      ],
      [
       33.971335,
       48.76598
      ],
      [
       33.969357,
       48.766157
      ],
      [
       33.967406,
       48.766529
      ],
      [
       33.965502,
       48.767093
      ],
      [
       33.963663,
       48.767843
      ],
      [
       33.961907,
       48.768772
      ],
      [
       33.960253,
       48.76987
      ],
      [
       33.958715,
       48.771127
      ],
      [
       33.95731,
       48.77253
      ],
      [
       33.95605,
       48.774065
      ],
      [
       33.95495,
       48.775718
      ],
      [
       33.944942,
       48.792496
      ],
      [
       33.944828,
       48.79269
      ],
      [
       33.932319,
       48.814206
      ],
      [
       33.91475,
       48.826527
      ],
      [
       33.881666,
       48.841659
      ],
      [
       33.851349,
       48.844031
      ],
      [
       33.849458,
       48.84427
      ],
      [
       33.8476,
       48.844688
      ],
      [
       33.845789,
       48.84528
      ],
      [
       33.844043,
       48.846043
      ],
      [
       33.842377,
       48.846968
      ],
      [
       33.840807,
       48.848047
      ],
      [
       33.839347,
       48.849271
      ],
      [
       33.83801,
       48.850628
      ],
      [
       33.836808,
       48.852106
      ],
      [
       33.832075,
       48.858529
      ],
      [
       33.802605,
       48.869641
      ],
      [
       33.774105,
       48.877336
      ],
      [
       33.772505,
       48.877841
      ],
      [
       33.770953,
       48.878479
      ],
      [
       33.749873,
       48.888186
      ],
      [
       33.736792,
       48.892082
      ],
      [
       33.709167,
       48.909167
      ],
      [
       33.687203,
       48.887494
      ],
      [
       33.681009,
       48.896891
      ],
      [
       33.658027,
       48.911909
      ],
      [
       33.627132,
       48.91793
      ],
      [
       33.625536,
       48.91831
      ],
      [
       33.623977,
       48.918819
      ],
      [
       33.622465,
       48.919454
      ],
      [
       33.589202,
       48.935055
      ],
      [
       33.587405,
       48.936012
      ],
      [
       33.557969,
       48.953674
      ],
      [
       33.555987,
       48.955031
      ],
      [
       33.554183,
       48.956616
      ],
      [
       33.522391,
       48.988113
      ],
      [
       33.521075,
       48.98955
      ],
      [
       33.519906,
       48.991109
      ],
      [
       33.518893,
       48.992773
      ],
      [
       33.518047,
       48.994529
      ],
      [
       33.517377,
       48.996358
      ],
      [
       33.516887,
       48.998244
      ],
      [
       33.516583,
       49.000169
      ],
      [
       33.516468,
       49.002114
      ],
      [
       33.516509,
       49.003172
      ],
      [
       33.993889,
       48.873056
      ],
      [
       34.065144,
       48.897709
      ]
     ]
    ],
    "type": "Polygon"
   },
   "id": "lake-void-unnamed-1051-plate-302-2391",
   "properties": {
    "coordinateFrame": "WGS84-reference-coordinates",
    "correctionFeatureId": "lake-void-unnamed-1051-plate-302-2391",
    "emittedAreaSquareKilometres": 612.531,
    "geometryReferenceAgeMa": 0,
    "lake": "unnamed-1051",
    "lakeAreaSquareKilometres": 610.8,
    "lifecycleNativeCoastChartIds": [
     "cao-coast:GPlates-504847b5-8cf1-4d28-856c-42232e7b9374:1933:0",
     "cao-coast:GPlates-504847b5-8cf1-4d28-856c-42232e7b9374:1933:2",
     "cao-coast:GPlates-b7b97dbb-0a3b-4001-a6a8-200b5347dabc:1932:0",
     "cao-coast:GPlates-b7b97dbb-0a3b-4001-a6a8-200b5347dabc:1932:2",
     "cao-coast:GPlates-b7b97dbb-0a3b-4001-a6a8-200b5347dabc:58:4"
    ],
    "naturalEarthIndex": 1051,
    "onset": {
     "ageMa": 0,
     "evidence": "present-only default",
     "sourceIds": [
      "natural-earth-lakes-10m"
     ]
    },
    "plateId": 302,
    "sourceClass": "cao-void-inside-continental-outline",
    "staticFeatureId": "GPlates-9cc915ca-26f0-46c9-9a52-60baf4ee773f",
    "staticSourceOrder": 2391,
    "surfaceClass": "land",
    "touchingNativeCoastChartIds": [
     "cao-coast:GPlates-504847b5-8cf1-4d28-856c-42232e7b9374:1933:0",
     "cao-coast:GPlates-504847b5-8cf1-4d28-856c-42232e7b9374:1933:2",
     "cao-coast:GPlates-b7b97dbb-0a3b-4001-a6a8-200b5347dabc:1932:0",
     "cao-coast:GPlates-b7b97dbb-0a3b-4001-a6a8-200b5347dabc:1932:2",
     "cao-coast:GPlates-b7b97dbb-0a3b-4001-a6a8-200b5347dabc:58:4"
    ],
    "validTimeMa": {
     "oldest": 1000.0,
     "youngest": 0.0,
     "youngestExclusive": true
    },
    "voidAreaSquareKilometres": 430.959
   },
   "type": "Feature"
  },
  {
   "geometry": {
    "coordinates": [
     [
      [
       30.295104,
       46.205213
      ],
      [
       30.255312,
       46.216156
      ],
      [
       30.151667,
       46.282917
      ],
      [
       30.140806,
       46.382083
      ],
      [
       30.258013,
       46.392295
      ],
      [
       30.258135,
       46.392103
      ],
      [
       30.258997,
       46.390413
      ],
      [
       30.259694,
       46.388648
      ],
      [
       30.260221,
       46.386825
      ],
      [
       30.260574,
       46.384961
      ],
      [
       30.260747,
       46.383071
      ],
      [
       30.260741,
       46.381174
      ],
      [
       30.260556,
       46.379286
      ],
      [
       30.260192,
       46.377423
      ],
      [
       30.259653,
       46.375604
      ],
      [
       30.255462,
       46.363578
      ],
      [
       30.260044,
       46.353083
      ],
      [
       30.269908,
       46.3427
      ],
      [
       30.278333,
       46.29875
      ],
      [
       30.323333,
       46.373694
      ],
      [
       30.349593,
       46.324113
      ],
      [
       30.349656,
       46.323312
      ],
      [
       30.350068,
       46.309309
      ],
      [
       30.352329,
       46.3061
      ],
      [
       30.360979,
       46.302614
      ],
      [
       30.479705,
       46.078446
      ],
      [
       30.474495,
       46.074973
      ],
      [
       30.360801,
       46.148207
      ],
      [
       30.351135,
       46.162631
      ],
      [
       30.328718,
       46.185821
      ],
      [
       30.295104,
       46.205213
      ]
     ]
    ],
    "type": "Polygon"
   },
   "id": "lake-void-unnamed-641-plate-302-2391",
   "properties": {
    "coordinateFrame": "WGS84-reference-coordinates",
    "correctionFeatureId": "lake-void-unnamed-641-plate-302-2391",
    "emittedAreaSquareKilometres": 339.712,
    "geometryReferenceAgeMa": 0,
    "lake": "unnamed-641",
    "lakeAreaSquareKilometres": 343.312,
    "lifecycleNativeCoastChartIds": [
     "cao-coast:GPlates-504847b5-8cf1-4d28-856c-42232e7b9374:1933:0",
     "cao-coast:GPlates-b7b97dbb-0a3b-4001-a6a8-200b5347dabc:1932:0"
    ],
    "naturalEarthIndex": 641,
    "onset": {
     "ageMa": 0,
     "evidence": "present-only default",
     "sourceIds": [
      "natural-earth-lakes-10m"
     ]
    },
    "plateId": 302,
    "sourceClass": "cao-void-inside-continental-outline",
    "staticFeatureId": "GPlates-9cc915ca-26f0-46c9-9a52-60baf4ee773f",
    "staticSourceOrder": 2391,
    "surfaceClass": "land",
    "touchingNativeCoastChartIds": [
     "cao-coast:GPlates-504847b5-8cf1-4d28-856c-42232e7b9374:1933:0",
     "cao-coast:GPlates-b7b97dbb-0a3b-4001-a6a8-200b5347dabc:1932:0"
    ],
    "validTimeMa": {
     "oldest": 1000.0,
     "youngest": 0.0,
     "youngestExclusive": true
    },
    "voidAreaSquareKilometres": 276.34
   },
   "type": "Feature"
  },
  {
   "geometry": {
    "coordinates": [
     [
      [
       12.628611,
       58.475
      ],
      [
       12.3175,
       58.373611
      ],
      [
       12.633056,
       58.637222
      ],
      [
       12.410278,
       58.801944
      ],
      [
       12.510833,
       58.8025
      ],
      [
       12.433611,
       58.959167
      ],
      [
       12.586667,
       58.813333
      ],
      [
       12.696389,
       59.063889
      ],
      [
       12.876667,
       59.087222
      ],
      [
       13.254444,
       58.905556
      ],
      [
       13.071389,
       59.276111
      ],
      [
       13.169444,
       59.366944
      ],
      [
       13.266944,
       59.299722
      ],
      [
       13.279444,
       59.360833
      ],
      [
       13.666389,
       59.406944
      ],
      [
       13.744167,
       59.319444
      ],
      [
       14.0725,
       59.315833
      ],
      [
       14.0725,
       59.311667
      ],
      [
       13.924167,
       59.090556
      ],
      [
       14.037778,
       59.060833
      ],
      [
       14.068611,
       59.115833
      ],
      [
       14.115833,
       59.059444
      ],
      [
       13.825,
       58.717778
      ],
      [
       13.363333,
       58.622778
      ],
      [
       13.252778,
       58.5075
      ],
      [
       13.121944,
       58.519167
      ],
      [
       13.182778,
       58.609444
      ],
      [
       12.985278,
       58.609722
      ],
      [
       12.573611,
       58.3525
      ],
      [
       12.628611,
       58.475
      ]
     ]
    ],
    "type": "Polygon"
   },
   "id": "lake-void-v-nern-plate-30204-2401",
   "properties": {
    "coordinateFrame": "WGS84-reference-coordinates",
    "correctionFeatureId": "lake-void-v-nern-plate-30204-2401",
    "emittedAreaSquareKilometres": 5802.771,
    "geometryReferenceAgeMa": 0,
    "lake": "Vänern",
    "lakeAreaSquareKilometres": 5721.826,
    "lifecycleNativeCoastChartIds": [
     "cao-coast:GPlates-7289b0eb-4e3e-40ba-ae50-daa7a447125b:1919:0"
    ],
    "naturalEarthIndex": 480,
    "onset": {
     "ageMa": 0.0125,
     "evidence": "observed/proxy-constrained",
     "sourceIds": [
      "bjorck-baltic-1995"
     ],
     "uncertaintyMa": 0.001
    },
    "plateId": 30204,
    "sourceClass": "cao-void-inside-continental-outline",
    "staticFeatureId": "GPlates-445b8928-df12-4f93-b9c0-69dea915e5aa",
    "staticSourceOrder": 2401,
    "surfaceClass": "land",
    "touchingNativeCoastChartIds": [
     "cao-coast:GPlates-7289b0eb-4e3e-40ba-ae50-daa7a447125b:1919:0",
     "cao-coast:GPlates-b7b97dbb-0a3b-4001-a6a8-200b5347dabc:1918:0"
    ],
    "validTimeMa": {
     "oldest": 1080.0,
     "youngest": 0.0125,
     "youngestExclusive": true
    },
    "voidAreaSquareKilometres": 5390.005
   },
   "type": "Feature"
  },
  {
   "geometry": {
    "coordinates": [
     [
      [
       -84.65389,
       46.49444
      ],
      [
       -85.02444,
       46.49167
      ],
      [
       -84.95639,
       46.78528
      ],
      [
       -84.995217,
       46.778029
      ],
      [
       -84.995408,
       46.7786
      ],
      [
       -84.99585,
       46.780547
      ],
      [
       -84.996095,
       46.782529
      ],
      [
       -84.996142,
       46.784525
      ],
      [
       -84.995989,
       46.786515
      ],
      [
       -84.995639,
       46.788481
      ],
      [
       -84.995095,
       46.790401
      ],
      [
       -84.994361,
       46.792258
      ],
      [
       -84.993446,
       46.794033
      ],
      [
       -84.992359,
       46.795707
      ],
      [
       -84.991111,
       46.797265
      ],
      [
       -84.807376,
       47.00439
      ],
      [
       -84.807458,
       47.005545
      ],
      [
       -84.807396,
       47.007563
      ],
      [
       -84.807132,
       47.009564
      ],
      [
       -84.806667,
       47.011528
      ],
      [
       -84.806006,
       47.013435
      ],
      [
       -84.805157,
       47.015266
      ],
      [
       -84.804127,
       47.017002
      ],
      [
       -84.802927,
       47.018626
      ],
      [
       -84.80157,
       47.02012
      ],
      [
       -84.800069,
       47.02147
      ],
      [
       -84.79844,
       47.022662
      ],
      [
       -84.778717,
       47.035614
      ],
      [
       -84.777007,
       47.036619
      ],
      [
       -84.775205,
       47.03745
      ],
      [
       -84.773329,
       47.038099
      ],
      [
       -84.771399,
       47.038558
      ],
      [
       -84.769432,
       47.038824
      ],
      [
       -84.767449,
       47.038894
      ],
      [
       -84.765469,
       47.038767
      ],
      [
       -84.763511,
       47.038444
      ],
      [
       -84.761595,
       47.037929
      ],
      [
       -84.759739,
       47.037226
      ],
      [
       -84.757962,
       47.036343
      ],
      [
       -84.756281,
       47.035288
      ],
      [
       -84.754713,
       47.034072
      ],
      [
       -84.753273,
       47.032707
      ],
      [
       -84.751976,
       47.031205
      ],
      [
       -84.751348,
       47.030314
      ],
      [
       -84.78083,
       46.98611
      ],
      [
       -84.637524,
       46.951651
      ],
      [
       -84.636528,
       46.950206
      ],
      [
       -84.620016,
       46.934811
      ],
      [
       -84.615226,
       46.931873
      ],
      [
       -84.612189,
       46.94048
      ],
      [
       -84.611458,
       46.942272
      ],
      [
       -84.611149,
       46.942859
      ],
      [
       -84.578919,
       46.86438
      ],
      [
       -84.525432,
       46.830608
      ],
      [
       -84.54417,
       46.825
      ],
      [
       -84.54833,
       46.69944
      ],
      [
       -84.46583,
       46.75833
      ],
      [
       -84.42194,
       46.69611
      ],
      [
       -84.59028,
       46.56583
      ],
      [
       -84.51722,
       46.48222
      ],
      [
       -84.476539,
       46.490527
      ],
      [
       -84.476393,
       46.490294
      ],
      [
       -84.475522,
       46.488548
      ],
      [
       -84.474825,
       46.486725
      ],
      [
       -84.474309,
       46.484842
      ],
      [
       -84.473979,
       46.482919
      ],
      [
       -84.473129,
       46.47593
      ],
      [
       -84.473093,
       46.475605
      ],
      [
       -84.470547,
       46.451377
      ],
      [
       -84.470375,
       46.449748
      ],
      [
       -84.56194,
       46.41972
      ],
      [
       -84.65389,
       46.49444
      ]
     ]
    ],
    "type": "Polygon"
   },
   "id": "lake-void-whitefish-bay-plate-101-1756",
   "properties": {
    "coordinateFrame": "WGS84-reference-coordinates",
    "correctionFeatureId": "lake-void-whitefish-bay-plate-101-1756",
    "emittedAreaSquareKilometres": 1794.582,
    "geometryReferenceAgeMa": 0,
    "lake": "Whitefish Bay",
    "lakeAreaSquareKilometres": 1940.786,
    "lifecycleNativeCoastChartIds": [
     "cao-coast:GPlates-57229062-955f-47b5-9f50-d0fd15818b43:440:0",
     "cao-coast:GPlates-ca40378a-df29-4898-b48f-5a4435ead955:428:3",
     "cao-coast:GPlates-ca40378a-df29-4898-b48f-5a4435ead955:428:4",
     "cao-coast:GPlates-ca40378a-df29-4898-b48f-5a4435ead955:428:5"
    ],
    "naturalEarthIndex": 468,
    "onset": {
     "ageMa": 0.0118,
     "evidence": "observed/proxy-constrained",
     "sourceIds": [
      "larson-great-lakes-2001"
     ],
     "uncertaintyMa": 0.002
    },
    "plateId": 101,
    "sourceClass": "cao-void-inside-continental-outline",
    "staticFeatureId": "GPlates-ca40378a-df29-4898-b48f-5a4435ead955",
    "staticSourceOrder": 1756,
    "surfaceClass": "land",
    "touchingNativeCoastChartIds": [
     "cao-coast:GPlates-57229062-955f-47b5-9f50-d0fd15818b43:440:0",
     "cao-coast:GPlates-ca40378a-df29-4898-b48f-5a4435ead955:428:3",
     "cao-coast:GPlates-ca40378a-df29-4898-b48f-5a4435ead955:428:4",
     "cao-coast:GPlates-ca40378a-df29-4898-b48f-5a4435ead955:428:5"
    ],
    "validTimeMa": {
     "oldest": 1800.0,
     "youngest": 0.0118,
     "youngestExclusive": true
    },
    "voidAreaSquareKilometres": 1755.688
   },
   "type": "Feature"
  },
  {
   "geometry": {
    "coordinates": [
     [
      [
       -84.610557,
       46.943984
      ],
      [
       -84.609886,
       46.945005
      ],
      [
       -84.35111,
       46.88278
      ],
      [
       -84.525432,
       46.830608
      ],
      [
       -84.578919,
       46.86438
      ],
      [
       -84.611149,
       46.942859
      ],
      [
       -84.610557,
       46.943984
      ]
     ]
    ],
    "type": "Polygon"
   },
   "id": "lake-void-whitefish-bay-plate-101-1842",
   "properties": {
    "coordinateFrame": "WGS84-reference-coordinates",
    "correctionFeatureId": "lake-void-whitefish-bay-plate-101-1842",
    "emittedAreaSquareKilometres": 117.47,
    "geometryReferenceAgeMa": 0,
    "lake": "Whitefish Bay",
    "lakeAreaSquareKilometres": 1940.786,
    "lifecycleNativeCoastChartIds": [
     "cao-coast:GPlates-57229062-955f-47b5-9f50-d0fd15818b43:440:0",
     "cao-coast:GPlates-ca40378a-df29-4898-b48f-5a4435ead955:428:3",
     "cao-coast:GPlates-ca40378a-df29-4898-b48f-5a4435ead955:428:4"
    ],
    "naturalEarthIndex": 468,
    "onset": {
     "ageMa": 0.0118,
     "evidence": "observed/proxy-constrained",
     "sourceIds": [
      "larson-great-lakes-2001"
     ],
     "uncertaintyMa": 0.002
    },
    "plateId": 101,
    "sourceClass": "cao-void-inside-continental-outline",
    "staticFeatureId": "GPlates-57229062-955f-47b5-9f50-d0fd15818b43",
    "staticSourceOrder": 1842,
    "surfaceClass": "land",
    "touchingNativeCoastChartIds": [
     "cao-coast:GPlates-57229062-955f-47b5-9f50-d0fd15818b43:440:0",
     "cao-coast:GPlates-ca40378a-df29-4898-b48f-5a4435ead955:428:3",
     "cao-coast:GPlates-ca40378a-df29-4898-b48f-5a4435ead955:428:4"
    ],
    "validTimeMa": {
     "oldest": 1800.0,
     "youngest": 0.0118,
     "youngestExclusive": true
    },
    "voidAreaSquareKilometres": 1755.688
   },
   "type": "Feature"
  },
  {
   "geometry": {
    "coordinates": [
     [
      [
       19.488798,
       54.297914
      ],
      [
       19.477995,
       54.296156
      ],
      [
       19.468235,
       54.292607
      ],
      [
       19.446558,
       54.28076
      ],
      [
       19.423145,
       54.258436
      ],
      [
       19.421574,
       54.257086
      ],
      [
       19.419872,
       54.255907
      ],
      [
       19.414886,
       54.252819
      ],
      [
       19.411248,
       54.249788
      ],
      [
       19.403587,
       54.237913
      ],
      [
       19.373333,
       54.220361
      ],
      [
       19.402417,
       54.279083
      ],
      [
       19.256583,
       54.272833
      ],
      [
       19.2275,
       54.336583
      ],
      [
       19.594889,
       54.424528
      ],
      [
       19.712301,
       54.513942
      ],
      [
       19.730956,
       54.522249
      ],
      [
       19.781297,
       54.559508
      ],
      [
       19.782897,
       54.560577
      ],
      [
       19.784592,
       54.561487
      ],
      [
       19.786366,
       54.56223
      ],
      [
       19.788204,
       54.562799
      ],
      [
       19.790088,
       54.563189
      ],
      [
       19.792001,
       54.563396
      ],
      [
       19.793925,
       54.563419
      ],
      [
       19.795842,
       54.563256
      ],
      [
       19.797734,
       54.56291
      ],
      [
       19.799585,
       54.562384
      ],
      [
       19.801376,
       54.561682
      ],
      [
       19.803092,
       54.560811
      ],
      [
       19.804716,
       54.55978
      ],
      [
       19.806234,
       54.558597
      ],
      [
       19.807631,
       54.557274
      ],
      [
       19.808894,
       54.555823
      ],
      [
       19.810012,
       54.554257
      ],
      [
       19.847766,
       54.495609
      ],
      [
       19.537441,
       54.31557
      ],
      [
       19.492545,
       54.298904
      ],
      [
       19.490695,
       54.298318
      ],
      [
       19.488798,
       54.297914
      ]
     ]
    ],
    "type": "Polygon"
   },
   "id": "lake-void-zalew-wislany-plate-30202-2402",
   "properties": {
    "coordinateFrame": "WGS84-reference-coordinates",
    "correctionFeatureId": "lake-void-zalew-wislany-plate-30202-2402",
    "emittedAreaSquareKilometres": 393.649,
    "geometryReferenceAgeMa": 0,
    "lake": "Zalew Wislany",
    "lakeAreaSquareKilometres": 345.214,
    "lifecycleNativeCoastChartIds": [
     "cao-coast:GPlates-851e34ec-5160-4196-b1b0-e92426dbfe86:1921:1"
    ],
    "naturalEarthIndex": 1293,
    "onset": {
     "ageMa": 0,
     "evidence": "present-only default",
     "sourceIds": [
      "natural-earth-lakes-10m"
     ]
    },
    "plateId": 30202,
    "sourceClass": "cao-void-inside-continental-outline",
    "staticFeatureId": "GPlates-65bb6924-4b2d-499e-acbf-438ba2cdad20",
    "staticSourceOrder": 2402,
    "surfaceClass": "land",
    "touchingNativeCoastChartIds": [
     "cao-coast:GPlates-851e34ec-5160-4196-b1b0-e92426dbfe86:1921:1",
     "cao-coast:GPlates-b7b97dbb-0a3b-4001-a6a8-200b5347dabc:1920:1"
    ],
    "validTimeMa": {
     "oldest": 1800.0,
     "youngest": 0.0,
     "youngestExclusive": true
    },
    "voidAreaSquareKilometres": 304.077
   },
   "type": "Feature"
  }
 ],
 "name": "earthhistory-lake-void-infill-v1",
 "type": "FeatureCollection"
}
